22797|Whites Tree Frog|2|support@exotic-pets.co.uk|Exotic Pets|09|Peak Pets Ltd|01246568390|Bagthorpe Farm|Hollins, Old Brampton|Chesterfield|S42 7JH|Diana Haig|8 melvin place|Tarves|Ellon|AB417AP|07932805826|Account|||Order: 196795|1|2025-02-17 10:28:58~23795|PIGEONS|1|elimarbookings@gmail.com|ELIMAR|12|LESLIE COOKE |07854158649|4 ROCK CLOSE |ROCKFERRY|BIRKEHEAD|CH421LL|LIVIU COIDUM|13 WYRLEY RD |BIRMINGHAM|WEST MIDS|B67BS|07378375852|Account|ELIMAR PAID 
90217
LOT 5 GB25|admin||1|2025-03-05 19:09:56~23890|African grey |1|Shahzad.hussain255@hotmail.com||09|Shahzad Hussain |07877815407|318 Kingsacre Road |318 Kingsacre Road|318 Kingsacre Road glasgow Rutherglen |G732EP|Fiona McDonald |2 Pat Gordon place Portree Isle of Skye|2 pat gordon place Portree Isle of Skye |2 pat gordon place Portree Isle of Skye |IV519AB|07746689698|Delivery|Hi someone want this African grey so can you please collect this tomorrow anytime you want no problem by me please thanks|||1|2025-02-02 19:12:49~23919|Roul Roul Partrdige|3|aisling@landmarkpark.co.uk||11|Kate Heywood|01789299288|Stratford-Upon-Avon Butterfly Farm |Swan's Nest Lane|Stratford-Upon-Avon|CV37 7LS|Aisling Watt |Landmark Forest Adventure Park|Main Street|Carrbridge, Highlands|PH23 |07947251159|Delivery|Hi, 
Wondering if you can quote and estimate collection/delivery of 3 partridges from Stratford-Upon-Avon to Carrbridge, Scottish Highlands. 
Many Thanks, 
Aisling |||1|2025-03-02 11:42:43~24175|Canaries|15|Bumblewyck@aol.com||09|Mike palmer |07881803432|5 stockmans avenue||Holbeach |PE127QG |George dunne|164 shilling hill|Alness|Ross-shire|IV170TD|07843326312|Delivery||||1|2025-02-09 22:52:39~24191|Parrot|1|Sam_mcgillivray@hotmail.com||09|Sam Mcgillivray |07885561566|1 Warrand Road|Inverness|Highland |IV3 5SH|Ron Kay|Laburnum Cottage|Whitchurch road|Cheshire|CW6 9SX |07541508962|Delivery|Collection address shows up incorrect on GPS. It is first bungalow in row mid down Warrand road. Please call Sam around half an hour before arrival as have to leave work to hand over bird. Thank you. Appreciated |||1|2025-02-09 22:55:04~24203|Pigeons mixed|4|juliespad14@aol.com||09|David McIntosh|01304210206|144 Mayfield Avenue |Dover|Kent |CT16 2PH |ANDREW McKye|10 Greenbank Court|Buckie|Morayshire|AB56 1EZ|07799501149|Delivery|&pound;60 outlay
&pound;10 admin
&pound;75 delivery 
&pound;145 total |JulieB||1|2025-02-09 22:52:09~24295|pigeon|1|jimcameron2011@hotmail.co.uk||09|JUSTIN ROGERS|07918027298|BOSLIVEN FARM|St Buryan PENZANCE|CORNWALL|TR19 6BD|JIM CAMERON|70 JUNIPER ROAD|VIEWPARK UDDINGSTON|GLASGOW|G71 5BD|07811947561|Delivery||admin||1|2025-02-24 11:25:53~24331|CANARIES|2|highflyerscouriers@gmail.com|admin|08|MR H AYRE|07497591307|20 SITWELL VILLAS|MORTON|ALLFRETON|DE556GX|PAUL GODARD |17 DREENLAWNS|LITTLE CLACKTON|ESSEX|CO169RP|07881581611|Delivery|&pound;60.00 COD 

NOT BEFORE THE 12 TH|admin||1|2025-02-19 14:02:06~24358|PIGEON - READ MESSAGE BOX|1|highflyerscouriers@gmail.com|admin|08|.|07453171948|15 CATHERALL AVE|BUCKLEY|FLINTSHIRE|CH73DA -|LEVY ASOLTANEI|95 VISTA WAY|HARROW ||HA30SJ|07702845514|Delivery|GB21S19277 - ALREADY HAD THIS DELIVERED, BUT HE HAS PAID FOR ANOTHER ONE AND SENDER WON'T SEND IT UNTIL HE REQUESTS THE CORRECT RING NO AND DETAILS|admin||1|2025-02-12 12:29:37~24392|Chinchilla rodent|1|corrina-loves-bunnys@hotmail.com||08|Weronika Gina |07857963525|29 harby Avenue Sutton-in-Ashfield |||NG17 5JT|Corrina Avery|225 North prospect road Plymouth |||PL2 2NG |07817276266|Delivery|Hello have spoken via email and like to make a booking for next week collection so the 12th of February , collection address will just need a call 15 minutes beforehand incase at work so she can be home . Many thanks corrina |||1|2025-02-12 12:35:01~24422|finches|4|alan.lowe111@outlook.com||08|alan lowe|07778817636|32 wimpole road|great eversden|cambridge|CB23 1HR|Lynne Robson|93 sunny blunts|peterlee|co durham|SR8 1LW|07919367960|Delivery||||1|2025-02-13 06:01:52~24428|Pigeon |1|wallacea6@sky.com||08|Michael Chadwick|07711342275|78 Valley Road |Barlow|Dronfield Derbyshire|S18 7SN|Mr Alex Wallace |224 High Street |Newburgh Fife||KY14 6DZ|01337840314|Delivery||JulieB||1|2025-02-12 12:28:50~24438|Chickens|3|ingram.c@hotmail.co.uk||09|Mr Michael Roebuck|07817755551|Alma Farm|Cottage Mill Lane|Cayton Bay, Scarborough |YO11 3NW|Mr Craig Ingram|Wern|Llandegley|Llandrindod Wells, Powys|LD1 5UH|07775272891|Delivery||||1|2025-02-13 06:02:59~24439|Pigeon Tumblers|8|juliespad14@aol.com||08|Mr Holland|01598710744|7 Furze Park Road|Bratton Flemming|Barnstaple |EX31 4TA|Mr Gorton|5 Cumberland Ave|Burnley |Lancs|BB12 6AQ|07503484275|Delivery||JulieB||1|2025-02-13 06:01:23~24446|Pigeon|1|juliespad14@aol.com||08|Justin Rogers|07918027298|Bosliven Farm|St Buryan||TR19 6BD|Jason Foxcroft|39 Cuerdale Lane|Preston|Lancashire|PR5 4BP|07703438428|Delivery|GB22C81071|JulieB||1|2025-02-12 12:30:06~24499|Pigeon|1|abbiebrown4813@gmail.com||08|Kyle johnston|07518573868|44 Cloverdale Crescent|Lisburn|Lisburn and Castlereagh|BT27 4PS|Abbie brown |49 |Sturry road |Canterbury kent|CT1 1BU|07703524543|Pickup||||1|2025-02-10 17:56:17~24509|Chicken |2|paulm955915@mail.com|Pa|09|Reece|07445677023|45 ruthfelt ave|Derby ||DE216JR|Jane|Martins parkwhiddon .|Oakhampton|Devon |EX202QL|07506674785|Delivery|85cod |PaulM||1|2025-02-13 06:02:25~24514|Blue Quaker|1|atifmasood22@hotmail.com|Birds 4 U|09|Birds4U|07400944876|35 New town Shopping Center|Aston|Birmingham|B19 2SS|James Forbes Birnie|40 Holburn Rad|Aberdeen||AB10 6ET|07791344931|Pickup||||1|2025-02-10 17:56:44~24554|PIGEONS|1|elimarbookings@gmail.com|ELIMAR|08|Helen Smith|07518088834|19 Edinburgh Road|LAUDER|BERWICKSHIRE|TD26TW|CHRISTINE  BEALES|17 RUSSELL AVE |SOUTH SHIELDS|DURHAM|NE346PN|07936795917|Account|ELIMAR PAID
90512
SU233892|admin||1|2025-02-13 06:00:58~24598|PIGEON - ABERDEEN|1|elimarbookings@gmail.com|ELIMAR 90791 &amp; 90789|09|JOHN SHORT|07779800301|40 GLEN ROAD|CALDERCRUIX|AIRDRIE|ML67PZ|ALISTAIR REID|DRUMNAGORRACH CROFT|GRANGE HUNTLEY|ABERDEENSHIRE|AB547LA|07585964505|Account|ELIMAR 90791 &amp; 90789

24-4906 &amp; 24v99760|admin||1|2025-02-24 11:27:50~24609|Peacocks|1|info@peacocksuk.com|Peacocks UK|13|Peacocks UK|07711119888|Bootridge Farm|Stonehll Common|Kempsey, Worcester|WR5 3QQ|Oscar Dragan|Cedar Cottage|Crow Street|Hensham|CM22 6AG|07921080343|Account|6 of 20|||1|2025-03-10 18:53:29~24616|test|3|jamesbrass@ymail.com|testcustomer|08|TEST|07842133519|TEST|TEST|TEST|TEST|test|test|test|test|DE5 3GY|07842133519|Account|test|||1|2025-02-17 11:33:05~24630|Pigeon|2|jamesbrass@ymail.com|testcustomer|08|TEST|07842133519|TEST|TEST|TEST|TEST|test|test|test|test|TEST|07842133519|Delivery|test||dwawad|1|2025-02-17 11:33:05~24632|Peacocks|6|ashleastone@yahoo.co.uk||08|Max Landless|07900153129|255 Pilling Lane|Poulton-le-Fylde|Lancashire|FY6 0HH|Ashlea Stone|1 Oakleigh Road|Droitwich|Worcestershire|WR9 0RP|07376723302|Delivery||||1|2025-02-17 11:33:05~24641|Bird_ringneck|2|dyarirashid23@gmail.com||08|Mahmoud|07450270388|Flat 1 Torrington House Forty Lane - MAY CHANGE ADDRESS|Wembley|Greater London|HA9 9RJ|Dyari Rashid |29 Closeburn Street|Glasgow|Glasgow City|G22 5JZ|07367653199|Delivery||||1|2025-02-17 11:33:05~24655|PIGEON - ABERDEEN|2|christopherdonaldson@hotmail.co.uk||09|Paul Kulpa|07774781884|41 Northcourt Avenue|Reading|Berkshire |RG2 7HE|Chris Donaldson|Peterhead |Aberdeenshire |Scotland |AB42 2XT|07786055057|Delivery|If birds to be delivered between 8am &amp; 5pm on weekday go to Number 26 (Neighbour)|PaulM||1|2025-02-24 11:27:50~24656|PIGEONS WEEK 8 ONLY|1|highflyerscouriers@gmail.com|admin|08|RICHARD MURPHY|07590513983|73 GREENSFIELD AVE |ALNICK |NORTHUMBERLAND|NE661BE|JASON CRESSWELL|123 TIPTON RD |WOODSETTON|WEST MIDS|DY31BZ|07931136423|Collection|&pound;60.00 COC 

25GBD02809|admin||1|2025-02-17 11:33:05~24657|PIGEONS YBS  week 08|11|highflyerscouriers@gmail.com|admin|08|STEVE WILLIAMS|07860253484|24 ORCHAR DRIVE|DONCASTER ||DN74DG|SNOOKER|PRIDE OF THE POTTERIES|HOLLYWOOD FARM|CRACKELY GATES|ST56AW|07849214640|Collection||admin||1|2025-02-17 11:33:05~24660|PIGEONS YBS - WEEK 08|8|highflyerscouriers@gmail.com|admin|08|DAVID HOUNSLOW|07522297564|44 ROTHERFIELD RD |REHOUSE|SUNDERLAND |SR55DJ |JOHN PHILLIPS|3 WHITE PARK DRIVE|CASTLE DOUGLAS||DG71EQ|07771553986|Delivery|EXTRA DEL NO. 07470931096|admin||1|2025-02-17 11:33:05~24663|Owls|2|chriggs282@gmail.com||08|Don&rsquo;t now|01465871268|Barbary cotege|Barbay|Scotland |KA260TT|Mr Christopher griggs|1 rowdells orcherd|Ilminster |Somerset|TA190QS|07359530324|Delivery|Hi I need to have picked up a pier of barn owls please from Scotland to somerset|||1|2025-02-17 11:33:05~24666|CANARIES - WEEK 08|10|highflyerscouriers@gmail.com|admin|08|GEORGE COWLE|07565181285|22 WHEELER ROAD|LUDLOW||SY81JD|MR C EKEMAN|94 PASTURE GARDENS|||N181JG|07432605765|Delivery||admin||1|2025-02-17 11:33:05~24670|pigeon|1|wilky313@yahoo.co.uk||08|Excelsior|07904793079|Officw 1 Unit 7 Key Point|Lowers Keys Park|Hednesford|WS12 2FN|Lee Wilkinson|11 Swaith Ave|Doncaster|Scawthorpe|DN5 9PD|07915857171|Delivery|Says you have to Ring Excelsior to arrange pick up time|||1|2025-02-17 11:33:05~24672|Chicken|2|Tommy_copeland@hotmail.co.uk||11|Lee on solent|07884094792|Elmore close|||PO13 9ET|Thomas Copeland|97 Ynysmeudwy Road|Swansea|Pontardawe |SA8 4QJ|07884094792|Pickup|Quote to collect 2 chickens from Lee on Solent to deliver to pontardawe nr Swansea.|||1|2025-02-19 12:59:58~24673|Pigeon |6|nathanmarples05@gmail.com||08|Darren gibbins |07720342295|Unit 5a Warwick rd |Fairfield ind est|Louth lincs|LN110YB|Colin Marples |Keepers CottageNuneaton Road|Birmingham|Warwickshire|B46 2NL|01675481670|Delivery|When delivering there&rsquo;s a sign at top off drive saying firewood for sale go down there keep left and we&rsquo;re right at the bottom |||1|2025-02-17 11:33:05~24674|Pigeons yb|4|juliespad14@aol.com||08|Paul Hitches |07979801554|85 Dorma Avenue |Balehall|Tamworth|B77 3LX|Terry Hayley|67 The Fairway|Abbots Langley|Hertfordshire|WD5 0JY|07780752446|Delivery||JulieB||1|2025-02-17 11:33:05~24675|Larakeet|1|juliespad14@aol.com||08|Moe|07759912587|50 Northbourne Street|Newcastle upon Tyne|Tyne and Wear|NE4 6TL|Ryan Watson|95 Pond Lane|Wolverhampton|West Midlands|WV2 1HG|07938493449|Collection||JulieB||1|2025-02-12 12:24:23~24676|Pigeon|1|dave-eaton@hotmail.co.uk||08|Jack Lavender|07468869495|48 Cliveden Road|lache|Chester|CH4 8DS|Steve Birch|74 Hawksley Avenue|Chesterfield|Derbyshire|S40 4TL|07986139102|Delivery|1 Young Bird|||1|2025-02-17 11:33:05~24677|finch|4|dhowe1@outlook.com||08|christopher connor|07875361387|45 Blenheim Street,vauxhall|Liverpool|liverpool, |L5 8UX|david howe|68 pemberton avenue,|the grove|consett,co durham,dh88al|DH88AL|07902022270|Delivery||||1|2025-02-17 11:39:01~24678|Pigeons yb|6|juliespad14@aol.com||09|Darren Wright|07827738427|29 Eastfield |Dorset||DT9 6PU|Billy Duguid|144 Bonnyview Drive|Aberdeen ||AB16 7EY|07565274959|Delivery||JulieB||1|2025-02-19 12:58:56~24680|Pigeons|6|juliespad14@aol.com||08|Andy/julie|07710501457|10 Saint Oswald's Crescent|Sandbach|Cheshire East|CW11 1RW|Colin Buchanan|19 Greenacres|Dunfermline|Fife|KY12 0RW|07711307282|Delivery||JulieB||1|2025-02-12 12:36:33~24681|pigeons|2|belindacorby3@aol.co.uk||08|Mr Frank Corby|07923401372|12 King's Crescent|Boston|Lincolnshire|PE20 3LU|who dares wins one loft race|CHAPEL FARM   PLAINS LANE|BLACKBROOK|  DARBYSHIRE DE562DD|DE56DD|01368307667|Pickup|CAN YOU DELIVER ON THE 1ST MARCH OR AS SOON AS POSIBLE
MANY THANK|||1|2025-02-17 11:39:01~24682|Pigeons|2|marek0112@wp.pl||09|Bryan|07969438337|42 Chelmer Road|Braintree|Essex|CM7 3PY|Marek|47 Austwick Road|Lancaster|Lancashire|LA1 2QY|07867410361|Delivery|please  cool me 
1 hour before delivery|||1|2025-02-20 03:18:40~24683|Pigeon |1|deanhayes50@gmail.com||08|Excelsior auction |07904793079|Unit 7 key point|Lower keys park|Keys park road |WS122FN|Dean Hayes |19 Holly Close|Lincoln|Lincolnshire|LN3 4BH|07904141432|Delivery||||1|2025-02-17 11:39:01~24684|Pigeon|12|james.jarvis0077@icloud.com||08|Ben Oakley |07980960646|Wirswall farm|White church |Shropshire |SY13 4LB|James Jarvis|98 Broadway |Yaxley |Peterborough |PE7 3JD|07805670466|Delivery||||1|2025-02-17 11:39:01~24685|Pigeon|2|lomondlofts@gmail.com||08|Mathew mundlow|07301549465|66 Elmdon Lane|Birmingham|West Midlands|B37 7EQ|James donnelly|3 Lomond Place|Coatbridge|North Lanarkshire|ML5 2JP|07572513646|Delivery||||1|2025-02-17 11:39:01~24686|Pigeons ob|6|juliespad14@aol.com||08|Mr Betale|01324825897|65 Ferguson Drive|Denny|Falkirk|FK6 5AF|Mr Taylor|19 Mansell Drive|Liverpool|Merseyside|L26 1TU|07950214792|Delivery||JulieB||1|2025-02-17 11:39:01~24688|Budgie |1|safetypins_and_superglue@hotmail.com|Golden Wings |08|Savannah Smith |07947802219|10 Shenstone Gardens|Harold hill|Romford |RM3 7NU|Wendy Whitehead |46 Kent Road|Pudsey|Leeds|LS28 9BH|07730378773|Account|Payment via account |||1|2025-02-17 11:39:01~24689|Budgies |5|safetypins_and_superglue@hotmail.com|Golden Wings |08|Savannah Smith |07947802219|10 Shenstone Gardens|Harold hill|Romford |RM3 7NU|Steph Giles |22 Upper Whatcombe|Frome|Somerset|BA11 3SE|07850426105|Delivery|Cash on delivery |||1|2025-02-17 11:39:01~24690|young pigeons squeakers|10|raywhallett477@outlook.com||08|Darren Lowe|07946198483|498 Werrington Road|Stoke-on-Trent|Stoke-on-Trent ST2 9DN|ST2 9DN|Raymond Whallett|173 Vicarage Lane|Blackpool|Blackpool|FY4 4NG|07713674927|Delivery|hi.
He will require 2 large boxes for the 10 squeakers|||1|2025-02-17 11:39:01~24691|LOVEBIRD|1|Hshafil@yahoo.com||08|HAFIZ SHAFIL|07810767971|15 Pritchett Street|Birmingham|West Midlands|B6 4EH|HANA|185 Upper Allen Street|Sheffield|South Yorkshire|S3 7GT|07875296147|Pickup|PLEASE CALL WHEN YOU ARRIVE FOR PICKUP AS WORK ADDRESS SHUTTER MIGHT BE CLOSED.RING THE BELL AND ASK FOR SHAFIL|||1|2025-02-17 11:39:01~24692|Pigeons ob|4|juliespad14@aol.com||08|Asif|07874246550|4 Eastbourne Avenue|Birmingham|West Midlands|B34 6AL|Rob Savage|25 Pitcairn Road|Sunderland|Tyne and Wear|SR4 8ER|07514318018|Delivery||JulieB||1|2025-02-17 11:39:01~24693|Diamond Doves |2|juliespad14@aol.com||08|Mr Fleming |07414787858|26 Wykeham Green|Dagenham|Greater London|RM9 4NL|Ken Wall|35 Park Road|Burton-on-Trent|Staffordshire|DE13 7AS|01283790381|Delivery||JulieB||1|2025-02-17 11:39:01~24694| 2 Owls 1box|1|juliespad14@aol.com||08|Mark Kimberly |07821548735|Barbae Cottage|Girvan|South Ayrshire|KA26 0TT|Christopher Griggs|1 Rowdells Orchard|Ilminster|Somerset|TA19 0QS|07359530324|Delivery||JulieB||1|2025-02-17 11:39:01~24695|pigeons|2|belindacorby3@aol.co.uk||09|Mr Frank Corby|07923401372|12 King's Crescent|Boston|Lincolnshire|PE20 3LU|who dares wins one loft race|CHAPEL FARM   PLAINS LANE|BLACKBROOK|  DARBYSHIRE DE562DD|DE56DD|01773820539|Pickup|will you please pick pigeons up the 1st march or as soon as possible|||1|2025-02-19 12:56:04~24696|Pigeons yb|12|juliespad14@aol.com||08|Josh Dean|07427405071|3 South View|Liskeard|Cornwall|PL14 3EX|Keith Lee|70 Ingram Road|Middlesbrough|Middlesbrough|TS3 7BQ|07710041427|Delivery||JulieB||1|2025-02-17 11:39:01~24697|Canaries|2|juliespad14@aol.com||08|Customer A|07752659873|24 Woodland Way|Marlow|Buckinghamshire|SL7 3LN|Nicola Broome|19 Great Hayles Road|Bristol|Bristol City|BS14 0SY|07717848316|Delivery||JulieB||1|2025-02-17 11:39:01~24698|Pigeons yb|6|juliespad14@aol.com||08|Luke Hughes|07778542666|1 Levedale Road|Manchester|Greater Manchester|M9 6JR|Stephen|5 Hyvot Bank Avenue|Edinburgh|Edinburgh|EH17 8NH|07701352353|Delivery||JulieB||1|2025-02-17 11:39:01~24699|Pigeon |1|grimes.terry@gmail.com||08|Mark lyford|07805050909|40 Ashby Road|Swadlincote|undefined|DE11 7BZ|Terry Grimes|30 eastgate |Whitworth |Nr Rochdale |OL12 8UB|07359504288|Delivery|Thank you all the best, Terry |||1|2025-02-17 11:39:01~24700|Bird |5|jacob_bru@yahoo.com||08|Paula mottram|07871980218|1A Old Hall|Prescot|Merseyside|L35 3QB|Jacob |62 |Balfour Road |Oxford |OX46AH|07872022054|Delivery||||1|2025-02-17 11:39:01~24701|Rabbits |5|juliespad14@aol.com||08|Jo Rogers |07740356062|27 Kings Drive|Gravesend|Kent|DA12 5BG|Robert Waugh|11 Orchard Terrace|Newcastle upon Tyne|Tyne and Wear|NE15 9NR|07393904459|Delivery||JulieB||1|2025-02-17 11:39:01~24702|Pigeons yb|26|juliespad14@aol.com||08|Paul Linman|07904910614|1 Waterloo Road|Ilford|Greater London|IG6 2EG|UK Premier One Loft |Rye Street, Birtsmorton|Malvern|Worcestershire|WR13 6AS|07739148679|Collection|He says he's spoke to Kev about a discount ? |JulieB||1|2025-02-17 11:39:01~24703|Pigeon|1|juliespad14@aol.com||08|Dean Childs |07729425787|Bersheda |Arterial Road|Essex|SS12 9JF|Sean Stockley|12 Upton Road|Poole|Bournemouth, Christchurch and Poole|BH17 7AH|07974910127|Collection|Cash on Collection |JulieB||1|2025-02-17 11:51:51~24704|Pigeon|1|juliespad14@aol.com||08|Dominic Gruzelier|07783656571|65 Bedford Road|Bedford|Central Bedfordshire|MK45 3NA|Neil Pratt|75 Bruce Glazier Terrace|Durham|County Durham|DH6 2PN|07833112253|Delivery||JulieB||1|2025-02-17 11:51:51~24705|Canaries|2|juliespad14@aol.com||08|Jo|07861305879|51 Holloway|Derby|Derbyshire|DE65 6RH|Derek Pratt|5 Bransdale Mews|Normanton|West Yorkshire|WF6 2SZ|07359008741|Delivery||JulieB||1|2025-02-17 11:51:51~24706|test|3|jamesbrass@ymail.com|testcustomer|08|TEST|07842133519|TEST|TEST|TEST|TEST|test|test|test|test|TEST|07842133519|Pickup|test||test|1|2025-02-17 11:51:51~24707|Pigeons|3|juliespad14@aol.com||08|Mr Whitworth|07761664634|14 Bardsley Vale Avenue|Oldham|Greater Manchester|OL8 3HZ|Mr Drake |18 Park Road |Leicester ||LE12 7TJ|01509815720|Delivery||JulieB||1|2025-02-17 11:51:51~24708|Rabbit|1|juliespad14@aol.com||08|Zac|07395407564|34 Grangewood Road|Stoke-on-Trent|Stoke-on-Trent|ST3 7AZ|Chantelle Baptise |12 Byrne Close|Croydon|Greater London|CR0 2NN|07753185260|Delivery||JulieB||1|2025-02-17 11:51:51~24709|test|2|jamesbrass@ymail.com|testcustomer|08|TEST|07842133519|TEST|TEST|TEST|TEST|test|test|test|test|TEST|07842133519|Pickup|test||test|0|2025-02-13 15:55:54~24710|Pigeon|30|chrissyw25@hotmail.com||08|Chris winter|07853623732|31 Seaforth Terrace|Bonnyrigg|Midlothian|EH19 2PF|Eamon wright|24 Malcolmson Park|Craigavon|Armagh City, Banbridge and Craigavon|BT67 0RB|07853623732|Pickup|Please call with quotation 
Thanks|||1|2025-02-17 11:51:51~24711|Goshawk|1|dtytler258@btinternet.com||08|Craig Bartlett|07722527779|28|Commercial Street|Bedlinog|CF466RE|denise tytler|15 | Douglas Court|Coldstream |TD12 4DA|07708164588|Pickup|Please can you pay &pound;500 to Mr Barlett and I will pay the courier for the amount owed when delivered to me thank you|||1|2025-02-17 11:51:51~24712|birds|6|davidjean210206@gmail.com||08|sharon cruickshanks|07920441039|hillside cottage|cooperhill farm|ochiltree|KA18 2NL|david mackintosh|144 Mayfield Avenue|Dover|kent|CT16 2PH|01304210206|Delivery||||1|2025-02-17 11:51:51~24713|Pigeon|6|kevingoshawk@icloud.com||08|George whittson |01875340542|17 Trevelyan crescent|Pencaitland|East lothian|EH345AN|Kevin kelly|43 grange ave|Shiremoor|Newcastle upon tyne|NE270SZ|07432120808|Delivery||||1|2025-02-17 11:51:51~24714|Macaw Parrot |1|moe@parrotcaregroup.org||08|Parrot Care Group|01918142626|15 Northbourne Street|Newcastle upon Tyne|Tyne and Wear|NE4 6TA|Carol Harradine|2 Sycamore Avenue|Winsford|Cheshire West and Chester|CW7 1EA|07496292914|Pickup||||1|2025-02-17 11:51:51~24715|African Grey Parrot |1|moe@parrotcaregroup.org||08|Zak|01918142626|38 Trentham Gardens|Nottingham|Nottingham|NG8 3NG|Susan Pook| Gellia, Llanaelhearn, Caernarfon. |||LL54 5BB|07775972087|Pickup||||1|2025-02-17 11:51:51~24716|Pigeons |3|shaunkaye304@gmail.com||08|Charlie smith|07549245722|12 Fern Grove|Prenton|Merseyside|CH43 9AD|Shaun kaye |52 Broad Lane|Huddersfield|West Yorkshire|HD5 9BY|07342644312|Delivery||||1|2025-02-17 11:51:51~24717|Finches|3|wellspurs@aol.com||08|S ROBSON|07775521353|9 Ruskin Avenue|Saltburn-by-the-Sea|Redcar and Cleveland|TS12 1QB|Ed Wells|19 PARK AVENUE |DEAL|KENT|CT14 9AL |07952314118|Delivery||||1|2025-02-17 11:51:51~24718|Finches |2|paulm955915@mail.com|Pa|08|Jake Williams |07899678784|A10 Alexander Dock port|Kingslin ||PE302ET|Gerrard |115 watlin ave||Liverpool |L219PA|01513092749|Delivery|60cod |PaulM||1|2025-02-17 11:51:51~24719|Thrushes |6|paulm955915@mail.com|Pa|08|Andy|07403433050|146 st John's rd||Cannock |WS110AG|David street|152 Woodham rd||Ashington |NE639EN|07598364894|Collection|70 C.OC..|PaulM||1|2025-02-17 11:51:51~24720|Pigeon |2|paulm955915@mail.com|Pa|08|John weldon|07586835914|7 the cres|Shortly bridge |Durham |DH80JA|Mr durrant |18 polgaze close |Penzance ||TR183GB|07814499478|Delivery|60cod |PaulM||1|2025-02-17 11:51:51~24721|Pigeon |6|paulm955915@mail.com|Pa|08|Shaun palmer|07785930720|The rosery |Chesley hill|Wick,    Bristol |BS305NE|Trevor |1 derwent view terrace |Dipton |Stanley |DH99HJ|07825650229|Delivery|6 x o b s 
60cod |PaulM||1|2025-02-17 11:51:51~24722|Pigeon |1|Dpclarke@hotmail.co.uk||08|Kerry Mellonby |07885637049|41 Mill Lane|Bridlington|East Riding of Yorkshire|YO16 7AP|Dale clarke |15 Bradbury Close|Stanley|County Durham|DH9 9PE|07976097476|Delivery||||1|2025-02-17 11:51:51~24723|Finches |10|paulm955915@mail.com|Pa|08|Andrew stevens |07530126442|41 tehidy rd|Camborne ||TR148TD|Andrew |95 ridgewood gardens|Neath||SA113QX|07900655543|Delivery|60cod |PaulM||1|2025-02-17 11:51:51~24724|Finches |3|paulm955915@mail.com|Pa|08|Pedro |07899771004|2a hainault court|Brimfield ave||N134JN|Steve Miller |64 firgrove crescent |Yate|Bath|BS377AG|07837182973|Collection|60cod |PaulM||1|2025-02-17 11:51:51~24725|Finches |2|paulm955915@mail.com|Pa|08|Pedro |07899771004|2a hainault court|||N134JN|Joe Murphy |6 Windsor rd|Penbroke||SA714PY|07904508027|Delivery|60cod |PaulM||1|2025-02-17 11:51:51~24726|racing Pigeons|55|j.angwin@outlook.com|John Angwin|08|John Angwin|01736810967|Ty An Gwyn |Sancreed|Penzance |TR208QP |Brian Hawes|177 Pottersfield|Harlow|Essex|CM179DE|07765933693|Pickup|Please could you send an Invoice to j.angwin@outlook.com so I can pay by bank transfer.|||1|2025-02-17 11:51:51~24727|Racing Pigeons|1|j.angwin@outlook.com|John Angwin|08|John Angwin|01736810967|Ty An Gwyn |Sancreed|Penzance |TR208QP |Dave Gisbourne|150 Cavendish Road  |Beechdale Road|Walsal|WS27HY|07729678524|Delivery||||1|2025-02-17 11:51:51~24728|Pigeon |12|paulm955915@mail.com|Pa|08|Kieth |07943013701|Old Hall Farm |Old Hall lane|Hargrave, chester|CH37RT|Mr dochrty |4 Wellington place|Kirkwood||ML55RH|07505107338|Delivery|Q2 y b s
65cod |PaulM||1|2025-02-17 11:51:51~24729|Pigeon|2|enquiries@tumleylofts.co.uk|Tumley Lofts|08|Tumley Lofts Stud|07969365322|Blackhill Lane|Beaworthy|Devon|EX21 5AA|Robert Park|Cherry Hinton|Corby Hill|CARLISLE|CA4 8QA|07763086375|Delivery||||1|2025-02-17 12:04:54~24730|pigeons|2|gary@westwaylofts.karoo.co.uk||08|alan devlin|07545531402|16 Pearl Road|Workington|cumbria|CA14 5EE|gary|48 Westway Avenue|Hull|Kingston upon Hull|HU6 9SA|07932159628|Delivery||||1|2025-02-17 12:04:54~24731|Pigeon |2|ericaseldon1966@aol.com||08|DUTTON|07468576213|106|Sheldonfield rd||B26 3RP|Erica Seldon|27 Glynfach Road|Porth|R.C.T  MID GLAMORGAN |CF39 9LG|07771348620|Delivery||||1|2025-02-17 12:04:54~24732|Chicken |1|paulm955915@mail.com|Pa|11|Paris|07899885937|New cottage |The ridgeway |Potters bar|EN65QT|Cody|24 ashgreen way|Bishop Auckland ||DL146RJ|07480291396|Collection|85c o c |PaulM||1|2025-02-19 13:00:56~24733|Pigeon|3|grahamcook64@gmail.com||08|Jimmy Bamling|07930684095|53 Woodland Crescent Kelloe|Durham|County Durham|DH6 4LX|Graham Cook|White House|School Lane|Walpole St Peter Norfolk|PE147PA|01945780446|Delivery||||1|2025-02-17 12:04:54~24734|tortoise|1|ken@elliee.karoo.co.uk||08|ken dickinson|07508636939|Lake Enterprise ParkBergen Way|Hull|Kingston upon Hull|HU7 0YQ|emily atalay|stone farm the hollow|huntingdon||PE26 2YF|07495765039|Pickup||||1|2025-02-17 12:04:54~24735|pigeon|2|dewsburyglass@live.co.uk||08|gibbons|07887528064|24 Grasmere Road|Dewsbury|West Yorkshire|WF12 7PU|mr davies|uk premier one loft race||pigeon house rye street malvern|WR13 6AS|07739148679|Pickup|the two birds will be boxed in the garage at the side of the house with the money thanks martin|||1|2025-02-17 12:04:54~24736|Pgeon |6|paulm955915@mail.com|PaulM|08|Gavin cole|07958682540|Hillgate farm|Station rd|Spalding,  lincs|PE120NP|Colin|Rantrie knowe|Drum|Kinross |KY130PR|07943681999|Delivery|6 x y b s 
65cod |PaulM||1|2025-02-17 12:04:54~24737|Pgeon |9|paulm955915@mail.com|PaulM|08|Mr barrow |07736101468|31 Dale rd|Shirley |Soton |SO166QF|Chris barron|9 rocketry close|Stockton-on-Tees ||TS199NS|07538809268|Delivery|9 x o b s
60cod |PaulM||1|2025-02-17 12:04:54~24738|Pgeon |10|paulm955915@mail.com|PaulM|08|Joe|07928298570|30 regent st|||BB97QX|Mr wainwright |140 Derby rd|Derby||DE58RB|07841994633|Delivery|10 x y b s
55cod..
Call collection number 30 mins notice..|PaulM||1|2025-02-17 12:04:54~24739|Pgeon |3|paulm955915@mail.com|PaulM|08|Colin |07799403844|18 mrytle place|Manchester ||M71NG|Uk prem one loft|Rye st||Worcester |WR136AS|07739148679|Collection|Hf00518874b
45 c o c ..|PaulM||1|2025-02-17 12:04:54~24740|Pigeon youngsters|8|lloydla13@hotmail.co.uk||08|Lloyd|07477135169|Corwen Hand Car Wash |London Road|Corwen |LL21 0DS|Joe Kelly|12 Ardmore Close|Armagh||BT601JH|07501986223|Delivery|Please text or call 30 mins before pick up|||1|2025-02-17 12:04:54~24741|Pigeon |4|shahram_alavian@yahoo.com||08|philpots Lodge, Philpots|07878807536|22 Fisher Road|Oldbury|West Midlands|B69 4EL|Shahram Alavian|Philpots Lodge|Philpots Lodge|Philpots Lane|TN11 8PB|01732834794|Delivery||||1|2025-02-17 12:04:54~24742|Pgeon |1|paulm955915@mail.com|PaulM|08|Martin Williams |07811172972|The tonkins||Hereford |HR14JQ|Alfie |64A coronation rd|Ayrshire ||KA67DB|07794041688|Delivery|Carriage 65. 
Customer sais he paid 70 last delivery driver had no change...should now be 60 ....|PaulM||1|2025-02-17 12:04:54~24743|Pgeon |7|paulm955915@mail.com|PaulM|08|Sajid|07908837286|17 , Golspie street||Glasgow |G513EY|Farham |227 dales rd|Ipswich ||IP14JY|07562993768|Delivery|60cod |PaulM||1|2025-02-17 12:04:54~24744|Reptile|1|emmachapmanapple@gmail.com||09|Megan quinn|07827471031|23 Montgomery Place|Stirling|Stirling|FK8 3NF|Emma Chapman|The Olde Barn|Chapel Lane |Harmston |LN5 9TB|07710193662|Pickup|Can this be collected wed 26th Feb and delivery 27th Feb? Thanks |||1|2025-02-19 12:56:34~24745|Finches |5|paulm955915@mail.com|PaulM|08|Mr Stephen |07530126442|41 tehidy rd|Camborne ||TR148TD|Ann birch|7 the glebe|Magdalena laver|Ongar ,  Essex |CM50EQ|07817397147|Delivery|60cod |PaulM||1|2025-02-17 12:04:54~24746|Pigeon|1|juliespad14@aol.com||08|Gary Tavenor |07497203859|3 High Street |Abertridwr|Caerphilly |CF83 4DD |Terry Clarke |27 Churchill Street|Wallsend|Tyne and Wear|NE28 7TD|07793000968|Delivery||JulieB||1|2025-02-17 12:04:54~24747|Pgeon |12|paulm955915@mail.com|PaulM|08|Shane Reading |07494066645|37 Sherburn Street |Hull||HU92LA|Paul morrissey |Unit 2 |High Fliyers..|Thomas Street |CW...|07852828362|Delivery||PaulM||1|2025-02-17 12:04:54~24748|Pigeons yb|20|juliespad14@aol.com||08|Gary Tavenor |07497203859|3 High Street |Abertridwr|Caerphilly |CF83 4DD |Ray McCormick |10 Beadnell Avenue|North Shields|Tyne and Wear|NE29 7AU|07518963452|Delivery||JulieB||1|2025-02-17 12:04:54~24749|Pigeons yb|10|juliespad14@aol.com||08|Gary Tavenor |07497203859|3 High Street |Abertridwr|Caerphilly |CF83 4DD |Tom Hewitt |23 Wern Ucha|Bagillt|Sir y Fflint|CH6 6BU|07715239124|Delivery||JulieB||1|2025-02-17 12:04:54~24751|Tortoise|1|emma@tortoise-den.co.uk|The Tortoise Den|08|Steve and Emma|07756878271|The Tortoise Den Ltd|Prees Green|Whitchurch|SY13 2BP|tammy nicholson|31 Duke Street|Worksop|Nottinghamshire|S80 4AS|07415069824|Account|1 x tortoise box.
Delivery - Thursday 20th February please.||HF 0051 499|1|2025-02-17 12:04:54~24752|Finches |3|paulm955915@mail.com|PaulM|08|A n other |07916689700|198 Wiltshire Road |Chaddesden |Derby |DE216FD|Customer  2 |283A Station rd|Rainham |Essex|ME87PT|07926890999|Delivery|60cod |PaulM||1|2025-02-17 12:04:54~24753|Canary|3|vhedzia@yahoo.co.uk||08|Joe Farrar|07861305877|51 Holloway|Derby|Derbyshire|DE65 6RH|Vildan Haxhija |6 Royle Crescent|London|Greater London|W13 0BH|07909930739|Delivery|Please call me on : 07909930739|||1|2025-02-17 12:04:54~24754|Canaries |30|paulm955915@mail.com|PaulM|08|Dave|07591831015|21 Redhill rd|Castleford||WF103AD|Tony |Oakley farm |Acres lane||SO416FL|07855457720|Delivery|60cod |PaulM||1|2025-02-17 12:04:54~24755|Hedgehog |1|sueshogs1@gmail.com||08|Sue Fraser-Hague |07941556517|22 Skinner Road|Romney Marsh|Kent|TN29 9HN|Vikki Chandler|158 Kings Road|Chelmsford |Essex|CM1 2BE|07774259247|Delivery||||1|2025-02-17 12:26:04~24756|Pgeon |1|paulm955915@mail.com|PaulM|08|Allen |07545531402|16 pearl rd|||CA145EE|Tom|9 Bowes close||Darlington |DL178SY|07753176128|Delivery|55cod |PaulM||1|2025-02-17 12:26:04~24757|Pgeon |3|paulm955915@mail.com|PaulM|08|Mr Lawrence |07512590277|32 greenwood |Yardley|Birmingham |B258YU|Mr Phillips |43 orion rd|Rochester ||ME12UL|07824901804|Delivery|60cod |PaulM||1|2025-02-17 12:26:04~24758|Pgeon |2|paulm955915@mail.com|PaulM|08|Mr burrow |07951983598|40 beechhouse rd||Barnsley |S730PE|Mr a austin|19 forest Place |Walsall ||WS31SY|07745315435|Delivery|55cod |PaulM||1|2025-02-17 12:26:04~24759|Pgeon |7|paulm955915@mail.com|PaulM|08|Joe riley |07928298570|30 regants street|Nelson||BB97QX|Robert |C / o hovercraft |Clarence rd|Southsea |PO53AD|07596131894|Collection|7 x y b s 60coc |PaulM||1|2025-02-17 12:26:04~24760|pigeons|1|mark@lyfordoffice.com||08|Mark Lyford|07805050909|40 Ashby Road|Swadlincote|Leicestershire|DE12 6DJ|Adrian Hicks|South Park|Saint Columb|Cornwall|TR9 6QR|07543404236|Delivery||||1|2025-02-17 12:26:04~24761|test|2|jamesbrass@ymail.com|testcustomer|08|TEST|07842133519|TEST|TEST|TEST|TEST|test|test|test|test|TEST|07842133519|Pickup|test||test|0|2025-02-15 18:29:46~24762|test|2|jamesbrass@ymail.com|testcustomer|08|TEST|07842133519|TEST|TEST|TEST|TEST|test|test|test|test|TEST|07842133519|Delivery|test||test|0|2025-02-15 18:29:46~24763|Mice|2|jola.w@onet.eu||08|Tabitha Allen|07967661643|4 Myrtle Court|Great Yarmouth|Norfolk|NR31 8EQ|Jolanta Janicka|38 Temple Denny Road|Denny|Falkirk|FK6 6AW|07851088739|Delivery|Could you email  when is first available date for transport?|||1|2025-02-17 12:26:04~24764|test|1|jamesbrass@ymail.com|testcustomer|08|TEST|07842133519|TEST|TEST|TEST|TEST|test|110 Test Lane|Test|Test|LS10 1ES|07123456789|Pickup|test||test|0|2025-02-15 19:14:32~24765|test|1|jamesbrass@ymail.com|testcustomer|08|TEST|07842133519|TEST|TEST|TEST|TEST|test|test|test|test|TEST|07123456789|Pickup|test1||test|0|2025-02-15 19:17:04~24766|test1|1|jamesbrass@ymail.com|testcustomer|08|TEST|07842133519|TEST|TEST|TEST|TEST|test1|test1|test1|test1|TEST1|07123456789|Pickup|test1||test|0|2025-02-15 19:17:04~24767|test|1|jamesbrass@ymail.com|testcustomer|08|TEST|07842133519|TEST|TEST|TEST|TEST|test|test|test|test|TEST|07123456789|Pickup|test||07123456789|0|2025-02-15 19:18:18~24768|Test|6|jamesbrass@ymail.com|testcustomer|08|TEST|07842133519|TEST|TEST|TEST|TEST|Test|Test|Test|Test|TEST|07842133519|Account|Test chrome mobile||Test|0|2025-02-15 19:31:15~24769|Pigeons |4|h3witt1@icloud.com||08|Richard Murphy |07590513983|73 Greensfield Avenue|Alnwick|Northumberland|NE66 1BE|Tom hewitt|23 Wern Ucha|Bagillt |Flintshire  |CH6 6BU|07715239124|Delivery|NEHU 25 Z835 
NEHU25z836
NEHU25Z801
NEHU 25Z823|||1|2025-02-17 12:26:04~24770|racing pigeons|3|gshaw703@gmail.com||08|Barry Shaw|01482647014|9 Walsall Garth|Hull|Kingston upon Hull|HU4 7JR|Jeremy Davies  Premier One Loft Race|Rye Street, Birtsmorton,|Malvern|Worcestershire|WR13 6AS|07739148679|Pickup||||1|2025-02-17 12:26:04~24771|Ringneck Parrots|2|cutpriceplaster@yahoo.co.uk||08|Peater Hall|07985354438|Cunningham House (The Annex)|Middlesbrough|Middlesbrough|TS5 8EH|Paul Venables|278 Old Ford Road|Bow|Basement|E3 5SP|07368303922|Delivery|P)lease call Peater Hall as there's a height restriction|||1|2025-02-17 12:26:04~24772|test|2|jamesbrass@ymail.com|testcustomer|08|TEST|07842133519|TEST|TEST|TEST|TEST|test|test|test|test|TEST|07842133519|Pickup|test||test|0|2025-02-15 21:08:26~24773|Pigeon |24|sabiryaqubi@yahoo.com||08|Shazad|07772313010|37 moorside avenue  Dewsbury  West Yorkshire  |  37 moorside avenue  Dewsbury  West Yorkshire  WF13 4QP|37 moorside avenue  Dewsbury  West Yorkshire  |WF134QP|Sahil|24 north view luton road |24 north view road |24 north view road |LU27LF|07492943707|Delivery||||1|2025-02-17 12:26:04~24774|Pigeon |2|bryan_morriss@outlook.com||08|John weldon|07586835914|7 The Crescent|Consett|County Durham|DH8 0JA|Bryan |42 Chelmer Road|Braintree|Essex|CM7 3PY|07969438337|Delivery||||1|2025-02-17 12:26:04~24775|Racing pigeon|6|johnjacko974@gmail.com||08|John  Jackson|07446851830|59 Treloweth Road|Redruth|Cornwall|TR15 3NZ|Joe Hunter|130 Black BullHuddersfield Road|Mirfield|West Yorkshire|WF14 8AN|07788385854|Delivery||||1|2025-02-17 12:26:04~24776|Pgeon |1|paulm955915@mail.com|PaulM|08|Lee clark|07522894214|29 Carrington rd||Aylesbury |HP218JD|Tony|54 high st|Newchapel |Stoke-on-Trent |ST74PT|07976523504|Delivery|60cod |PaulM||1|2025-02-17 12:26:04~24777|Pgeon |8|paulm955915@mail.com|PaulM|08|Tonys |07806813340|44 cannock rd||Midds|TS37NU|Jasmin|1 Highgate court |Rotherham ||S639BU|07825641849|Delivery|55cod |PaulM||1|2025-02-17 12:26:04~24778|Pigeons|8|caz2771@yahoo.co.uk||08|Andrew Fowler|07508399975|228 Harrowby Road|Grantham|Lincolnshire|NG31 9DZ|John Morris|9 Peterborough Drive|Netherton|Bootle|L30 5QJ|07504036198|Delivery||||1|2025-02-17 12:26:04~24779|Pgeon |3|paulm955915@mail.com|PaulM|08|Gill fisher|01237470867|Dalhousie |Chudleigh ave|Bideford |EX394AT|Mr hannah |28 ashgrove crescent |Ecclesechan ||DG113EA|07502185931|Delivery||PaulM||1|2025-02-17 12:51:56~24780|Pigeons|15|caz2771@yahoo.co.uk||08|Andrew Fowler|07508399975|228 Harrowby Road|Grantham||NG31 9DZ|Paul Barrie|22 Nelson Street|Millom|Cumbria|LA18 4DW|01229773250|Pickup||||1|2025-02-17 12:51:56~24781|Lineolated parakeet |1|Lee@itsabirdsthing.co.uk|Its a Bird Thing|08|Lee|07962099830|90 Weggs Farm Road|Duston|Northampton|NN5 6HZ|Adrienne Brunt|9 St Michael's Court|Monkton Combe|Bath|BA2 7HA|07437861812|Account||||1|2025-02-17 12:51:56~24782|Stephen Spriggs|1|Lee@itsabirdsthing.co.uk|Its a Bird Thing|08|Lee|07962099830|90 Weggs Farm Road|Duston|Northampton|NN5 6HZ|Stephen Spriggs|Hovercraft |Southsea|Portsmouth|PO5 3AD|07530000919|Account|Hi,

Can you please drop these birds off at the hovercraft at Southsea to go across to the isle of Wight. Can you ring Stephen when you have dropped off and give him the instructions of what's happening and times. 

Thank you |||1|2025-02-17 12:51:56~24783|Finches|2|Lee@itsabirdsthing.co.uk|Its a Bird Thing|08|Lee|07962099830|90 Weggs Farm Road|Duston|Northampton|NN5 6HZ|Patricia Locke|39 Mountbatten Way|Great Yarmouth|Norfolk|NR30 5RT|07821622515|Account||||1|2025-02-17 12:51:56~24784|Conure|1|Lee@itsabirdsthing.co.uk|Its a Bird Thing|08|Lee|07962099830|90 Weggs Farm Road|Duston|Northampton|NN5 6HZ|Simon Richard Augustus |102 Davies House|12 Vousden Place|Greenwich |SE28 0PG|07387198376|Account||||1|2025-02-17 12:51:56~24785|Pgeon |6|paulm955915@mail.com|PaulM|08|Gary hint|07359453269|16 A Priston green lane||Norfolk |NR161PX|Mr sdcock |153 Woodlands way||Doncaster |DN124JE|07770629352|Delivery|6 c y b s
60cod |PaulM||1|2025-02-17 12:51:56~24786|parrots |2|azz7862004@hotmail.com||08|Mark Burns |07368658058|24 the Glen ||Minster |ME12 2SD|Jimmy |357 willows lane ||Accrington |BB5 0NH |07768408021|Delivery|Hi please call me 30 mins before delivery |||1|2025-02-17 12:51:56~24787|Pigeons |5|rdg400@yahoo.com||08|Richard Gould|07787420349|12 Gwernydd Gerlan |Bangor|Gwynedd|LL57 3TY|Trevor Hodges|Willow farm, Arundel road, |Patching |West Sussex |BN133UQ|07530467104|Delivery||||1|2025-02-17 12:51:56~24788|robins|1|liambenz160@gmail.com||09|Brian Brae|07719928465|85 Roberts Road|Aldershot|Hampshire|PL32 7AD|Liam Benz|70 Treclago View|Camelford|Cornwall|PL32 7AD|07813533303|Delivery||||1|2025-02-19 12:59:23~24789|Kestrel |1|paulm955915@mail.com|PaulM|08|Mark titherton |07747842114|8 portland place|Staffs ||ST103HU|Mr wstson|29 magerat close|Morley |Leeds|LS278NF|07851777150|Delivery|99cod |PaulM||1|2025-02-17 12:51:56~24790|Cocktail|1|atifmasood22@hotmail.com|Birds 4 U|08|Birds4U|07400944876|35 New town Shopping Center|Aston|Birmingham|B19 2SS|Ashleigh Hughes|12 Maes-Y-Felin|Holyhead|Isle of Anglesey|LL65 1TG|07395900922|Pickup||||1|2025-02-17 12:51:56~24791|Finches |3|paulm955915@mail.com|PaulM|08|Mr painter|07835571856|74 brinston rd|Walton ||IP256DL|Wayne|9 Feltham lane||Froome|BA115AJ|07929615048|Delivery|60cod..|PaulM||1|2025-02-17 12:51:56~24792|Alexandine |2|mohammed.leemon@hotmail.com||08|M|07940267999|58 High Street|Bristol|Bristol City|BS5 6DN|Leemon |54 Waverley Gardens|Barking|Greater London|IG11 0BH|07539239783|Delivery|You will have to call the collection person on WhatsApp |||1|2025-02-17 12:51:56~24793|racing pigeon|1|gwjames1965@gmail.com||08|mr butcher|07879601399|8 The Mead|lower dunton road,billericay.brentwood, essex|Herefordshire|CM13 3SN|15 Merrivale Crescent|Herefordshire|herefordshire|ross-on-wye|HR9 5JU|07368431587|Delivery||||1|2025-02-17 12:51:56~24794|racing pigeon|1|gwjames1965@gmail.com||09|mr butcher|07851681114|lower dunton road|billericay,brentwood| essex|CM13 3SN|mr g james|15 Merrivale Crescent|ross-on-wye|Herefordshire|HR9 5JU|07879601399|Delivery|please ignore 1d 24793 wrong details|||1|2025-02-19 12:55:31~24795|Pigeon|1|irenerussell5364@aol.com||08|Denton|07833977387|13 Drake Avenue|Coundon|Bishop Auckland|DL14 8LT|David Russell|100 Garvock Hill|100 Garvock Hill|Dunfermline|KY12 7RN|07522067864|Delivery|This bird is with a non fancier. The pigeon will be in a box in their shed.|||1|2025-02-17 12:51:56~24796|Pigeon|1|monty.eaves@hotmail.com||08|Excelsior Pigeon |07904793079|Excelsior Pigeon |Office 1 Unit 7 Key Point|Lower Keys Park, Keys Park Road. Hendnesford.|W12 2FN|Charles Silver.|42, Darran Terrace |Ferndale |Mid Glamorgan |CF43 4LG|07546442972|Delivery|Blizzard Diamond 106.
Ring number 
GB24X22106.|||1|2025-02-17 12:51:56~24797|PIGEONS|2|elimarbookings@gmail.com|ELIMAR|08|MARK LYFORD|07805050909|40 Ashby Road|Swadlincote|Leicestershire|DE12 6DJ|PHILIP RICHARDSON |5 Firthcliffe View|Liversedge|West Yorkshire|WF15 6AQ|07542753036|Account|ELIMAR PAID
90990
GB23A95184
GB19H24856|admin||1|2025-02-17 12:51:56~24798|PIGEONS|1|elimarbookings@gmail.com|ELIMAR|08|MARK LYFORD|07805050909|40 Ashby Road| SWADLINCOE|Staffordshire|DE126DJ |PHILIP WEEDON|MONDAMIN|FIVE ASH DOWN|EAST SUSSSEX|TN223AN|01825732400|Account|ELIMAR PAID
90982
GB21P04275|admin||1|2025-02-17 12:51:56~24799|PIGEONS|1|elimarbookings@gmail.com|ELIMAR|08|JIMMY BAMLING|07930684095|53 Woodland Crescent|Durham|County Durham|DH6 4LX|TERRY FOX|113 Coopers Lane|Clacton-on-Sea|Essex|CO15 2DA|07518681263|Account|ELIMAR PAID 
90749
18FD498|admin||1|2025-02-17 12:51:56~24800|PIGEONS|1|elimarbookings@gmail.com|ELIMAR|08|MARK LYFORD|07805050909|40 ASHBY RD |SWADLINCOE |DERBYSHIRE|DE126DJ|TONY FELLOWS|78 WELLINGTON STREET |MILLOM|CUMBRIA |LA184DQ|01229773961|Account|ELIMAR PAID 
90998
GB23N37286|admin||1|2025-02-17 12:51:56~24801|PIGEONS|1|elimarbookings@gmail.com|ELIMAR|08|MARK LYFORD|07805050909|40 ASHBY RD |SWADLINCOE|DERBYSHIRE|DE126DJ|SCOTT CUNNINGHAM SHEARD|13 TOWNFIELD |HEBDON BRIDGE |WEST YORKS |HX77NR|07308129409|Account|EIMAR PAID
90992
GB23N61376|admin||1|2025-02-17 12:51:56~24802|PIGEONS|1|elimarbookings@gmail.com|ELIMAR|08|LEE CLARKE |07522894214|29 Carrington Road|Aylesbury|Buckinghamshire|HP21 8JD|STEVE BARLOW|16 Swales Road|Grimsby|North East Lincolnshire|DN36 4UQ|07505360237|Account|ELIMAR PAID 
90953
GB20P31388|admin||1|2025-02-17 12:51:56~24803|PIGEONS|1|elimarbookings@gmail.com|ELIMAR|08|MARK LYFORD|07805050909|40 ASHBY RD |SWADLINCOTE|DERBYSHIRE|DE126DJ|KEVIN COUSINS |7 Townsend|Ely|Cambridgeshire|CB6 2TA|07973635150|Account|ELIMAR PAID
90994
GB20P28842|admin||1|2025-02-17 12:51:56~24804|PIGEONS|1|elimarbookings@gmail.com|ELIMAR|08|MARK LYFORD|07805050909|40 ASHBY RD |SWADLINCOTE|DERBYSHIRE|DE126DJ|KORY GALLOWAY|22A LOUDOUN STREET|MAUNCHLINE |AYRSHIRE|KA55BT|07376548484|Account|ELIMAR PAID 
90991
GB24Z28608|admin||1|2025-02-17 13:02:36~24805|PIGEONS1|6|elimarbookings@gmail.com|ELIMAR|08|NEIL BRADLEY|07954047401|11 SPINDRIFT CLOSE|ASKAM IN FURNESS|CUMBRIA|LA167HY|DAVID HOPPER |2 AGED MINORS HOMES |PARK LANE SHIRBROOK|T AND W |NE27OTD|07486951662|Account|ELIMAR PAID
91042
NWHU2025E2663
2664
2655
2656
2695
2696|admin||1|2025-02-17 13:02:36~24806|PIGEONS|2|elimarbookings@gmail.com|ELIMAR|08|MARK LYFORD|07805050909|40 ASHBY ROAD|SWADLINCOTE|DERBYSHIRE|DE126DJ|CYRIL HOWE|1 HEOL  MAENDY |BRIDGEEND |S WALES |CF329UW|07983252803|Account|ELIMAR PAID
91002
GB24V4954
GB24V64955|admin||1|2025-02-17 13:02:36~24807|PIGEONS|1|elimarbookings@gmail.com|ELIMAR|08|ATHONY JACKSON|07534442106|210 Greenside Lane|Manchester|Greater Manchester|M43 7RA|BRIAN DEVITT|40 BROUGHTON AVE|MIDDLESBOROUGH|CLEVELAND|TS43PZ|07394862692|Account|EIMAR PAID
91015
GB22Z45546|admin||1|2025-02-17 13:02:36~24808|PIGEONS|1|elimarbookings@gmail.com|ELIMAR|08|TERRY MOORE|07950275605|49 Brier Road|Sittingbourne|Kent|ME10 1YJ|KENNETH FARWELL|39 BARMWELL AVE |EDINBURGH|LOTHIAN|EH166HE|01316648758|Account|ELIMAR PAID 
90965
GB25|admin||1|2025-02-17 13:02:36~24809|PIGEONS|1|elimarbookings@gmail.com|ELIMAR|08|JIMMY BRAMLING|07930684095|53 Woodland Crescent|Durham|County Durham|DH6 4LX|RICHARD TURNELL|57 PRENTON DRIVE |CHESTNUT|HERTS|EN89RT|07925035428|Account|ELIMAR PAID
90769
GB20P17771|admin||1|2025-02-17 13:02:36~24810|PIGEON|1|elimarbookings@gmail.com|ELIMAR|08|MARK SARGINSON|07968877353|37 STATION RD |HEDNESFORD|CANNOCK|WS124DH|MICHAEL SMITH|112 Round Hey|Liverpool|Merseyside|L28 1RF|07712404487|Account|ELIMAR PAID 
90950
NL23 94333868|admin||1|2025-02-17 13:02:36~24811|PIGEONS|1|elimarbookings@gmail.com|ELIMAR|08|PAWEL FRACZACK|07591223524|18 WELFARE VIEW |GOLDTHORPE |ROTHERHAM|S639ED|G RIMMER |12 Max Road|Liverpool|Merseyside|L14 4BH|01512284247|Account|ELIMAR PAID
90924
GB24D88327|admin||1|2025-02-17 13:02:36~24812|PIGEONS|1|elimarbookings@gmail.com|ELIMAR|08|ANDY COLBY |07983700897|8 Belvedere Road|HULL |HUMBERSIDE| HU139JJ|IAN BUTLER |SUNCLIFF HOUSE |FORDBROOK HILL |CROWBOROUGH |TN63SB|01892487378|Account|ELIMAR PAID
89197
WHU24F26075|admin||1|2025-02-17 13:02:36~24813|PIGEONS|7|elimarbookings@gmail.com|ELIMAR|08|LANA LAKE |07711164397|22 TREVTHICK RD POOL|REDRUTH|CORNWALL|TR153NS|DEREK MCGARTH |11A TOWER HILL|LANCS|LIVERPOOL|L392EE|01695579409|Account|ELIMAR PAID 
90963
YBS |admin||1|2025-02-17 13:02:36~24814|PIGEONS|7|elimarbookings@gmail.com|ELIMAR|08|LUNA LAKE |07711164397|22 TREVTHICK RD POOL|REDRUTH|CORNWALL|TR153NS|DONNIE MORAN|44 BIRCH STREET|SOUTHPORT|LANCS|PR85ET|07546673422|Account|ELIMAR PAID
90964
YBS|admin||1|2025-02-17 13:02:36~24815|PIGEONS|1|elimarbookings@gmail.com|ELIMAR|08|MARK LYFORD |07805050909|40 ASHBY ROAD|SWADLINCOTE|DERBYSHIRE|DE126DJ|STEVEN WALKER |142A WELLINGTON RD |BILSTON |WEST MIDS|WV146AZ|07801165717|Account|ELIMAR PAID 
91001
GB20H18914|admin||1|2025-02-17 13:02:36~24816|PIGEONS|1|elimarbookings@gmail.com|ELIMAR|08|HELEN SMITH |07518088834|19 EDINBURGH RD |LAUDER|BEREKSHIRE|TD26TW|CHRISTINE  BEALES|17 RUSSELL AVE |SOUTH SHIELDS |DURHAM|NE346PN|07936795917|Account|ELIMAR PAID
91079
SU19ML483|admin||1|2025-02-17 13:02:36~24817|BUDGIES|2|highflyerscouriers@gmail.com|admin|08|ROSEBURY BUDGIES|07984911588|ROSEBURY COTTAGE |DURSTON |SWAY|SO416AL|PENELOPE ROBERTS |45 HILLWAY|HIGHGATE|LONDON|N66AH|07946547327|Delivery|&pound;60.00 COD|admin||1|2025-02-17 13:02:36~24818|SNAKE|1|highflyerscouriers@gmail.com|admin|08|DAVID CHALLIS |07624237055|ST MARYS SCHOOL HOUSE|HIGH BARNES |ELY |CB74RB|HOLLIE PATTERSON|7 APPIN TERR |PERTH|SCOTLAND|PH12LT|07428171644|Delivery|&pound;99.00 COD|admin||1|2025-02-17 13:02:36~24819|PIGEONS|6|highflyerscouriers@gmail.com|admin|08|SHANE READING|07494066645|37 SHERBOURNE ST |HULL|HUMBERSIDE|HU92LA |JOHN ABAKANOWICZ|19 ALLSOP PLACE|CHESTERFIELD|DERBYSHIRE |S418SN|07476597245|Account|&pound;55.00 COD |admin||1|2025-02-17 13:02:36~24820|PIGEONS|6|highflyerscouriers@gmail.com|admin|08|ANDY COLBY |00000000000|8 BELVEDERE RD|HULL|HUMBERSIDE|HU139JJ|MR ALI|24 RUPERRA ST |NEWPORT|S WALES|NP202AZ|07827737447|Delivery|&pound;60.00 COD|admin||1|2025-02-17 13:02:36~24821|PIGEONS YBS|12|highflyerscouriers@gmail.com|admin|08|DAVE ACKINS|07491699231|10 BURNS GDS|ST GILES |LINCS|LN24LJ|DAMIEN FAY |IRELAND |IRELAND |IRELAND|BT1|00000000000|Collection|DAMIEN FAY 
00353857690153|admin||1|2025-02-17 13:02:36~24822|PIGEONS YBS|8|highflyerscouriers@gmail.com|admin|08|DAVE ACKINS |07491699231|10 BURNS GDS|ST GILES|LINCOLN|LN24LJ|JAMES CAYHIL|IRELAND |IRELAND |IRELAND|BT2|00000000000|Collection|0035383318702|admin||1|2025-02-17 13:02:36~24823|PIGEONS|1|highflyerscouriers@gmail.com|admin|08|M MIDDLEMASS|07516623893|12 STEAD LANE |BEDLINGTON|NEWCASTLE |NE225LY |JOHN MCCLUKIN|IRELAND |IRELAND |IRELAND|BT3|00000000000|Delivery|&pound;120 COD|admin||1|2025-02-17 13:02:36~24824|PIGEONS|3|highflyerscouriers@gmail.com|admin|08|ANDREW MCFENTON|07813496085|27 GELLI FAWR RD |MORRISTON |SWANSEA |SA67PN|MARK EUBANKS |IRELAND |IRELAND |IRELAND|BT4|00000000000|Delivery|&pound;120.00 COD|admin||1|2025-02-17 13:02:36~24825|PIGEONS|1|highflyerscouriers@gmail.com|admin|08|ANDY COLBY|07983700897|8 BELVEDERE RD|HULL|HESSLE|HU139JJ|TONY RDGERS |IRELAND |IRELAND |IRELAND|BT05|00000000000|Delivery|&pound;120.00 COD |admin||1|2025-02-17 13:02:36~24826|PIGEONS|2|highflyerscouriers@gmail.com|admin|08|TONY BRISTOL|07732555864|39 COURT FARM RD |BRISTOL|MERCIA|BS309AD|PAUL EASON |1 MORTIMER MEWS |HOVE |BRIGHTON|BN35EX|07936588496|Delivery|&pound;60.00 COD|admin||1|2025-02-17 13:02:36~24827|PIGEONS|2|highflyerscouriers@gmail.com|admin|08|CUSTOMER A|07596729443|21 PRESTONHALL CLOSE |ROSEWELL|EDINBURGH|EH249BE |TONY MCCLURKIN|IRELAND|IRELAND |IRELAND|BT06|00000000000|Delivery|&pound;120.00 COD |admin||1|2025-02-17 13:02:36~24828|PIGEONS|2|highflyerscouriers@gmail.com|admin|08|DAMIEN PROSSER|07940375802|180 TWEEDSMUIR RD|TREMORFA|CARDIFF|CF242RG|LEE DUFFY|IRELAND |IRELAND |IRELAND|BT07|00000000000|Delivery|&pound;120.00 COD|admin||1|2025-02-17 13:02:36~24829|Pigeon|1|slimtucker@hotmail.co.uk||08|Richard Wade|07862281011|19 Thirlmere grove|West Auckland |County Durham|DL14 9LW|Terry fox|113 coopers lane|Clacton on sea|Essex|CO152DA|07518681263|Delivery||||1|2025-02-17 13:10:41~24830|Pigeon GB24S67567|1|eckleypigeon1960@gmail.com||08|Justin Rogers|07918027298|Bosliven Farm|St. Buryan|Penzance, Cornwall |TR19 6BD|David Eckley|9 Bawdrip Lane, Bawdrip|Bridgwater |Somerset |TA7 8PS |01278686560|Delivery|GB24S67567|||1|2025-02-17 13:10:41~24832|Pigeon|1|flex2184@aol.com||08|Les carter |07904793079|Key PointLower Keys ParkKeys Park Road|Walsall|Staffordshire|WS12 2FN|Paul Cotton |68 Plaxtol Road|Erith|Greater London|DA8 1NL|07450949385|Delivery||||1|2025-02-17 13:10:41~24833|Cockatiel|1|steviesbirds19@gmail.com||08|Gayle Loach|07714030507|77 Lysander Road|Birmingham|West Midlands|B45 0EN|Stevie Catney|36 Riverside Drive|Lincoln|Lincolnshire|LN5 7NY|07843166070|Delivery||||1|2025-02-17 13:10:41~24834|PIGEONS|3|onemanarmy12345@outlook.com||08|LEE CLARKE|07522894214|29 CARRINGTON ROAD|AYLEBURY|BUCKINGHAMSHIRE|HP21 8JD|BRIAN FORD|56 Cockerton Green|DARLINGTON||DL3 9EU|07754169739|Delivery|RING NUMBERS
19Z3684
22AP1300
16Z10088
PHONE 30 MINUTES BEFORE DELIVERY
|||1|2025-02-17 13:10:41~24835|Fancy pigeons|6|lloydjb@hotmail.co.uk||08|James|07583599778|Roseberry house|Low row|Easington village|SR8 3AU|Lloyd|24 Garry Place|Grangemouth||FK3 0HU|07534471921|Delivery||||1|2025-02-17 13:10:41~24836|PIGEONS YBS|10|highflyerscouriers@gmail.com|admin|08|STU DAVENPORT|07951260783|DRILL HOUSE|STATION RD |CHIRK|LL145LS|ROB FINLAYSON|9\\2 KIRKSTYLE|HAWICK|ROXBURGHSHIRE|TD90AE|07594830174|Delivery|&pound;65.00 COD|admin||1|2025-02-17 13:10:41~24837|PIGEONS YBS|6|highflyerscouriers@gmail.com|admin|08|STU DAVENPORT|07951260783|DRILL HOUSE|STATION RD|CHIRK|LL145LS|P PRICE |19 HOLLOWMEAD|CANTABURY|KENT|CT13SD|07889765009|Delivery|&pound;60.00 COD|admin||1|2025-02-17 13:10:41~24838|REPTILE|1|highflyerscouriers@gmail.com|admin|08|DUDLEY PINSON|07967671931|THE STABLES|NORTON CANES |STAFFS|WS119UT|YVONNE ONG|FLAT 1 |1 BOW RD |LONDON|E32AD|07585156913|Account|PAID 474|admin||1|2025-02-17 13:10:41~24839|REPTILE|1|highflyerscouriers@gmail.com|admin|08|DUDLEY PINSON|07967671931|THE STABLES|NORTON CANES|STAFFS|WS119UT|NICKY REED|26 PRINCESS AVE |DEWSBURY|S YORKS |WF128RB|07543814383|Account|PAID 475|admin||1|2025-02-17 13:10:41~24840|REPTILE|1|highflyerscouriers@gmail.com|admin|08|DUDLEY PINSON |07967671931|3 THE STABLES |NORTON CANES |STAFFS|WS119UT|KEIRON FRENCH|6 MAGISTRATE COURT YARD|SUDBURY|SUFFOLK|CO101AJ|07392373859|Account|PAID 476|admin||1|2025-02-17 13:10:41~24841|REPTILE|1|highflyerscouriers@gmail.com|admin|08|DUDLEY PINSON |07967671931|3 THE STABLES |NORTON CANES|STAFFS|WS119UT|ROWLAND OEIR|4 LAURA CLOSE |ENFIELD |LONDON|EN12DZ|07980920581|Delivery|PAID 478|admin||1|2025-02-17 13:10:41~24842|REPTILE|1|highflyerscouriers@gmail.com|admin|08|DUDLEY PINSON |07967671931|3 THE STABLES |NORTON CANES |STAFFS|WS119UT|DIOGO DIAS|6 KYMER HOUSE |MULLIN PLACE |FLAT4 LONDON|SW48EU|07553976828|Account|PAID 477|admin||1|2025-02-17 13:10:41~24843|REPTILE|1|highflyerscouriers@gmail.com|admin|08|DUDLEY PINSON |07967671931|3 THE STABLES |NORTON CANES|STAFFS|WS119UT|DARREN COONEY|56 APPLETON  DRIVE|ORNESBY |GT YARMOUTH|NR293RL|07886752132|Account|PAID 479|admin||1|2025-02-17 13:10:41~24844|PIGEONS|1|highflyerscouriers@gmail.com|admin|08|JIMMY BAMLING|07930684095|53 WOODLAND CRES |KELLOE|DURHAM|DH64LX|NAWAF MOLON|48 GALSWORTHY RD |BARNET|LONDON|NW22SH|07455313333|Delivery|&pound;60.00 COD 

18FD404|admin||1|2025-02-17 13:10:41~24845|CANARIES|4|highflyerscouriers@gmail.com|admin|08|SMITHS NURSERIES|07808989843|VILLA LANE |HULL  |HUMBERSIDE|HU128BA|CHRIS |STOURTON LODGE |BAUMBER|HORNCASTLE |LN95NJ |07752001595|Collection|&pound;70.00 COC|admin||1|2025-02-17 13:10:41~24846|FINCHES|2|highflyerscouriers@gmail.com|admin|08|RYAN|07979688801|49 lisson street|LONDON |...|NW15DA|TOM SAYEGH|8 MULBERRY RD |FARSLEY|LEEDS|LS285GG|07713895356|Delivery|&pound;60.00 COD |admin||1|2025-02-17 13:10:41~24847|racing pigeon|1|gwjames1965@gmail.com||08|mr les green|07720891844|93 harewoood road|irlam| manchester|M44 6DL|mr g james|15 Merrivale Crescent|ross-on-wye|Herefordshire|HR9 5JU|07879601399|Delivery||||1|2025-02-17 13:10:41~24848|pigeon|2|carlupsall@hotmail.com||08|Steven Chapman|07762276093|12 Terrington Crest|Bradford|West Yorkshire|BD14 6HF|Carl Upsall|84 Eastwood Road|Boston|Boston|PE21 0PL|07957817703|Delivery||||1|2025-02-17 13:10:41~24849|Pigeon|1|rdenny.rd@gmail.com||08|Lee Painter|07378308289|64A Fibbersley|Willenhall|West Midlands|WV13 3AD|Richard Denny|187 Pooltown Road|Ellesmere Port|Cheshire|CH65 7EA|01513553851|Delivery|GB24 D88460|||1|2025-02-17 13:10:41~24850|Pigeons|4|mirzahp@gmail.com||08|Mo Hamza|07912483012|33 Mulmount Close|Oldham|Manchester|OL8 4NA|Hasan Pooya|Station House|Shenley Hill|Radlett, Hertfordshire|WD77AR|07966303086|Delivery||||1|2025-02-17 13:10:41~24851|Finch |1|shuebf50@googlemail.com||08|Luke|07377973546|61 Grass Wood Road|Wirral|Merseyside|CH497NX|M Ahmed|58 Bruce Road|London|Greater London|E3 3HL|07456479984|Delivery||||1|2025-02-17 13:10:41~24852|PIGEONS|4|highflyerscouriers@gmail.com|admin|08|JAMES LINDON |07541010716|TONY HARRIS |13 WINDMILL LANE |STAINESCROSS|S755BH|JAMES LINDON |FLAT 1 |122 RIVINGTON CRES |BIRMINGHAM|B440PJ|07701026681|Delivery|&pound;55 COD|admin||1|2025-02-17 13:10:41~24853|PIGEONS|1|highflyerscouriers@gmail.com|admin|08|JASON READING |07751661835|7 RAINBOW CRES |SHEFFIELD |S YORKS|S124AZ|SIMON BRICK |12 GLANHAFAN|LLANGWN|HAVERFORDWEST|SA624JB|07930562974|Delivery|&pound;60.00 COD |admin||1|2025-02-17 13:10:41~24854|PIGEONS YBS|13|highflyerscouriers@gmail.com|admin|08|ROBERT BEEN|07773176785|57 DERRLANDS CLOSE|SHEFFIELD|S YORKS|S578AE |J DAVIES |UK PREM|...|....|WR136AS |07739148679|Delivery|CODE GIVEN 


&pound;47.00 COC|admin||1|2025-02-17 13:10:41~24855|OB Pigeon|1|info@louella.co.uk|Louella|08|Louella Pigeon World|01530242255|Louella Farms|Copt Oak Road|Loughborough|LE129XL|Mr Holmes|11 Warneford Place|Moreton-in-Marsh|Gloucestershire|GL56 0LR|07853632293|Account|Call 1 Hr  before delivery.
Phone has no answer phone so please let it ring|||1|2025-02-17 13:19:59~24856|OB Pigeon|1|info@louella.co.uk|Louella|08|Louella Pigeon World|01530242255|Louella Farms|Copt Oak Road|Loughborough|LE129XL|Mr Pratten|4 Tygwyn Place|Swansea||SA4 3BL|07722032145|Account||||1|2025-02-17 13:19:59~24857|OB Pigeon|1|info@louella.co.uk|Louella|08|Louella Pigeon World|01530242255|Louella Farms|Copt Oak Road|Loughborough|LE129XL|Ms Becket|2 Fairview Close|Norwich|Norfolk|NR8 6RT|07581721462|Account||||1|2025-02-17 13:19:59~24858| CANARYS |2|highflyerscouriers@gmail.com|admin|08|MR J T FARRAR|07861305877|51 HOLLOW WAY |REPTON |DERBY|DE656RH|MARK AURBREY|69 EDGELL RD |WEST BOURNE |HEMSWORTH|PO108UT|07737551580|Delivery|&pound;60.00 COD |admin||1|2025-02-17 13:19:59~24859|Tortoise |1|sales@wiltonpets.co.uk|Wilton Pets|08|Jack or Olivia|01268726216|95-97 Pound Lane |Wilton Pet Centre|Bowers Gifford|SS13 2HN|Kate Packer|15 High Street|Badminton|South Gloucestershire|GL9 1DG|07554998087|Account|||681|1|2025-02-17 13:19:59~24860|Tortoise|2|sales@wiltonpets.co.uk|Wilton Pets|08|Jack or Olivia|01268726216|95-97 Pound Lane |Wilton Pet Centre|Bowers Gifford|SS13 2HN|Caroline Noble|110 Murray Drive|Larkhall|South Lanarkshire|ML9 3NH|07515085908|Account|||682|1|2025-02-17 13:19:59~24861|Tortoise|1|sales@wiltonpets.co.uk|Wilton Pets|08|Jack or Olivia|01268726216|95-97 Pound Lane |Wilton Pet Centre|Bowers Gifford|SS13 2HN|Shelley Gibson|49 Rowland Street|Rugby|Warwickshire|CV21 2BW|07970422492|Account|||683|1|2025-02-17 13:19:59~24862|Tortoise |1|sales@wiltonpets.co.uk|Wilton Pets|08|Jack or Olivia|01268726216|95-97 Pound Lane |Wilton Pet Centre|Bowers Gifford|SS13 2HN|Kevin Cronogue|71 Browning Close|Thatcham|Berkshire|RG18 3EF|07846552076|Account|Targaryen Security Services||684|1|2025-02-17 13:19:59~24863|PARROKETS|1|highflyerscouriers@gmail.com|admin|08|MARK WEAVER|07599457582|26 WINDLESTON DRIVE|CLEAVELAND |N EAST|TS30BQ|JIM |45 HAMLINTON DRIVE |NEW CUMMOCK |AYRSHIRE|KA184JR|07711112667|Delivery|&pound;65.00 COD|admin||1|2025-02-17 13:19:59~24864|PIGEONS|3|highflyerscouriers@gmail.com|admin|08|MICHAEL MASSERELA|00000000000|LOUELLA|LOUELLA|LOUELLA|LE129XL|FALLOWS|6 DEWNT WATER CLOSE|MILLOM|CUMBRIA|LA184PF|01229227648|Delivery|&pound;55.00 COD |admin||1|2025-02-17 13:19:59~24865|PIGEONS|3|highflyerscouriers@gmail.com|admin|08|SAMM|07403667799|149 BANNOCKBURN RD |STIRLING|SCOTLAND|FK70EP|CUSTOMER B|30 CHURCH TERR|CHATHAM|KENT |ME57JP|07946580658|Collection|&pound;65.00 COC|admin||1|2025-02-17 13:19:59~24866|Ringneck parrot|1|delan64@outlook.com||08|Ian Brown|07791138225|HIGH ROYALS|FARM LANE|GRINDON|CV93DR|Roberto Deluca|220 Kinnaird Crescent|Plymouth|Plymouth|PL6 6JH|07460314309|Delivery|I apologize for the inconvenience and thank you for still collecting the bird this week.|||1|2025-02-17 13:19:59~24867|PIGEONS|11|highflyerscouriers@gmail.com|admin|08|JUSTIN RODGER|07918027298|BOSTLIVEN FARM|ST BERRAN|PENZANCE|TR19 6BD |NEIL PRATT|75 BRUCE GLAZIER TERR|SHOTTON COLLIERY |CO DURHAM|DH62PN|07833112253|Delivery|&pound;60.00 COD |admin||1|2025-02-17 13:19:59~24868|Pigeon|2|uzair76@hotmail.com||08|Uzair Khan |07915905727|1 Kenya Road|Fareham|Hampshire|PO16 9AL|Brain Potterton|1 Garthorpe Rd, Saxby, |Melton Mowbray|Leicestershire|LE14 2RX|44790455467|Pickup||||1|2025-02-17 13:19:59~24869|Pigeons|4|s221983@icloud.com||09|Serghei |07595870122|25 Brenchley Road|Maidstone|Kent|ME15 6UH|Gary |Chapel Farm, Plains Lane|Blackbook|Derbyshire |DE56 2DD|07368307667|Pickup|Collection date 25.02.2025|JulieB||1|2025-02-19 12:57:59~24870|PIGEONS|2|highflyerscouriers@gmail.com|admin|08|ALAZI|07960580129|3 FOULDS CLOSE |COLNE|LANCS|BB88DL|G RIMMER |12 MAX RD |LIVERPOOL|MERSEYSIDE|L144BH|07368310135|Delivery|&pound;55.00 COD |admin||1|2025-02-17 13:19:59~24871|PIGEONS YBS|12|highflyerscouriers@gmail.com|admin|08|STEVE CHAPMAN|07762276093|12 TERRINGTON CREST|CLAYTON |BRADFORD|BD146HF|MARK BROWN|16 INHOLMES COMMON |WOODLANDS ST MARYS|HUNGERFORD|RG177SE|07555351453|Delivery||admin||1|2025-02-17 13:19:59~24872|PIGEONS|3|highflyerscouriers@gmail.com|admin|08|.|07961386591|1 CARISBROOK DRIVE|WORTHING||BN133QT|ROY FURSLAND|12 WITHIEL DRIVE |CANNINGTON|BRIDGEWATER|TA52LY|07899674977|Delivery||admin||1|2025-02-17 13:19:59~24873|PIGEONS|2|highflyerscouriers@gmail.com|admin|08|MR R SRAWBRIDGE|07896113912|LITTLE PEN Y BANK HOUSE|PONTHIR|NEWPORT|NP181HT|GEORGE WILLACY|29 WATERFOOT RD|ANNAN|DUMFRIES|DG126BY|07900461274|Delivery||admin||1|2025-02-17 13:19:59~24874|Pigeon|5|stigga1981@outlook.com||10|Justin Rogers|07918027298|Bosliven Farm, ST Buryan|Penzance|Cornwall TR19 6BD|TR19 6BD|Michael Stokes|161 Bloxwich Lane|Walsall|West Midlands|WS2 7JW|07805888981|Delivery|3 BIRDS FOR M. STOKES
GB2024V-87962
GB2024S-67522
GB2024B-67533

2 FOR C.STOKES
GB20P-19255
GB22B-84175
|||1|2025-03-03 11:20:28~24875|PIGEONS|3|highflyerscouriers@gmail.com|ADMIN|08|LES CARTER|00000000000|EXCELCIOR PIGEONS |OFFICE 1 UNIT 7 KEY POINT ||WS122FN|PETER GOODRIGHT|356 Ball Road|Cardiff|Cardiff|CF3 5NH|07852753310|Delivery|GB24X-22049
GB24X-22193
GB24X-22107|admin||1|2025-02-17 13:19:59~24876|PIGEONS - OUTLAY &pound;100|4|highflyerscouriers@gmail.com|admin|08|HAFIZ|07356089010|227 Shirley Road|ACOCKS GREEN|BIRMINGHAM|B277HL|MARK HALLIWELL|15 THORNFIELD AVE|RIBBLETON|PRESTON|PR26NE|07549996639|Delivery|&pound;100 OUYLAY + &pound;10 ADMIN
+ &pound;55 COD|admin||1|2025-02-17 13:19:59~24877|YB Pigeon|10|info@louella.co.uk|Louella|8|Louella Pigeon World|01530242255|Louella Farms|Copt Oak Road|Loughborough|LE129XL|Mr Worrall|Castle Mount|Church St|Mexborough|S64 0HF|07783873695|Account||||1|2025-02-19 13:55:31~24878|YB Pigeon|10|info@louella.co.uk|Louella|8|Louella Pigeon World|01530242255|Louella Farms|Copt Oak Road|Loughborough|LE129XL|Mr Cowley|5 Skerne Road|Stockton-on-Tees|Stockton-on-Tees|TS20 1AX|07729754396|Account||||1|2025-02-19 13:55:31~24879|YB Pigeon|10|info@louella.co.uk|Louella|8|Louella Pigeon World|01530242255|Louella Farms|Copt Oak Road|Loughborough|LE129XL|Mr Palmer|308 Oundle Road|Peterborough|Peterborough|PE2 9QP|07738071469|Account||||1|2025-02-19 13:55:31~24880|YB PIgeon|16|info@louella.co.uk|Louella|8|Louella Pigeon World|01530242255|Louella Farms|Copt Oak Road|Loughborough|LE129XL|Mr Smith|50 Ryder Close Norman Hill|Dursley|Gloucestershire|GL11 5SG|07796313748|Account||||1|2025-02-19 13:55:31~24881|YB PIgeon|6|info@louella.co.uk|Louella|8|Louella Pigeon World|01530242255|Louella Farms|Copt Oak Road|Loughborough|LE129XL|Mr Glencross|53 Solway Drive|Wigton|Cumberland|CA7 5AW|01697351017|Account||admin||1|2025-02-19 13:55:31~24882|YB Pigeon|6|info@louella.co.uk|Louella|8|Louella Pigeon World|01530242255|Louella Farms|Copt Oak Road|Loughborough|LE129XL|Mr Allison|5 Westburn Avenue|Glasgow|South Lanarkshire|G72 7RY|01416411901|Account||||1|2025-02-19 13:55:31~24883|YB Pigeon|10|info@louella.co.uk|Louella|8|Louella Pigeon World|01530242255|Louella Farms|Copt Oak Road|Loughborough|LE129XL|Mr Anderson|11 Partridge Terrace|Wingate|County Durham|TS28 5BD|07876696933|Account||||1|2025-02-19 13:55:31~24884|YB PIgeon|6|info@louella.co.uk|Louella|8|Louella Pigeon World|01530242255|Louella Farms|Copt Oak Road|Loughborough|LE129XL|Mr Benn|71 Woking Road|Cheadle|Greater Manchester|SK8 6NU|01614861909|Account||||1|2025-02-19 13:55:31~24885|PIGEON|1|highflyerscouriers@gmail.com|admin|08|HERMAN UK|01618727198|21 NINEARCE DRIVE|SALFORD||M53FG|ALBERT|405 MENFORD WAY|CHINGWELL||IG74AT|07463623370|Delivery||admin||1|2025-02-17 13:19:59~24886|PIGEONS OBS|2|highflyerscouriers@gmail.com|admin|08|HARRY|07946580658|30 CHURCH TERRACE|CHATHAM||ME57JP|HERMAN|71 BUCK STREET|ST HELENS||WA102JF|07460848488|Delivery||admin||1|2025-02-17 13:19:59~24887|pigeons|7|svac@live.co.uk||9|Adrian Hicks|07543404236|Lyndhurst |St Columb Rd|Cornwall|TR9 6QR|steve vaizey|7 Eastfield Avenue|Fareham|Hampshire|PO14 1EQ|07966146041|Delivery||||1|2025-02-25 10:16:10~24888|PIGEON|1|elimarbookings@gmail.com|ELIMAR 90995|09|MARK LYFORD|07805050909|40 ASHBY ROAD|SWADLINCOTE|DERBYSHIRE|DE126DJ|PAUL BLUNDELL|CAEAU FARM - BRYN Y MAEN|COLWY BAY |CONWY|LL285PF|07876613749|Account|ELIMAR 90995


GB19N94926|admin||1|2025-02-20 03:17:59~24889|Pigeon |1|timbarraloftsukstud@yahoo.co.uk||8|Mark Lyford |07805050909|40 Ashby road|Moira, Swindlincote |Derbyshire |D12 6DJ|S.Jackson|21 Second Avenue|Wisbech |Cambridgeshire |PE13 2BX|07989746150|Delivery||||0|2025-02-17 13:01:09~24890|PIGEONS|3|elimarbookings@gmail.com|ELIMAR 91006 &amp; 90827 &amp; 90772|08|JIMMY BAMLING|07930684095|53 WOODLAND CRES|KELLOE|DURHAM|DH64LX|BRANDUN WEBB|19 PARK STREET|PORTH|GLAMORGAN|CF390DH|07397397362|Account|ELIMAR 91006 &amp; 90827 &amp; 90772

GB 22 V 08716
GB 23 V 75132
GB 21 V 82711|admin||1|2025-02-17 13:19:59~24891|PIGEON|1|elimarbookings@gmail.com|ELIMAR 90962|08|DAMIEN PROSSER|07940375802|180 TWEEDSMUIR RD|TREMORFA|CARD|CF242RG|LEE DENNETT|16 NORTH WAY |WIDNES|CHESHIRE|WA88SJ|07749451772|Account|ELIMAR 90962

Gb23N|admin||1|2025-02-17 13:19:59~24892|PIGEON|1|highflyerscouriers@gmail.com|admin|08|LEE CLARKE |07522894214|29 CARRINGTON RD|AYLESBURY||HP218JD|IAN REA|40 TENTER BALK LANE|ADWICK LE STREET|DONCASTER|DN67EF|07876772590|Delivery||admin||1|2025-02-17 13:19:59~24893|PIGEONS YBS|8|highflyerscouriers@gmail.com|admin|08|DAVID SARA |07731995202|17 WEETH RD |CAMBOURNE||TR147HU|STUART MCPHEE|21 Beresford Crescent|Stockport|Greater Manchester|SK5 6NU|07526352949|Delivery||admin||1|2025-02-17 13:19:59~24894|Pigeon |1|alisonpalmer28@gmail.com||8|Justin Rogers|07918027298|Bosliven farm|St Buryan,penzance|Cornwall |TR19 6BD|Alison Palmer|48 King Alfred Street|Walney Island |Barrow-in-Furness|LA14 3BX|07563507948|Delivery|Red door, corner house.|||1|2025-02-17 14:32:49~24895|Pionus parrots|2|johnmackay1955@hotmail.co.uk||8|Stephen Alleyne|07774508431|Llanfallteg|DISS ROAD, SCOLE, NORFOLK|Whitland, Carmarthenshire|IP21 4DH|JOHN MACKAY|LLANFALLTEG|Plas Gwyn Bach|WHITLAND, CARMARTHENSHIRE|SA34 0UN|01437563021|Delivery||||1|2025-02-17 14:32:49~24896|PIGEON|1|highflyerscouriers@gmail.com|admin|08|SORIN DUDU|07534717488|22 LARKSPUR CLOSE|HEMEL HEMPSTEAD||HP12HP|CRAIG WATERWORTH|2 GLENBRANTER AVE |WIGAN||WN22JL|07935610018|Delivery||admin||1|2025-02-17 14:32:49~24897|PIGEONS YBS|6|highflyerscouriers@gmail.com|admin|08|PARSONS|07860482321|32 CLAIMONT AVE |LEMINGTON|NEWCASTLE|NE157LD|MARK|74 WOOD LANE |CRESBY|WIRRAL|CH492PX|07878545002|Delivery|&pound;55.00 COD |admin||1|2025-02-17 15:08:38~24898|FINCHES|2|highflyerscouriers@gmail.com|admin|08|RYAN|00000000000|49 lisson street|LONDON....|,,,,|NW15DA|CUSTOMER B|5 BRANDALE MEWS|ALLTOFTS |S YORKS |WF62SZ|07359008741|Delivery|&pound;60.00 COD|admin||1|2025-02-17 15:12:11~24899|PIGEONS|2|highflyerscouriers@gmail.com|admin|08|KEV PARSONS |07860482321|32 CLAIRMONT AVE |LEMIMGTON|NEWCASTLE |NE157LD|MIKE PICK|60 CALBOUGH CRES|BRISTOL|MERCIA |BS362TS|07935474164|Delivery|&pound;60.00 COD |admin||1|2025-02-17 15:14:52~24900|Pigeon |2|arranmidd@gmail.com||08|John Crehan|07932552626|21 Nine Acre Drive|Salford|Greater Manchester|M5 3FG|Arran Middlemiss |Toll Bridge RoadA1107|Eyemouth|Scottish Borders|TD14 5SG|07852871823|Delivery|4185779
4199763
|admin||1|2025-02-17 15:42:35~24901|PIGEONS|1|highflyerscouriers@gmail.com|admin|08|NAWAF MOLON|07455313333|48 GALSWORTHY ROAD|BARNET|LONDON|NW22SH|ROB SERVICE |IRELAND|IRELAND|IRELAND |BT10|07525235776|Delivery|&pound;120.00 COD |admin||1|2025-02-17 15:41:22~24902|White Java dove.|1|carl@hutber.com||08|Performance UK Ltd. Carl Hutber.|07870150431|2 Flaxon Glade,|Highfields Caldecote.|Cambridge|CB23 7ZS|James Connolly|Flat1, 13a Abergele Road,|Colwyn Bay|Conwy.|LL29 7RS|07376270039|Delivery|James will pay you &pound;60 on delivery of the bird. His email address is: jameswillconnolly\|@gmail.com|||1|2025-02-17 15:42:51~24903|Pigeons|2|stevewright50@icloud.com||08|J bamling|07930684095|53woodlandscresent|Kelloe|Durham|DH64LX|S wright|72 Brackendale Avenue |Basildon|essex|SS133BE|07828133834|Delivery|Hi 3 pigeons to be collected |||1|2025-02-17 15:47:50~24904|PIGEONS|1|highflyerscouriers@gmail.com|admin|08|ASHLEY HEALLY|07909868873|71 BARK RD |MERSEYSDE|LIVERPOOL|L217QW|JONNY BARKLEY|IRELAND |IRELAND |IRELAND|BT11|07746776284|Delivery|&pound;120.00 COD|admin||1|2025-02-17 15:47:50~24905|PIGEONS|8|highflyerscouriers@gmail.com|admin|08|DAVID COOK|07961386591|1 CARISBROK DRIVE |WORTHING |SUSSEX|BN133QT|MIKE |69 COCKERTON GREEN|DARLINGTON |CO DURHAM|DL39EG|07816812381|Delivery|&pound;60.00 COD|admin||1|2025-02-17 16:15:33~24906|Pigeon |3|fredkirby029@gmail.com||09|Fred kirby |07986268051|30|Annandale |Darlington |DL1 3QX |Who Dares Wins|Chapel Farm|Plains lane|Blackbrook|DE56 2DD|01773820539|Pickup||||1|2025-02-19 12:58:27~24907|PIGEONS YBS|7|highflyerscouriers@gmail.com|admin|08|ANDREW GREGSON |07886974229|41 SEVERN DRIVE |PRESTON |LANCS|PR54TD |PETER |51 DON RD |DUNFIRMLINE|AYRSHIRE|KY114NH|07516396740|Delivery|&pound;65.00 COC |admin||1|2025-02-17 16:29:40~24908|RABBIT|1|highflyerscouriers@gmail.com|admin|08|LISA CAYNE |07711830103|2 SANDY MOSS |CARGO |CARLISLE|CA64AZ|REBECCA ASHLEY|21 BURTON RISE |KIRBY IN ASHFIELD |NOTTS|NG179BR|07495891072|Delivery|&pound;99.00 COD|admin||1|2025-02-17 16:58:54~24909|PIGEONS|1|highflyerscouriers@gmail.com|admin|08|JOHN WEATCROFT|07759103024|29 BROKHILL LANE |PINXTON|NOTTS|NG166JX|CLIVE TURNER |RUGGE FARM|WIGMURL LANE |CAPEL|RH54PT|07768361491|Collection|&pound;60.00 COC|admin||1|2025-02-17 17:01:17~24910|REPTILE|1|highflyerscouriers@gmail.com|admin|08|DUDLEY PINSON |07967671931|3 THE STABLES|NORTON CANES |STAFFS|WS119UT|COLIN WALTON |27 LOWER RUDYARD ST|NORTH SHIELDS|NEWCASTLE|NE296NG|07563239215|Account|PAID 479|admin||1|2025-02-17 19:00:51~24911|YELLOW QUAKER|1|highflyerscouriers@gmail.com|admin|08|JAY THE PET SHOP |07742427787|QUEENS STREET|WOLVERHAMPTON|MIDS|WV13JW|NIC WONG |25 LANG SHAW STREET |SALFORD |MANCHESTER|M65TG|07394051719|Collection|&pound;60.00 COC|admin||1|2025-02-17 19:04:22~24912|REPTILE|1|highflyerscouriers@gmail.com|admin|08|ZOOLOGICAL|07768765903|OAWOOD|CORNWALL RD |BOWERS GIFFORD|SS132JZ|JULIES PETS |1 THAMES CENTRE |NEWTON ACLIFFE|CO DURHAM|DL54SB|01325317237|Account|PAID |admin||1|2025-02-17 19:18:57~24913|REPTILE|1|highflyerscouriers@gmail.com|admin|08|ZOOLOGOICAL|00000000000|...|....|....|SS132JZ|PLYMOUTH REPTILES|UNIT 371 FARADAY MILL TRADE PARK |7 TO 11 CATTAWATER RD |PRINCE ROCK PLYMOUTH|PL40SF|07497413154|Account|PAID|admin||1|2025-02-17 19:18:57~24914|Pigeon|2|steve.barlow72@icloud.com||09|James Parker|07876356396|Sunshine corner farm |Clay lane|Beenham|RG75PD|Steve Barlow|16 Swales Road|Grimsby|North East Lincolnshire|DN36 4UQ|07505360237|Delivery||||1|2025-02-19 12:57:30~24915|Finches |3|Lee@itsabirdsthing.co.uk|Its a Bird Thing|08|Lee|07962099830|90 Weggs Farm Road|Duston|Northampton|NN5 6HZ|Nathan Beach |19 Charwood|Middlesbrough ||TS3 9RE|07848896582|Account||admin||1|2025-02-17 19:19:08~24916|REPTILE|1|highflyerscouriers@gmail.com|admin|08|ZOOLOGOICAL|00000000000|..|..|..|SS132JZ|FISHNTHI |138 DYNEVOR RD |SKEWEN|WEST GLAM|SA106TE|01792812199|Account|PAID |admin||1|2025-02-17 19:18:57~24917|REPTILE|1|highflyerscouriers@gmail.com|admin|08|ZOOLOGOICAL|00000000000|...|,,,,|....|SS132JZ|PUGH GARDEN CENTRE|RADYR|CARDIFF|S WALES|CF158LB|07531001352|Account|PAID |admin||1|2025-02-17 19:18:57~24918|REPTILE|1|highflyerscouriers@gmail.com|admin|08|ZOOLOGOICAL|00000000000|...|....|....|SS132JZ|PETWISE|UNIT A4 SEVERN RD |TREFOREST IND EST|TREFOREST|CF454TE|07876358180|Account|PAID|admin||1|2025-02-17 19:18:57~24919|REPTILE|1|highflyerscouriers@gmail.com|admin|08|ZOOLOGOICAL|00000000000|..|..|..|SS132JZ|REPTILLIA|7 TOWNSGATE |OSSETT|WAKEFIELD |WF59BL|01924694461|Account|PAID|admin||1|2025-02-17 19:18:57~24920|Pigeon|1|adamlight1@sky.com||09|Michael Britton|01733810620|52 Guntons Road|Peterborough|Peterborough|PE6 7QZ|Adam Light|97 Bennetts Road|Horsham|West Sussex|RH13 5JY|07824813876|Delivery||||1|2025-02-24 11:27:50~24921|pigeon|1|kory.jj.galloway@gmail.com||09|Steve Kulpa |07774781884|41 Northcourt Avenue|Reading|Berkshire|RG2 7HE|Kory Galloway|22a Loudoun Street|Mauchline|Ayrshire|KA55BT|07376548484|Delivery||||1|2025-02-24 11:27:50~24922|Budgie|1|aidanyule@icloud.com||10|Aidan yule|07595990501|3 Balkeerie Cottages|Forfar|Angus|DD8 1SR|Robbie Keeber |19 High Street|Leicester|Leicester|LE5 6FH|07731860211|Pickup||||1|2025-03-02 11:40:55~24923|PIGEONS|2|elimarbookings@gmail.com|ELIMAR|08|MARK LYFORD|07805050909|40 ASHBY ROAD|SWADLINCOTE|DERBYSHIRE|DE126DJ|WAYNE BLEMMINGS|88 ESSEX AVE |CONSETT|DURHAM|DH88DG|07787420568|Account|ELIMAR PAID
91026
GB24V64511
GB24V64510|admin||1|2025-02-17 21:46:52~24924|PIGEONS1|6|elimarbookings@gmail.com|ELIMAR|08|NEIL BRADLEY|07954047401|11 SPINDRIFT CLOSE|ASKEM|CUMBRIA|LA167HY|DONNIE MORAN|44 BIRCH STREET|SOUTHPORT|MERSEYSIDE|PR85ET|07546673422|Account|ELIMAR PAID
91037
NHWH2025E2672
E2638
E2639
E2632
E2605
E2506
|admin||1|2025-02-17 21:55:32~24925|PIGEONS YBS|30|highflyerscouriers@gmail.com|admin|08|RON NICKLIN|07933154791|68 GRAHAM AVE |HULL |HUMBERSIDE|HU47AN|JOHN DOYLE |IRELAND |IRELAND |IRELAND|BT14|00000000000|Delivery|COD|admin||1|2025-02-17 21:55:32~24926|Pigeons |1|Jasonreading@hotmail.co.uk||8|Jason Reading |07751661835| 7 rainbow Crescent Sheffield, Yorkshire S12 4az United Kingdom|||S12 4AZ|Pedro Rico|2 Vaughan street|||IP28DG|07459314446|Delivery||||1|2025-02-18 11:03:35~24927|Sun conure|1|samuelfalkous185@gmail.com||09|Mr withey |07500271893|15 dorothy street, gelli|||CF417UB|Sam|18 The Slayde|Yarm|Stockton-on-Tees|TS15 9HZ|07523833092|Delivery||admin||1|2025-02-19 12:57:05~24928|bird|6|branchtidebirds@hotmail.co.uk||11|rory kesson|07802585378|79 Glenview Drive|Falkirk|Falkirk|FK1 5JU|Daniel Cullen|Kestrels, Carters Clay Road|lockerly|lockerly|SO51 0GL|07931957387|Delivery||||1|2025-02-19 12:54:10~24929|pigeon|1|svac@live.co.uk||8|Damian Prosser|07940375802|180 Tweedsmuir Road|Cardiff|Cardiff|CF24 2RG|steve vaizey|7 Eastfield Ave||Fareham|PO14 1EQ|07966146041|Delivery||||1|2025-02-18 11:02:37~24930|pigeons|2|mark@lyfordoffice.com||8|Mark Lyford|07805050909|40 Ashby Road|Swadlincote|Leicestershire|DE12 6DJ|GABRIEL DRAFOMIRESCU|9 Ash Road|Dartford|Kent|DA2 7SD|07916528297|Delivery||||1|2025-02-18 11:02:17~24931|Tortoise |2|sales@wiltonpets.co.uk|Wilton Pets|8|Jack or Olivia|01268726216|95-97 Pound Lane |Wilton Pet Centre|Bowers Gifford|SS13 2HN|Jed Bennett|28 Jubilee Close|Crewkerne|Somerset|TA18 8FD|07971992266|Account|Please buzz main entry door no. 28 ||685|1|2025-02-18 11:02:02~24932|Pigeon |1|ajwilton46@gmail.com||8|Hbw lofts|07546610774|100 |Dumbuck road |Dumbarton|G823NA|Andrew Wilton |5 Bowerman road|Chadwell st Mary |Grays Essex |RM164EH |07562226438|Delivery||||1|2025-02-18 11:07:19~24933|Pigeons yb|4|juliespad14@aol.com||8|Mr Slaveck|07976945460|9 Goodall Street|Macclesfield|Cheshire East|SK11 7BD|Richard Parker|62 Headley Way|Oxford|Oxfordshire|OX3 0LX|01865765586|Delivery||JulieB||1|2025-02-18 11:01:39~24934|Pigeons yb|30|juliespad14@aol.com||8|Ronnie Nicklin|07933154791|68 Graham AvenueHessle Road|Hull|Kingston upon Hull|HU4 7AW|Ronnie Evans|24 Stafford Grove|Sunderland|Tyne and Wear|SR5 2RL|07756563532|Collection|They may be paying half each for the delivery |JulieB||1|2025-02-18 11:01:25~24935|Pigeons ob|4|juliespad14@aol.com||8|Justin Rogers|07918027298|Bosliven Farm|St Buryan|Penzance|TR19 6BD|John Adams|148 Sowerby Crescent|Middlesbrough|North Yorkshire|TS9 5EE|07596428331|Delivery||JulieB||1|2025-02-18 11:01:04~24936|Alexandrine |1|moongill_uk@yahoo.com||8|Moon Gill|07778856657|15 Leggatston Avenue|Glasgow|Glasgow City|G53 7PW|Moon Gill|15 Leggatston Avenue|Glasgow|Glasgow City|G53 7PW|07778856657|Delivery|Hi please contact 07778856657 I want to buy a bird |||1|2025-02-18 11:09:04~24937|Finches |5|lordoftheparrot@hotmail.co.uk||09|Brian brae|07719928465|85 Roberts Road|Aldershot|Hampshire|GU12 4RB|David uttely |36 Housley Park|Sheffield|South Yorkshire|S35 2UE|07437658160|Delivery||||1|2025-02-24 11:35:51~24938|PIGEON|1|elimarbookings@gmail.com|ELIMAR 91022|08|MARK LYFORD|07805050909|40 ASHBY ROAD|SWADLINCOTE|DERBYSHIRE|DE126DJ|COLIN DE SYNDER|18 HEOL GABRIEL|WHITCHURCH|CARDIFF|CF141JJ|07597245298|Account|ELIMAR 91022

GB24V63588|admin||1|2025-02-18 11:10:42~24939|PIGEONS|2|elimarbookings@gmail.com|ELIMAR 91048|08|JACK LAVENDER|07468869495|48 CLIVDEN RD |LACHE ESTATE|CHESTER|CH48DS|VASCO CURACIUC|12 DRYBURG GDS|WHITE OTHER |LONDON |NW99TS|07404930683|Account|ELIMAR 91048

Queen. Dam and g dam of fed winners Gb 14|admin||1|2025-02-18 11:12:45~24940|Pigeons yb|6|juliespad14@aol.com||8|Sean Haigh|07783564149|42 East Street|Barnsley|South Yorkshire|S73 9AE|AAled, Bridgend Rad Ltd|6 Millers Avenue|Bridgend|Bridgend County Borough|CF32 9TD|07875651546|Delivery||JulieB||1|2025-02-18 11:15:28~24941|Pigeons yb|9|juliespad14@aol.com||09|Robert Jones |07968775472|85A Neath Road|Neath|Neath Port Talbot|SA11 4AN|Who Dares Wins|Chapel Farm, Plains Lane|Blackbrook|Derby|DE56 2DD |07368307667|Collection|COLLECTION 25TH FEBRUARY AS AGREED WITH GARY TOMLINSON |JulieB||1|2025-02-24 11:35:51~24942|Baby Snakes|4|juliespad14@aol.com||8|Luke Deakon |07895252104|10 Hill's Close|King's Lynn|Norfolk|PE32 2DY|Michael Robertson|117 Park Road|Dukinfield|Greater Manchester|SK16 5LX|07821769806|Delivery||JulieB||1|2025-02-18 13:51:53~24943|Racing Pigeon |1|shimmy290369@sky.com||8|Matthew Munslow|07301549465|66 Elmdon Lane|Marston Green|Birmingham|B377EQ|Steve Shimwell|21 Highgrove Court |Altofts|Normanton|WF62TY |07720649927|Delivery||||1|2025-02-18 13:51:05~24944|Pigeon|1|juliespad14@aol.com||8|John Crehan|07932552626|21 Nine Acre Drive|Salford|Greater Manchester|M5 3FG|Lois Milne|Springfield House|Suttonfield Road|Sutton, Doncaster|DN6 9JX|07525761694|Delivery|GB23B51778|JulieB||1|2025-02-18 13:50:46~24945|REPTILE|1|highflyerscouriers@gmail.com|admin|08|ZOOLOGOICAL|00000000000|..|..|..|SS132JZ|SMITHSPE|SMITHS PETS, PORTRACK LANE |STOCKTON ON TESS |DURHAM|TS182NR|07396521724|Account|0081PAID|admin||1|2025-02-18 13:50:08~24946|PIGEON|1|elimarbookings@gmail.com|ELIMAR|08|ADNY COLBY [MARK LYFORD]|07983700897|8 BELVEDERE RD|HULL|HUMBERSIDE|HU139JJ|COLIN DE SYNDER|18 HEOL GABRIEL|WHITCHURCH |CARDIFF|CF141JJ|07597245298|Account|ELIMAR PAID 
91022
GB24V635588|admin||1|2025-02-18 13:50:08~24947|Pigeon|12|markfraser30@yahoo.co.uk||10|Mark/Dave Cowell|07517924141|6 Greenhill Gardens|Ramsgate|Kent|CT12 4EW|Mark Fraser|30 Queen's Avenue|Deeside|Flintshire|CH5 4XE|07920866879|Delivery||||1|2025-03-02 11:38:44~24948|PIGEON|1|HIGHFLYERSCOURIERS@GMAIL.COM|ADMIN|08|CENTRAL LOFTS|07851681114|THE PADDOCKS|||CM133SN|FRANK REDFERN|CLAYWORT HOUSE|CHURCH LANE|CLAYWORTH|DN229AN|01777817287|Delivery|23B-26477|admin||1|2025-02-18 13:50:07~24949|Pigeon|2|juliespad14@aol.com||8|Machar Amir|07448517174|39 Dairy House Road|Derby|Derby|DE23 8HN|Dariusz Piatek|53 Coburg Crescent|London|Greater London|SW2 3HT|07841365679|Delivery||JulieB||1|2025-02-18 13:50:23~24950|PIGEONS YBS|7|elimarbookings@gmail.com|ELIMAR 91153|08|ADRIAN HICKS|07543404236|LYNDHURST  |ST COLUM ROAD|CORNWALL|TR96JR|SUSAN CAMPBELL|7 Rochester Avenue|Bootle|Merseyside|L30 1RH|07803088934|Account|ELIMAR 91153

7 x 2025 Herman Cuesters (buy 6, get 1 free)

Gb2025v|admin||1|2025-02-18 14:06:54~24951|Pigeons |2|bogdanbolea79@gmail.com||8|Tayyab|07722222181|142 Oxford Road|Ackooksgreen|Birmingham|B27 6DU|Bogdan Bolea|169 Ash Road|Glasgow|North Lanarkshire|G67 3DZ|07954101480|Delivery||||1|2025-02-18 14:20:01~24952|Cockateils|5|kirajocoxkjc@gmail.com||09|Jan|07436633756|Spruce court|Salford|Manchester|M6 5EW|Sam|236|The hawthorns|Cardiff |CF237AU|07450224965|Delivery||||1|2025-02-24 11:35:51~24953|Geckos |2|info@mmareptiles.co.uk||09|Melissa Farrer|07467415535|The Right Home Care  Team, Clowne Business Centre|Crown Street, Clowne|Chesterfield|S43 4DN|Kim Cook|17 Burney Drive|Loughton||IG10 2DU|07780008342|Pickup|Please can I book this on for next week 26th for 27th :)
2 Geckos but will be in the same box |||1|2025-02-24 11:35:51~24954|PIGEONS|1|highflyerscouriers@gmail.com|admin|08|CUSTOMER A|00000000000|..|..|..|SO16|LANCE SUMMERS |29 GUNTHORPE RD |LEICESTER|....|LE31SG|07568161111|Delivery|&pound;60.00 COD|admin||1|2025-02-18 17:41:11~24955|PigeonS|2|Krzysztof.Barczyk@thejockeyclub.co.uk||09|Excelsior Pigeon |07904793079|Lower keys park|Keys Park Road |Hednesford|WS 12 2FN|Tadeusz Wojcik|12 Philipps close|12 Philipps close|Philipps Close|CB8 0PB|07703337616|Delivery|GB19S27621

GB23S79015|||1|2025-02-24 11:35:51~24956|BOX|1|highflyerscouriers@gmail.com|admin|08|HAYLEY|00000000000|.|||CW124PD|EVIE|24 DENSOLE WAY|DENSOLE ||CT187BQ|07514232554|Collection||admin||1|2025-02-18 21:02:02~24957|Tortoises|3|emma@tortoise-den.co.uk|The Tortoise Den|08|Steve and Emma|07756878271|The Tortoise Den Ltd|Prees Green|Whitchurch|SY13 2BP|Gary Barker|Thorpe House,61 Richardshaw Lane|Pudsey|West Yorkshire|LS28 7EL|07542852133|Account|1 x tortoise box, 2 x product boxes.
Delivery - Thursday 20th February as discussed with Kev, thank you!||HF 0051 500|1|2025-02-19 12:44:31~24958|Pigeons ob|13|juliespad14@aol.com||09|Customer A|07708015880|162 Crescent Road|Telford|Telford and Wrekin|TF1 5LF|Customer B|83 Eastbourne Road|Darlington|Darlington|DL1 4EP|07492606868|Delivery||JulieB||1|2025-02-24 11:35:51~24959|Pigeon|12|markjcowell@yahoo.co.uk||09|Mark Cowell |07517924141|6 Greenhill Gardens |Minster|Ramsgate kent|CT12 4EW |Jeff lewless|37 upper road|Connah quay|Flintshire|CH5 4XQ|07842516156|Delivery|12 babies
Requiring 2 larges boxes please|||1|2025-02-24 11:35:51~24960|Birds |6|sandersdougie@gmail.com||09|Doug |07816824239|3 Orchard Lane|Tadcaster|North Yorkshire|LS24 9PN|C coleman|16 Deans Walk|Ashford|Kent|TN23 5BN|07984058232|Pickup||||1|2025-02-24 11:35:51~24961|Pigeon|1|juliespad14@aol.com||08|Excelsior Pigeons|00000000000|Excelsior |Excelsior |Excelsior |CW11 1RW|Ted Davan|143 Church Road|Liverpool|Merseyside|L21 7LJ|01519200103|Delivery||JulieB||1|2025-02-19 14:01:26~24962|REPTILE|1|highflyerscouriers@gmail.com|admin|08|ZOOLOGOICAL|00000000000|..|..|..|SS132JZ|happy tortoise habbitat|18F|LAKE ENTERPRICE PARK|HULL|HU70YQ|07514736629|Account|PAID 082|admin||1|2025-02-19 14:03:29~24963|Pigeon|2|webbos@talktalk.net||09|John Gerrard |07932742126|123 Gough Crescent ||pool|BH17 7JJ|Tim Webster|6 Orchard Cottage Shaw Brow|Chorley|Lancashire|PR6 7LE|07859029081|Delivery||||1|2025-02-24 11:35:51~24964|PIGEON|2|pedrogratton@gmail.com||09|P GRETTON|07730894183|81 Cairo Avenue|Peacehaven|East Sussex|BN10 7LA|J SWIFT|SOUTHVIEW RIDING SCHOOL|SILOK WILLOUGHBY|Lincolnshire|NG34 8RU|07739360789|Pickup|RPRA ONE LOFT|||1|2025-02-24 11:35:51~24965|SNAKE|1|globalgeckossales@gmail.com|Global Geckos|09|WILL THOMAS|07703688803|18 UPDOWN HILL|WINDLESHAM|SURREY|GU20 6AF|WAYNE SNAITH|1 HIGHVIEW COURT|FLINT HILL,DIPTON,STANLEY|CO DURHAM|DH9 9JX|07977383935|Pickup||||1|2025-02-24 11:35:51~24966|Poultry|3|victoriapws83@gmail.com||11|Victoria Bird|07732800619|Craythorne farm|||EX21 5XG|Victoria Bird|11 Austhorpe Court||Leeds|LS15 8TE|07583144600|Delivery||||1|2025-03-02 11:43:06~24967|Parakeet|2|lordoftheparrot@hotmail.co.uk||09|Brian brae|07719928465|85 Roberts Road|Aldershot|Hampshire|GU12 4RB|Mr raymond|20 Hill Path|Plymouth|Plymouth|PL5 2QF|07152361926|Pickup||||1|2025-02-24 11:35:51~24968|Parrot|1|i.parker3@sky.com||09|Ian Bradley|07811492163|198A Station Road|Long Eaton||NG10 2EL|Karl Parker|3 Cunningham Crescent |West Howe|Bournemouth,  Dorset.|BH11 8DN|07970144582|Delivery||||1|2025-02-24 11:35:51~24969|pigeons|6|andrewagnew1@hotmail.co.uk||09|stuart innet|07860868943|93 Waseley Road|Birmingham|Worcestershire|B45 9TL|andrew agnew|2 bowmont forest sawmill cottages, bowmont forest|Kelso|Scottish Borders|TD5 8EA|07541665993|Delivery||||1|2025-02-24 11:35:51~24970|Pigeon |1|craigroppa1973@gmail.com||09|John short|07779800301|Unit 14/15|Lenzimill ind est |Cumbernauld |G67 2RL|Craig Robson |12 cypress sq|Silksworth|Sunderland |SR3 1HA|07444199567|Delivery||||1|2025-02-24 11:35:51~24971|Pigeons yb|8|juliespad14@aol.com||09|Michael Lovelock |07921098874|30 Roselyn|Shrewsbury|Shropshire|SY1 4LR|Gary Kane|16 Harrysmuir Road South|Livingston|West Lothian|EH53 0NY|07905408155|Delivery||JulieB||1|2025-02-24 11:35:51~24972|Pigeons yb|3|juliespad14@aol.com||09|Mark Marrison|07934661316|10 Anfield Road|Newcastle upon Tyne|Tyne and Wear|NE3 3LL|Mr Evans |10 Acacia Avenue|Brentford|Greater London|TW8 8NR|07730953828|Delivery||JulieB||1|2025-02-24 11:35:51~24973|Pigeons yb|10|juliespad14@aol.com||09|John Taylor|07555585795|31 Brook Street|Workington|Cumberland|CA14 2TW|Michael McDonald|10 Netherton Grange|Bootle|Merseyside|L30 8RF|07982448874|Delivery||JulieB||1|2025-02-24 11:35:51~24974|Racing pigeon |1|neild0811@live.co.uk||09|Neil Dinning |07984040040|11 Beechwood Avenue|Choppington|Northumberland|NE62 5AP|Jackie Moore |11 Salisbury Road|Keighley|West Yorkshire|BD22 6DU|07960033221|Delivery||||1|2025-02-24 11:35:51~24975|Pigeon|6|martinplumber@yahoo.com||09|Stuart Laws|07711534797|58 Poole Road|Poole|Dorset|BH16 5JD|Marcin Grzedowicz|23 Long Gages|Basildon|Essex|SS14 2DU|07882006370|Delivery||||1|2025-02-24 11:35:51~24976|Bird|2|jeffdavies85@yahoo.co.uk||09|Jeff|07527899730|25 Dwyfor|Llanelli|Carmarthenshire|SA14 9EH|Gary|Chapel Farm plains lane|Blackbrook|Derbyshire|DE56 2DD|07368307667|Pickup||||1|2025-02-24 11:35:51~24977|Cockatoo|1|juliespad14@aol.com||09|Anthony Anderson|07887732331|64 Derwent Drive|Swindon|Swindon|SN2 7NJ|John Robertson|Brickwall Farm|Maldon Road|Colchester|CO3 0SH|07860518600|Delivery||JulieB||1|2025-02-24 11:35:51~24978|Budgies|10|juliespad14@aol.com||09|Frank McGovern|07768838308|5 Chaffinch Close|Liverpool|Merseyside|L12 0NX|Ronnie Nesbitt|227 Saint Luke's Road|Sunderland|Tyne and Wear|SR4 0AN|01915140188|Collection||JulieB||1|2025-02-24 11:35:51~24979|Budgies|2|juliespad14@aol.com||09|Frank McGovern|07768838308|5 Chaffinch Close|Liverpool|Merseyside|L12 0NX|Steve and Alison Hart|86 Easter Drive|Aberdeen|Aberdeenshire|AB12 4XD|07767813843|Collection||JulieB||1|2025-02-24 11:48:00~24981|Pigeons ob|2|juliespad14@aol.com||09|Helen Smith|07518088834|19 Edinburgh Road|Lauder|Scottish Borders|TD2 6TW|Tom Sweeny |7 Willow Avenue|Huyton|Merseyside|L36 5UA|07783970595|Delivery||JulieB||1|2025-02-24 11:48:00~24982|WRONG PIGEON|1|elimarbookings@gmail.com|ELIMAR 90976|09|COLIN DE SNYDER|07597245298|18 HEOL GABRIEL|WHITCHURCH|CARDIFF|CF141JT|WAYNE BLEMMINGS|88 ESSEX AVE |CONSETT|DURHAM|DH88DG|07787420568|Account|ELIMAR 90976

PIGEON MARKED UP WRONG SENT FROM ANDY COLBY VIA MARK LYFORD|admin|GB24V64510|1|2025-02-24 11:48:00~24983|Pigeons yb|7|juliespad14@aol.com||09|Mr Cullen|07880975137|21 Observatory Road|Prenton|Merseyside|CH43 7QJ|Mr Santos|16 Crosswells Way|Cardiff|Cardiff|CF5 4QX|07807109759|Collection||JulieB||1|2025-02-24 11:48:00~24984|Parrot|1|shireenshireen28@yahoo.com||10|Shireen Nadeem |07841724052|19 kingsway |Wollaston |Stourbridge |DY84SU|Sobia Khanum|78 Quarry Bank Road|Bradford|West Yorkshire|BD2 3GL|07383439592|Delivery||||1|2025-03-02 11:39:18~24985|Pigeon|10|davecowell@hotmail.co.uk||09|Dave Cowell|07878802407|15 Queen Eleanor Road|Kettering|North Northamptonshire|NN14 1AY|Jeff Lewless|37 Upper Road|Connahs Quay|Flintshire|CH5 4XQ|07842516156|Pickup||||1|2025-02-24 11:48:00~24986|Pigeon|1|juliespad14@aol.com||09|Customer A|07976949112|Punch Tree HouseReading Road North|Fleet|Hampshire|GU51 4HS|Tudor Matei Daniel|325A Willenhall Road|Wolverhampton|West Midlands|WV1 2HD|07503707913|Delivery||JulieB||1|2025-02-24 11:48:00~24987|Rats |2|juliespad14@aol.com||09|Steven Rudge|07720243613|47 Mercia Drive|Perton|Wolverhampton |WV6 7NH|Jordan Whitear|18 St Faithes Close|Gosport|Portsmouth |PO12 3PP|07399580870|Collection||JulieB||1|2025-02-24 11:48:00~24988|pigeon|7|nantycorn@btinternet.com||09|Paul Dalton|07963099296|Nant y Corn kennels|st. George road , Abergele|Conwy|LL22 9BN|Peter Robinson|9 Littledale |Kendal|Cumbria|LA97SG|07989242398|Pickup|Drivers have been here before The boarding kennels on st.george road Abergele  Please press buzzer top of drive for gates to open Thank you|||1|2025-02-24 11:48:00~24989|Pigeons|6|davecowell@hotmail.co.uk||09|Dave Cowell|07878802407|15 Queen Eleanor Road|Kettering|North Northamptonshire|NN14 1AY|Michael Jones|4 Heol Bennion|Wrexham|Wrexham Principal Area|LL14 3NA|07885372509|Delivery||||1|2025-02-24 11:48:00~24990|Pigeon |8|trsa514@aol.com|David sara|09|David Sara |07731995202|17 Weeth Road|Camborne |Cornwall |TR14 7HU|Ryan carter|22 Chilton avenue |Stowmarket|Suffolk|OP141LB|07468435701|Pickup|||Tr147hu|1|2025-02-24 11:48:00~24991|Pigeon |1|leemoore2917@icloud.com||09|Noel Thomas|07708453847|8 Islwyn, Bryn|Llanelli |S Wales|SA14 9AP|Lee moore|17 Wilson street |Stanley Crook|County Durham|DL15 9RU|07788775927|Delivery|Hi would it be possible for you to pick this pigeon up for me please. 
Thanks Lee|||1|2025-02-24 11:48:00~24992|PIGEONS|3|Krzysztof.Barczyk@thejockeyclub.co.uk||09|Justin Rogers |07918027298|Bosilven farm |St Buryan|Penzance |TR19 6BD|Tadeusz Wojcik|12 Philipps Close|Newmarket|Philipps Close|CB8 0PB|07703337616|Delivery||||1|2025-02-24 11:48:00~24993|African grey|1|mchsouthwest@aol.com||09|Mell|07907725473|45 Almond Court|Stirling|Stirling|FK7 7QS|Mark Hammill|Eastside Lane |Wilton farm ||TA7 8FB|07765961296|Pickup||||1|2025-02-24 11:48:00~24994|Pigeons yb|6|juliespad14@aol.com||09|Terry Moor|01795421350|49 Brier Road|Sittingbourne|Kent|ME10 1YJ|Aled|Bridgend Rads Ltd|Unit 2 , 6 Millers Ave|Brymenyn Industrial Estate |CF32 9TD|07875651547|Delivery||JulieB||1|2025-02-24 11:48:00~24995|PIGEON|1|highflyerscouriers@gmail.com|admin|09|GARY TAVENER|00000000000|3 HIGH STREET|ABERTRIDWR|CAEPHILLY|CF834DD|CUSTOMER B|IRELAND |IRELAND |IRELAND|BT251QB|07399528201|Delivery|&pound;120 COD|admin||1|2025-02-24 11:48:00~24996|FINCHES|2|highflyerscouriers@gmail.com|admin|09|WAYNE DAVIES |00000000000|61 REHOBOTH RD|LLANELLI|CARMATHANSHIRE |SA155DZ|KEITH REAM|7 PARK CRES |METHERINGTON|LINCOLN|LN43HH|07860730010|Delivery|&pound;60.00 COD |admin||1|2025-02-24 11:48:00~24997|Pigeon Youngsters|6|lloydla13@hotmail.co.uk||09|Lloyd|07477135169|Corwen Hand Car Wash|London Road|Corwen|LL21 0DS|Bill &amp; Pat Lees|39 Careless Green|Wollescote|Stourbridge |DY9 8XE|07913258811|Delivery|Please text or call me 30 minutes before pick up please|||1|2025-02-24 11:48:00~24998|PIGEONS|1|highflyerscouriers@gmail.com|admin|09|DEREK NICHOLS|07725238211|5 DORSET AVE |BARRY|S WALES |CF631BH|NAWAF MOLON|48 GALSWORTHY RD |BARNET|LONDON|NW22SH|00000000000|Delivery|&pound;60.00 COD 
GB23S82445|admin||1|2025-02-24 11:48:00~24999|PIGEONS YBS|3|highflyerscouriers@gmail.com|admin|09|MARK MORRISON |07934661316|10 ANFIELD RD |NORTH KENTON|NEWCASTLE |NE33LL|MR EVANS |10 ACACIA AVE|BRENTFORD |MIDDLESEX|TW88NR|07730953828|Delivery|&pound;60.00 COD|admin||1|2025-02-24 11:48:00~25000|Pigeon |12|tonyashort72@aol.com||09|Tonya Short|07737981605|27|Burnley close |Newton abbot |TQ12 1YB|Linjoy wildlife sanctuary and Rescue|15|Lincoln Road|Burton on Trent |DE15 9HP|07780742748|Pickup||||1|2025-02-24 11:48:00~25001|Pigeon|1|koohvar@gmail.com||09|Shahram|07739174357|3 Kinver Croft|Walmley|Sutton Coldfield|B76 1SF|Mohammad Baniko|28 Poppy Avenue|Netherton|Huddersfield|HD4 7FJ|07450572546|Delivery||||1|2025-02-24 11:48:00~25002|Budgie |2|safetypins_and_superglue@hotmail.com|Golden Wings |09|Savannah Smith |07947802219|10 Shenstone Gardens|Harold hill|Romford |RM3 7NU|Lauren Adams |1c Priors Croft |Torphichen |West Lothian |EH48 4NG|07561767422|Delivery|&pound;65 Cash on delivery |||1|2025-02-24 11:48:00~25003|Pigeon |2|jamiewilliams1975@msn.com||09|John Crehan|01618727198|21 Nine Acre Drive|Salford|Greater Manchester|M5 3FG|Mark Williams|163 Randlesdown Road|London|Greater London|SE6 3SR|07506868522|Delivery|GB22S47388, GB23B51740.|||1|2025-02-24 11:48:00~25004|Pgeon |6|paulm955915@mail.com|PaulM|09|Billy elliot|07447352199|112 Cropwell gardens|Reakington |Gateshead |NE97QF|Peter Hughes | 5Elwy park|Trevenent ||LL164UY|07733466941|Delivery|6 x Y B S 55cod |PaulM||1|2025-02-24 11:48:00~25005|Pgeon |12|paulm955915@mail.com|PaulM|09|Mr price |07766662956|4 bamela street||Cardiff |CF453LH|Mr mise|36 ffordd. Ffynnon|Ryle ||LL182SR|07860202900|Delivery|12 x Y B S
55cod |PaulM||1|2025-02-24 11:59:14~25006|Blackbirds |3|paulm955915@mail.com|PaulM|09|And y|07403433050|146 st John's rd|Cannock ||WS110AG|Ron smith|346 Beccles rd||Norwich |NR338HN|07947543016|Collection|60coc |PaulM||1|2025-02-24 11:59:14~25007|Pgeon |6|paulm955915@mail.com|PaulM|09|Kieth |07943013701|Old Hall Farm |Old Hall lane|Chester |CH37RT|Mr David son|14 brdewood rd|Kilwinning ||KA137AL|07725731810|Collection|6x Y B S 
65coc |PaulM||1|2025-02-24 11:59:14~25008|Pgeon |1|paulm955915@mail.com|PaulM|09|Rob pugh|07792323049|Keeping coaches|Gasworks rd|Aberdare |CF446RS|Mike cook|45 pasture rd|Barton upon humber||DN185HT|07513959237|Delivery|Nwhu24a2455
55cod |PaulM||1|2025-02-24 11:59:14~25009|Pgeon |1|paulm955915@mail.com|PaulM|09|Steve Wright,,house of arden |01208821881|Jolly Brook farm|Temple |Bodmin|PL304HP|Allen|16 pearl rd|Salterbeck ||CA145EE|07545531402|Delivery|Belg215050
60cod |PaulM||1|2025-02-24 11:59:14~25010|Pigeon|1|davie_simpson100@yahoo.com||09|Steve &amp;lesley wright|01208821881|Jolibrook barn temple Bodmin |Cornwall |9 Brantwood Terrace|PL30 4HP|David simpson|9 Brantwood Terrace|Bishop Auckland ||DL14 9TA|07880752100|Delivery||||1|2025-02-24 11:59:14~25011|Pgeon |16|paulm955915@mail.com|PaulM|09|Owen |07951898549|9 pen y bryn rd|||SA44UJ|Premier one loft,Jeremy Davies |Rye st|||WR136AS|07739148679|Collection|Code hs00518874b...
53 coc. |PaulM||1|2025-02-24 11:59:14~25012|racing pigeon|1|gwjames1965@gmail.com||09|mr les green|07720891844|93 harewoood road|irlam| manchester|M44 6DL|mr g james|15 Merrivale Crescent|ross-on-wye|Herefordshire|HR9 5JU|07879601399|Delivery||||1|2025-02-24 11:59:14~25013|reptiles|1|globalgeckossales@gmail.com||09|Will Thomas|01276423137|Global Geckos Reptile Shop|18 Updown Hill|Windlesham|GU20 6AF|Becky Jarvis|18 Verity Walk|Harrogate|North Yorkshire|HG2 9QE|07787969153|Pickup||||1|2025-02-24 11:59:14~25014|Parrot |1|paulm955915@mail.com|PaulM|09|Mo|07759912587|15 north borne Street |Newcastle-upon-Tyne ||NE46TA|Elisha|38 Holland rd|Oxted ||RH89BN|07428623145|Collection|60coc |PaulM||1|2025-02-24 11:59:14~25015|Parrot |1|paulm955915@mail.com|PaulM|09|Mo|01918142626|Norton||16 nth borne street|NE46TA|Emma|21 cherry croft|Oxfordshire ||OX127GF|07510154552|Collection|60coc |PaulM||1|2025-02-24 11:59:14~25016|Pigeon|1|info@louella.co.uk||09|Louella|01530242255|Hall Farm Copt Oak Road|Loughborough|Leicestershire|LE12 9XL|Mr C Madu|27 Saint Mary's Close|Elloughton, Brough|East Riding of Yorkshire|HU15 1JF|07930154426|Pickup||||1|2025-02-24 11:59:14~25017|Pigeons|2|Pickering431john@mail.com||09|Matt munslow |07975921513|66 Eldon lane|Marston green||B377EQ|John pickering|58 Cromwell Avenue||Winlaton|NE214RS|07379972112|Delivery|Will you arrange pickup with matt|||1|2025-02-24 11:59:14~25018|Finches |2|paulm955915@mail.com|PaulM|09|Dn dod|07783989402|183 new beacon rd|Grantham ||NG319LJ|Paul|9 sibbled place|Livingston ||EH546RT|07775604549|Delivery|65cod |PaulM||1|2025-02-24 11:59:14~25019|Tortoises|2|torthut@gmail.com||09|Imogen Tansley|07827224894|Wood Park Bungalow|Avonwick|South brent |TQ10 9ES|Asquil Islam|65 Fritham Road|Southampton|Southampton|SO18 5FZ|07388867698|Pickup|Delivery this week please 27th Feb |||1|2025-02-24 11:59:14~25020|Norwich canary|4|l.webb6@sky.com||09|Dick hoskins|07718903550|70 Mount Pleasant|Hayle|Cornwall|TR27 4LE|Les webb|93 West End|Street|Somerset|BA16 0LJ|01458442776|Delivery||||1|2025-02-24 11:59:14~25021|Conure |2|haadiyahahmad2@gmail.com||09|Rabin Parveen|07414066939|20 Kilner View|Dewsbury|Providence court |WF12 9HH|Haadiyah Ahmad|Flat 5 |22 Edgecumbe Avenue|Newquay| TR7 2NH|07878165993|Delivery|Conures will have own cage. Thank you |||1|2025-02-24 11:59:14~25022|Pigeons yb|10|juliespad14@aol.com||09|Steve Wright House of Arden|01208821881|Jolly Brook Farm|Temple|Bodmin|PL30 4HP|Mr P Begg|39 Marchburn Drive|Aberdeen|Aberdeen City|AB16 7LX|07490145845|Delivery||JulieB||1|2025-02-24 11:59:14~25023|Pigeons|2|ryan.campbell@hotmail.co.uk||09|2 Arkin Cottage|07516623893|12 Stead Lane|Bedlington|Northumberland|NE22 5LY|Ryan Campbell|2 Arkin Cottage|Langholm|Dumfries and Galloway|DG13 0HQ|07714957452|Delivery||||1|2025-02-24 11:59:14~25024|Pigeons y/b|4|tadt1@outlook.com||09|Tad Truszkowski |07718588686|The Gatehouse, Craven Court,|Burton Road |Melton Mowbray |LE13 1FB|R Goral|75 Fawdon Park Road |Gosforth |Newcastle upon Tyne |NE3 2PQ|07939426135|Delivery||||1|2025-02-24 11:59:14~25025|Racing pigeon |4|neild0811@live.co.uk||09|Anton Astore |07980915160|Rowberton|Rowsham Road|Aylesbury |HP22 5DZ|Neil Dinning|11 Beechwood Avenue|Choppington ||NE62 5AP|07984040040|Delivery||||1|2025-02-24 11:59:14~25026|Pgeon |6|paulm955915@mail.com|PaulM|09|Joe DAVIES |07411020414|10 Cleveland View|Stockton-on-Tees|County Durham|TS21 4BZ|SEAN MCTEER|72 Newbold Road|Leicester|Leicestershire|LE9 9GS|07871692897|Delivery|6 x YBS
55cod |PaulM||1|2025-02-24 11:59:14~25027|Pgeon |6|paulm955915@mail.com|PaulM|09|JOE|07411020414|10 Cleveland View|Stockton-on-Tees|County Durham|TS21 4BZ|HERBIE HINES|293 POYNTERS RD|DUNSTABLE||LU54SJ|07858851725|Delivery|6 x Y B S 
55COD |PaulM||1|2025-02-24 11:59:14~25028|Pgeon |1|paulm955915@mail.com|PaulM|09|Peter|07977576987|38 CHURCH RD||Ķent|TN240LE|Andrew|13 manorcroft |W.yorks||WF62EG|07427584508|Delivery|55cod |PaulM||1|2025-02-24 11:59:14~25029|Finches |3|paulm955915@mail.com|PaulM|09|Pedro |07899771004|2a hainault court|Brimfield ave||N134JN|Rudyard jones|5 long meadow |Monkton|Penbroke |SA714FA|07308859763|Delivery|60cod |PaulM||1|2025-02-24 11:59:14~25030|Pgeon |1|paulm955915@mail.com|PaulM|09|Wafar|07761616262|69 Musgrove rd|Motor garage |Birmingham |B185HH|Harris|15 22 Merryfield rd|Food and newsshop|Glasgow |G209AD|07402439394|Delivery|65cod |PaulM||1|2025-02-24 12:08:03~25031|Pgeon |6|paulm955915@mail.com|PaulM|09|A n other |07783564149|42 East st||Barnsley |S739AE|Simon Brooks |143 Melbourne rd|Notts||NG85HJ|07709859578|Delivery|6 x Y B S 
55cod |PaulM||1|2025-02-24 12:08:03~25032|Chicks |1|paulm955915@mail.com|PaulM|11|Ben shire|07538801135|7 sandy Lane caravan site|Watford ||WD258HF|Mason Watson |TOMORAH |Surrone rd|Scotland |DG165AL|07826104594|Delivery|85cod |PaulM||1|2025-03-02 11:43:35~25033|Pgeon |1|paulm955915@mail.com|PaulM|09|Lee clark|07522894214|29 Carrington rd||Aylesbury |HP218JD|Ray |89 the meadows ||Leicester |LE129QL|07733081921|Delivery|60cod |PaulM||1|2025-02-24 12:08:03~25034|Bird of prey|2|s.philips2008@btinternet.com||09|Stuart timson|07595894434|Riverside farm|Main st|Newark notts|NG22 0PP|Kevin Phillips |20 Ilminster Road|Taunton |Somerset|TA1 2DR|07779016297|Delivery|Please call prior to collection and delivery
Thanks|||1|2025-02-24 12:08:03~25035|Pgeon |24|paulm955915@mail.com|PaulM|09|P and d pigeons |07492481733|106 Marsh lane|||B712DL|Andy|13 captains walk |Motherwell ||ML15TU|07391052494|Delivery|24x Y B S 
85cod |PaulM||1|2025-02-24 12:08:03~25036|Bird of prey|2|s.philips2008@btinternet.com||09|Stuart timson|07595894434|Riverside farm|Main st|Newark notts|NG22 0PP|Kevin Phillips |20 Ilminster Road|Taunton |Somerset|TA1 2DR|07779016297|Delivery|Please call prior to collection and delivery
Thanks|||1|2025-02-24 12:08:03~25037|Pigeons yb|2|juliespad14@aol.com||09|Gary Tavenor |07497203859|3 High Street |Abertridwr|Caerphilly |CF83 4DD |Customer B|83 Lonsdale Road|Millom|Cumberland|LA18 4AS|07719081033|Delivery||JulieB||1|2025-02-24 12:08:03~25038|Pigeons yb|6|juliespad14@aol.com||09|Gary Tavenor |07497203859|3 High Street |Abertridwr|Caerphilly |CF83 4DD |John Porter |41 Brittons Drive|Belfast|Belfast|BT12 7PL|07773892258|Delivery||JulieB||1|2025-02-24 12:08:03~25039|Pgeon |4|paulm955915@mail.com|PaulM|09|Mr cullom|07880975137|21 observatory rd||Birkenhead |CH437QJ|Premier one loft,Jeremy Davies |Rye st|||WR136AS|07739148679|Collection|Code hs given 
45 deal|PaulM||1|2025-02-24 12:08:03~25040|Y/Birds 0|2|015134517@TalkTalk.net||09|Lana lake|07711164397|22 Trevithick Road|Redruth|Cornwall|TR15 3NS|Stephen|114 Avondale Drive|Widnes|Halton|WA8 7XQ|07864955533|Delivery||||1|2025-02-24 12:08:03~25041|owls|3|rod@scottishowlcentre.com||09|Mr. Mike Horne|01945880063|158 Church Road|Tilney|St. Lawrence, King's Lynn, Norfolk|PE344QG|Scottish Owl Centre|Polkemmet Country Park|Bathgate|West Lothian|EH47 0AD|01501228722|Delivery||||1|2025-02-24 12:08:03~25042|Pigeon|1|m_foxcroft@hotmail.com||09|Derek Nicholls|07725238211|5,Dorset avenue|Barry|S Wales|CF63 1BH|michael Foxcroft|38,Belle vue drive|Bowerham|Lancaster|LA1 4DE|07740178542|Delivery|HI, will it be picked up on Wednesday and delivered Thursday, I am going away on holiday on the 1st march.|||1|2025-02-24 12:08:03~25043|Finches |7|paulm955915@mail.com|PaulM|09|P and s birds|07874844121|14 pennington oval|Leamington ||SO418BQ|Banton|113 B albyn rd|Lewisham ||SE84EB|07362629320|Delivery|60cod |PaulM||1|2025-02-24 12:08:03~25044|Canary |8|vhedzia@yahoo.co.uk||09|Joe Farrar|07861305877|51 Holloway|Derby|Derbyshire|DE65 6RH|Will Haxhija|6 Royle Crescent|London|Greater London|W13 0BH|07909930739|Delivery||||1|2025-02-24 12:08:03~25045|Pgeon |16|paulm955915@mail.com|PaulM|09|A n other |07759193301|18 glouster terrace |Durham ||DH62EG|Raja|39 Crediton avenue |Bradford ||BD157TP|07708378913|Delivery|16 x O B S

&pound;160.00 OUTLAY 

&pound;233.00 COD

DEL 07706667867
|PaulM||1|2025-02-24 12:08:03~25046|Canaries|6|nmlawson1960@yahoo.co.uk||09|Keith|07956039727|Prestonmill|Kirkbean|Dumfries|DG2 8AE|Norrie |170 Saint Fillans Road|Road |Dundee |DD3 9 LD|07763449423|Delivery|Can you leave birds in shed in driveway. Plus money will be in shed as well thanks |||1|2025-02-24 12:08:03~25047|PIGEONS|12|pigeonbert1@gmail.com||09|ASIF ZAFAR|07874246550|4 Eastbourne Avenue|Birmingham|West Midlands|B34 6AL|ALBERT REYNOLDS|37 PENGERSICK ESTATE|PRAA SANDS|PENZANCE CORNWALL|TR20 9RE|07464204247|Delivery||||1|2025-02-24 12:08:03~25048|Pigeon|1|steff30@hotmail.co.uk||09|Excelsior Pigeons|07904793079|Office 1 Unit 7 Key PointLower Keys ParkKeys Park Road|Walsall|Hednesford, Staffordshire|WS12 2FN|Steven McVey|15 Hawthorn Drive|South Ayrshire|Ayr|KA7 3TB |07722630350|Delivery||||1|2025-02-24 12:08:03~25049|Bird  |3|mohammed.leemon@hotmail.com||09|Mohammed |07539239783|54 Waverley Gardens||Barking |IG11 0BH|Kamal |13 Dodds Street|Darlington|Darlington|DL3 6BE|07757984445|Delivery|Pick up from 
54 Waverley gardens ig11 0bh 
 07539 239783

Delivery 
13 dodds Street 
DL3 6BE
0 7757 984445|||1|2025-02-24 12:08:03~25050|Pigeons yb|2|juliespad14@aol.com||09|Gary Tavenor |07497203859|3 High Street |Abertridwr|Caerphilly |CF83 4DD |Ryan Kelly |24 Egan Road|Prenton|Merseyside|CH43 7SJ|07538642649|Delivery||JulieB||1|2025-02-24 12:08:03~25051|Conure |1|haadiyahahmad2@gmail.com||09|Kirsty Waters|07857033670|73 Cwmfelin Road|Llanelli|Carmarthenshire|SA14 9LS|Haadiyah Ahmad|Flat 5|22 Edgecumbe Avenue |Newquay |TR7 2NH|07878165993|Delivery|The bird will come with a cage.|||1|2025-02-24 12:08:03~25052|Pigeon|3|savagejames48@gmail.com||09|68 Blundell Road|07834274353|68 Blundell Road|Widnes|Halton|WA8 8SN|24 Peachleaf Lane|Herrington Grange|Houghton le Spring|Tyne and Wear|DH4 4FQ|07351174000|Delivery||||1|2025-02-24 12:08:03~25053|Pgeon |6|paulm955915@mail.com|PaulM|09|Stuart|07860868943|93 Wesley rd|||B459TL|Ric|8 defley aur|Aberdare ||CF448PX|07962349127|Delivery|6 X Y B S 
55cod |PaulM||1|2025-02-24 12:08:03~25054|Finches |8|paulm955915@mail.com|PaulM|09|Andrew |07530126442|41 tehady rd|Camborne ||TR148TD|Matt|20 Park rd|Great sankey|Warrington |WA53BZ|07862031486|Delivery|60cod |PaulM||1|2025-02-24 12:17:32~25055|Finches |1|paulm955915@mail.com|PaulM|09|Andrew |07530126442|41 tehidy rd|||TR148TD|Andrew Newman |95 ridgewood gardens |Neath||SA113QX|07900655543|Collection|60coc |PaulM||1|2025-02-24 12:17:32~25056|Pgeon |4|paulm955915@mail.com|PaulM|09|J Gerrard |07932742126|123A gough crescent |Poole ||BH177JJ |J patter |27 kirkley drive |Ashington Northumberland ||NE638QQ|07796267873|Delivery|60cod |PaulM||1|2025-02-24 12:17:32~25057|Pgeon |6|paulm955915@mail.com|PaulM|09|Mark|07477646111|63 Winchester rd|West brom ||B712NY|Colin|24 trelawn drive ||Leigh on sea|SS94AQ|07981644031|Delivery|6x ybs
60cod |PaulM||1|2025-02-24 12:17:32~25058|Pigeon|1|morriscarpets@gmail.com||09|Justin rogers|07918027298|Boslivin farm|St buryan Penzance|Cornwall|TR19 6BD|Ian morris|Unit 18 cwmcynon business park|Mountain ash |Mid Glamorgan |CF454ER|07952303504|Delivery||||1|2025-02-24 12:17:32~25059|Pgeon |2|paulm955915@mail.com|PaulM|09|Andrew |07813496085|27 gellifawr rd|Swansea ||SA67PN|John todd|35 welfare close |Co Durham ||SR83RL|07788689547|Delivery|55cod |PaulM||1|2025-02-24 12:17:32~25060|canaries |6|joeesmall@live.com||09|joe small|07818114890|4 Saint Ursula's Close|Salisbury|Wiltshire|SP1 3FY|alan germaney|39 Grey Street|Newcastle upon Tyne|Tyne and Wear|NE287SE|07484339643|Pickup||||1|2025-02-24 12:17:32~25061|Pineapple Conure|1|atifmasood22@hotmail.com|Birds 4 U|09|Birds4U|07400944876|35 New town Shopping Center|Aston|Birmingham|B19 2SS|Abdullah Sajid|19 Thornaby Drive|Bradford|West Yorkshire|BD14 6ER|07727188124|Pickup||||1|2025-02-24 12:17:32~25062|Parrot |6|paulm955915@mail.com|PaulM|09|Gordon |07704727608|11hallwithy rd|Hereford ||HR26HD|Tony |Oakley farm|Access lane|Leamington |SO416FL|07855457720|Delivery|60cod |PaulM||1|2025-02-24 12:17:32~25063|Canaries |4|paulm955915@mail.com|PaulM|09|Joe|07861305877|51 hollaway|Derbyshire ||DE656RH|Derby |5 bramsdale mews|||WF62SZ|07359008741|Delivery||PaulM||1|2025-02-24 12:17:32~25064|Gecko|1|paulm955915@mail.com|PaulM|09|Bonner|07905565908|64 Swansea rd||Reading |RG18HA|Mr Cooper |39 underlane |Plymton|Plymouth |PL71QX|07449429320|Delivery|65cod |PaulM||1|2025-02-24 12:17:32~25065|pigeons|6|nfbradley1@gmail.com||09|Neil Bradley|07954047401|11 Spindrift Close|Askam-In-furness|Cumbria|LA16 7HY|Aled Llewellyn|Bridgend rads Ltd Unit 5|6 Millers Avenue|Brynmenyn Industrial Estate|CF32 9TD|07875651547|Delivery||||1|2025-02-24 12:17:32~25066|Finches n parakeets |30|ashley20-1990@hotmail.co.uk||09|Ash|07904805906|64 lime tree grove |Thorne |Doncaster |DN8 4DQ |Jim robertson |45 hamilton  drive |New cumnock|Ayrshire|KA18 4JR|07711112667|Delivery||||1|2025-02-24 12:17:32~25067|racing pigeon |1|millersofchapelhall@outlook.com||09|mark lyford|07805050909|40 Ashby Road|Swadlincote|Leicestershire|DE12 6EF|martin miller|116 Main Street millers garage |Airdrie|116 Main Street, Chapelhall|ML6 8SB|07926847016|Delivery|gb23v72289|||1|2025-02-24 12:17:32~25068|Pigeon |1|johnmowbray@yahoo.com||09|Matthew munslow |07301549465|66 Elmdon lane|Marsdon Green |Birmingham |B377EQ|John Mowbray |81 Lee Avenue,Shilbottle |Alnwick |Northumberland |NE662UL|07557109273|Delivery||||1|2025-02-24 12:17:32~25069|Pigeon |2|davetommo61@gmail.com||09|John Gerard |07932742126|123 Gough cres|Poole|Dorset|BH177JJ|Dave Thompson |188 Somerset Street|Hessle road|Hull|HU33QG|07922540284|Delivery|Can you please pickup this coming week please|||1|2025-02-24 12:17:32~25070|Pigeon|8|trsa514@aol.com|David sara|09|David Sara |07731995202|17 Weeth Road|Camborne |Cornwall |TR14 7HU|Darren white|35 Playford cresant|Ringland|Newport gwent|NP199HY|07394659723|Delivery|||Tr147hu|1|2025-02-24 12:17:32~25071|Finches|4|lordoftheparrot@hotmail.co.uk||09|Brian brae |07719928465|85 Roberts Road|Aldershot|Hampshire|GU12 4RB|David utterly|46 Housley Park|Sheffield|South Yorkshire|S35 2UE|07437658160|Delivery||||1|2025-02-24 12:17:32~25072|PIGEONS|2|elimarbookings@gmail.com|ELIMAR|09|MARK LYFORD|07805050909|40 ASHBY ROAD|SWADLINCOTE|DERBYSHIRE|DE126DJ|KEVIN COUSINS|7 TOWNSEND |LITTLE DOWNHAM|ELY CAMBS|CB62TA |07973635150|Account|ELIMAR PAID
91156
GB21L36477
GB24V36592|admin||1|2025-02-24 12:17:32~25073|PIGEONS|1|elimarbookings@gmail.com|ELIMAR|09|ROBERT LANGLISH|07831775983|14 CHORLEYOLD RD|WHITTLE LE WOODS|LANCS|PR67LB|WILLIAM DONACHIE|12 BRUCE RD |DUNDEE|ANGUS|DD38LL|07721488129|Account|ELIMAR PAID 
91174
GB20X10786|admin||1|2025-02-24 12:17:32~25074|PIGEONS|2|highflyerscouriers@gmail.com|admin|09|BILLY ELLIOT|07447352199|112 CHOPWELL GDS|WREKENTON|GATESHEAD|NE97QF|PETER HUGHES |5 ELWY PARC|TREFNANT |DENBIGHSHIRE|LL164UY|07733466941|Delivery|&pound;55.00 COD|admin||1|2025-02-24 12:17:32~25075|PIGEONS YBS|5|highflyerscouriers@gmail.com|admin|09|WAYNE BLEMMINGS |07787420568|88 ESSEX AVE |CONSETT |DURHAM|DH88DG|SNOOKER |POTTERIES ONE LOFT RACE |STOKE |STAFFS|ST56AW|00000000000|Account|PAID
FUCK UP LAST WEEK|admin||1|2025-02-24 12:17:32~25076|PIGEONS|1|highflyerscouriers@gmail.com|admin|10|CUSTOMER A|01304210206|144 MAYFIELD AVE |DOVER |KENT|CT162PH|JOE TOMLINSON|IRELAND |IRELAND |IRELAND|BT5|00000000000|Delivery|&pound;120.00 COD|admin||1|2025-03-02 11:37:41~25077|PIGEONS|1|highflyerscouriers@gmail.com|admin|09|EXCELISIOR PIGEONS |07904793079|UNIT 7 KEY POINT |LOWER KEYS PARK|HEDNESFORD|WS122FN|PATTRICK CORBETT|IRELAND |IRELAND |IRELAND|BT09|07849969550|Delivery|&pound;120.00 COD
GB24X22108|admin||1|2025-02-24 12:17:32~25078|PIGEONS|1|highflyerscouriers@gmail.com|admin|09|MIKE  CHADWICK|07711342275|78 VALLEY RD |BARLOW|DRONSFIELD|S187SN|PATTRICK CORBETT|IRELAND |IRELAND |IRELAND|BT11|07849969550|Delivery|&pound;120.00 COD

GB24D84436|admin||1|2025-02-24 12:26:29~25079|Pigeons|6|jdraper1@btinternet.com||09|John Draper|07929066721|School House|Hatford|Faringdon Oxfordshire|SN7 8JF|Mr T Diaz|44 Shilton Lane |Walsgrave|Coventry|CV2 2AB|07751893080|Delivery||||1|2025-02-24 12:26:29~25080|PIGEONS YBS|12|highflyerscouriers@gmail.com|admin|09|PHIL|07786925887|OLD TIMOTHYS YARD|TONPENTRE|S WALES|CF417EE|JAMES BERRY |89 BERRY HILL|STIRLING|SCOTLAND |FK77AH|01786813762|Delivery|&pound;65.00 COD|admin||1|2025-02-24 12:26:29~25082|pigeon |1|bosshogg2009@hotmail.co.uk||09|Les Carter|07904793079|Key PointLower Keys ParkKeys Park Road|Walsall|Staffordshire|WS12 2FN|Andrew Jacklin|80 Pasture Road|Barton-upon-Humber|North Lincolnshire|DN18 5HZ|07895423499|Delivery|Gb 24 x22157|||1|2025-02-24 12:26:29~25083|Pigeon |4|Beynon_79@hotmail.com||09|Rob Beynon|07760929099|Mudeford |Jeffreyston |Kilgetty |SA680RE |UK Premier One LoftRace|Rye street|Birtsmorton|Worcestershire |WR13 6AS|07739148679|Pickup|Glass bungalow with a yellow Bretts to Let sign wooden gates|||1|2025-02-24 12:26:29~25084|Complete Indoor Set Up with ONE Hermann&rsquo;s Tortoises hatched 2024|2|iancrosby668@gmail.com|Tortoises 4 You|09|Tortoises4you|07375143987|15 Escott Court, Chilton Street|Bridgwater|Somerset|TA6 3HU|Lucy Yeowart|73 Park Road|Ashington|Northumberland|NE63 8DN|07857110939|Account|TWO BOXES in this consignment |||1|2025-02-24 12:26:29~25085|Complete Indoor Set Up with One Hermann&rsquo;s Tortoises hatched 2024|2|iancrosby668@gmail.com|Tortoises 4 You|09|Tortoises4you|07375143987|15 Escott Court, Chilton Street|Bridgwater|Somerset|TA6 3HU|Joana Teixeira|4 Rothesay Croft|Birmingham||B32 4JG|07872305745|Account|TWO ITEMS in this consignment.|||1|2025-02-24 12:26:29~25086|canarys|19|trevjen1965@icloud.com||09|mr Dodds|01229772403|holme cottage|Dashatgate|The Hill,Millon|LA185JN|enfield bird centre|cattlegate road|crews hill|Enfield |EN2 9DS|07919102084|Delivery||||1|2025-02-24 12:26:29~25087|Racing pigeons|10|johnjacko974@gmail.com|John Jackson|10|John Jackson |07446851830|59 Treloweth Road |Pool, Nr Redruth |Cornwall |TR15 3NZ |Sam Beresford|16 Westfield Way   |Malpas|Newport, Wales|NP20 6EX|07833540983|Delivery||||1|2025-03-02 11:41:28~25088|PIGEONS|2|highflyerscouriers@gmail.com|admin|09|MAY |07511952556|26 THE AVENUE |HAMBROOK|WEST SUSSEX|PO188TY|DALE MILLER|5 THURNE WAY|ORMESBY |ST MARGRET GT YARMOUTH|NR293SQ|07557478002|Delivery|&pound;60.00 COD|admin||1|2025-02-24 12:26:29~25089|PIGEONS YBS|3|highflyerscouriers@gmail.com|admin|09|MARK CLARE|07878545002|74 WOOD LANE |GRESBY |WIRRAL|CH492PX|WDW|CHAPELL FARM|PLAINS LANE |BLACKBROOK DERBY|DE562DD|00000000000|Collection|&pound;55.00 COC|admin||1|2025-02-24 12:26:29~25090|PIGEON|1|highflyerscouriers@gmail.com|admin|09|WADE DAVIES |07794430038|2 STABLE COTTAGES |CLOWS TOP |WORCESTER|DY149NZ|DEAN RODRICK|6 GLAN DARRELL|LIBERNESS |BRECON|LD38EN|07974606608|Delivery|&pound;55.00 COD
|admin||1|2025-02-24 12:26:29~25091|Tortoise |1|sales@wiltonpets.co.uk|Wilton Pets|09|Jack or Olivia|01268726216|95-97 Pound Lane |Wilton Pet Centre|Bowers Gifford|SS13 2HN|Jessica Morrsion |The Courtyard|Inverurie|Aberdeenshire|AB51 0BS|07904304244|Account|||687|1|2025-02-24 12:26:29~25092|Tortoise |1|sales@wiltonpets.co.uk|Wilton Pets|09|Jack or Olivia|01268726216|95-97 Pound Lane |Wilton Pet Centre|Bowers Gifford|SS13 2HN|Claudia Blake|73 Shaftesbury Grove|Newcastle upon Tyne|Tyne and Wear|NE6 5JA|07803524748|Account|||686|1|2025-02-24 12:26:29~25093|PIGEON|8|highflyerscouriers@gmail.com|admin|09|WRIGHT BROS|07932609315|18A ORCHARD DRIVE |DUNSVILLE|DONCASTER|DN74DG|BRIAN ROBINSON|9 MILL LANE |STANBRIDGE |ROCHFORD|SS42AA|07749940186|Delivery|&pound;60.00 COD |admin||1|2025-02-24 12:26:29~25094|Green quaker|1|Sandwellbirds@outlook.com|Jay The Pet Shop |09|Jay|07742427787|The pet shop|32b Queen Street|Wolverhampton |WV1 3JW |Mrs Lorraine Nichol|28 crestville terrace ||| BD146DT|07442253183|Pickup|


|||1|2025-02-24 12:26:29~25095|racing pigeons|1|ged.hooker@kaefer.com||09|Jack Berry|07585411968|385 Haslingden Road|Blackburn|Blackburn with Darwen|BB1 2NG|Ged Hooker|334 Saltwell Road|Gateshead|Tyne and Wear|NE8 4TQ|07590442659|Delivery||||1|2025-02-24 12:26:29~25096|CANARYS|3|highflyerscouriers@gmail.com|admin|09|RON CHANDELER|07768723531|6 NEW RD |PRINCESS|BRISBOURGH BUCKS|HP270BS|BOB MILLS |106 HUNGERFORD RD |BRISSINGTON|BRISTOL|BS45HF|07847241375|Delivery|&pound;60.00 COD|admin||1|2025-02-24 12:26:29~25097|PIGEONS YBS|4|highflyerscouriers@gmail.com|admin|09|F MCDOUGH|07932559854|7 BILLINGS CLOSE|LIVERPOOL|MERSEYSIDE|L57TX|WICKENDEN|15 STROMA GARDENS|SOUTHEND ON SEA  |ESSEX|SS39JW|01702292327|Delivery|&pound;60.00 COD |admin||1|2025-02-24 12:26:29~25098|FINCHES|1|highflyerscouriers@gmail.com|admin|09|LUKE|07377973546|61 GRASSWOOD RD |WOODCHURCH|WIRRAL|CH497NX|JACK COOPER|14 OVAL RD |LOCKELY |HAMPS|SO510JB|07386596313|Delivery|&pound;60.00 COC|admin||1|2025-02-24 12:26:29~25099|PIGEON|1|highflyerscouriers@gmail.com|admin|09|MARK LYFORD |07805050909|40 ASHBY RD |SWADLINCOTE|DERBYSIRE|DE126DJ|SHAUN STOCKLEY|12 UPTON RD |POOLE|DORSET|BH177AH|07974910127|Delivery|&pound;60.00 COD|admin||1|2025-02-24 12:26:29~25100|PIGEON|1|highflyerscouriers@gmail.com|admin|09|CUSTOMER A|07834353169|59 DEN VIEW|EGREMONT|CUMBRIA|CA222ET|JACKI|50 NEWBROOK RD |OVER HALTON|BOLTON|BL51ER |07951776612|Delivery|&pound;55.00 COD |admin||1|2025-02-24 12:26:29~25101|PIGEON|1|highflyerscouriers@gmail.com|admin|09|EXCELISIOR PIGEONS |00000000000|UNIT 7 KEY POINT |KEYS PARK RD |HEDNESFORD|WS122FN|STEVEN SALMON|18 PENRN CLOSE|RUMMNEY |CARDIFF|CF31RN|07852753310|Delivery|&pound;55.00 OD
GB24X22207|admin||1|2025-02-24 12:26:29~25102|PIGEONS YBS|12|highflyerscouriers@gmail.com|admin|09|JULIAN LEWIS|07727160796|23 MAPLE TERR|ABERCWNBOY|AERDERE|CF446AU|MR P HARGREAVES |10 ROYDS AVE |ACCRINTON|LANCS |BB52LE|07747628968|Delivery|&pound;60.00 COC |admin||1|2025-02-24 12:26:29~25103|GECKO|1|highflyerscouriers@gmail.com|admin|09|SHARDY|07485594135|177 POTTERFIELD|||B330QP|LEE LAHARNA|17 ARTHUR STREET|BRADFORD||BD108SH|07738495847|Delivery||admin||1|2025-02-24 12:26:29~25105|Pigeons|6|matthew-emerson@live.co.uk||9|David Fakhr|07852622329|68 Kilravock Street|London|Greater London|W10 4HY|Matthew Emerson|3 Longdon Hill|Evesham|Worcestershire|WR11 7RQ|07807035422|Delivery||||1|2025-02-24 12:49:48~25106|YB Pigeon|11|info@louella.co.uk|Louella|09|Louella Pigeon World|01530242255|Louella Farms|Copt Oak Road|Loughborough|LE129XL|Mr Stanhope|65 Edgeware Road|Southsea|Portsmouth|PO4 8TS|07754497041|Account||||1|2025-02-24 12:36:43~25107|YB Pigeon|10|info@louella.co.uk|Louella|09|Louella Pigeon World|01530242255|Louella Farms|Copt Oak Road|Loughborough|LE129XL|Mr Whitehurst|37 West End Drive|Derby|Derbyshire|DE72 2GY|07437409087|Account||||1|2025-02-24 12:36:43~25108|YB Pigeon|10|info@louella.co.uk|Louella|09|Louella Pigeon World|01530242255|Louella Farms|Copt Oak Road|Loughborough|LE129XL|Mr Lythes|16 Acorn Drive|Crook|County Durham|DL15 0TF|01388745755|Account||||1|2025-02-24 12:36:43~25109|YB Pigeon|10|info@louella.co.uk|Louella|09|Louella Pigeon World|01530242255|Louella Farms|Copt Oak Road|Loughborough|LE129XL|Mr Glover|65 Edgeware Road|Southsea|Portsmouth|PO4 8PS|07887772955|Account||||1|2025-02-24 12:36:43~25110|YB Pigeon|10|info@louella.co.uk|Louella|09|Louella Pigeon World|01530242255|Louella Farms|Copt Oak Road|Loughborough|LE129XL|Mr Walker|20 Travis Road|Cottingham|East Riding of Yorkshire|HU16 5EU|01482875933|Account||||1|2025-02-24 12:36:43~25111|YB Pigeon|10|info@louella.co.uk|Louella|09|Louella Pigeon World|01530242255|Louella Farms|Copt Oak Road|Loughborough|LE129XL|Mr King|77 Mountacre CloseSydenham Hill|London|Greater London|SE26 6SY|07572157743|Account||||1|2025-02-24 12:36:43~25112|YB Pigeon|10|info@louella.co.uk|Louella|09|Louella Pigeon World|01530242255|Louella Farms|Copt Oak Road|Loughborough|LE129XL|Mr Merrills|79 Queensfield|Upper Stratton|Swindon|SN2 7SU|07508955587|Account||||1|2025-02-24 12:36:43~25113|YB Pigeon|10|info@louella.co.uk|Louella|09|Louella Pigeon World|01530242255|Louella Farms|Copt Oak Road|Loughborough|LE129XL|Mr Houston|104 Westburn Road|Glasgow|South Lanarkshire|G72 7SY|07714361954|Account||||1|2025-02-24 12:36:43~25114|YB Pigeon|10|info@louella.co.uk|Louella|09|Louella Pigeon World|01530242255|Louella Farms|Copt Oak Road|Loughborough|LE129XL|Mr Begg|39 Marchburn Drive|Aberdeen|Aberdeen City|AB16 7LX|07490145845|Account||||1|2025-02-24 12:36:43~25115|YB Pigeon|10|info@louella.co.uk|Louella|09|Louella Pigeon World|01530242255|Louella Farms|Copt Oak Road|Loughborough|LE129XL|Mrs Stringer|10 Hague Park Coppice|Pontefract|West Yorkshire|WF9 3SU|07376675039|Account||||1|2025-02-24 12:36:43~25116|YB Pigeon|10|info@louella.co.uk|Louella|09|Louella Pigeon World|01530242255|Louella Farms|Copt Oak Road|Loughborough|LE129XL|Mr Williamson|104 Stewart Crescent|Aberdeen|Aberdeen City|AB16 5SR|07979718869|Account|Bad Phone Signal
Leave round back put in Loft|||1|2025-02-24 12:36:43~25117|PIGEONS YBS|5|highflyerscouriers@gmail.com|admin|09|S. WATSON|07598901508|21 KEIR HARDIE CRESCENT|SOUTH BANK|MIDDLESBROUGH|TS66SL|DRAGONFLY LOFTS|122 PARKSIDE|HEAGE|BELPER|DE562AF|07709619685|Collection||admin||1|2025-02-24 12:36:43~25118|RINGNECK - OUTLAY 170|1|highflyerscouriers@gmail.com|admin|09|.|07786450191|20 BOX LANE|PONTEFRACT|LEEDS|WF82JW|MARK HALLIWELL|15 THORNFIELD AVE|RIBBLETON||PR26NE|07549996639|Delivery|OUTLAY &pound;170
ADMIN &pound;10
COD &pound;60|admin||1|2025-02-24 12:36:43~25119|PIGEON|1|elimarbookings@gmail.com|ELIMAR 91125|09|FREDERICK HALL|07778050259|FOXGROVE|WORTHING|SUSSEX|BN133EE|RONALD GAMMAGE|34 PARKSIDE|ADDLESTONE |SURREY|KT153AN|07885964856|Account|ELIMAR 91125

GB20Z16493|admin||1|2025-02-24 12:36:43~25120|YB Pigeon|6|info@louella.co.uk|Louella|09|Louella Pigeon World|01530242255|Louella Farms|Copt Oak Road|Loughborough|LE129XL|Mr Thomas|79 Cwmamman Road|Ammanford|Carmarthenshire|SA18 1DJ|07897270149|Account||||1|2025-02-24 12:36:43~25121|YB Pigeon|6|info@louella.co.uk|Louella|09|Louella Pigeon World|01530242255|Louella Farms|Copt Oak Road|Loughborough|LE129XL|Mr K Bradley|30 Grange View|Barnsley|South Yorkshire|S74 0RB|07362375962|Account||||1|2025-02-24 12:36:43~25122|YB Pigeon|6|info@louella.co.uk|Louella|09|Louella Pigeon World|01530242255|Louella Farms|Copt Oak Road|Loughborough|LE129XL|Mr Vaughn|75 Peveril Bank|Dawley Bank|Telford|TF4 2BZ|07722346681|Account||||1|2025-02-24 12:36:43~25123|YB Pigeon|12|info@louella.co.uk|Louella|09|Louella Pigeon World|01530242255|Louella Farms|Copt Oak Road|Loughborough|LE129XL|Mr Daws|15 Command Road|Eastbourne|East Sussex|BN20 8RA|07773740037|Account||||1|2025-02-24 12:36:43~25124|YB Pigeon|6|info@louella.co.uk|Louella|09|Louella Pigeon World|01530242255|Louella Farms|Copt Oak Road|Loughborough|LE129XL|Mr Craik|2 Standish Street|Stanley|County Durham|DH9 7AD|01207290663|Account||||1|2025-02-24 12:36:43~25125|YB Pigeon|6|info@louella.co.uk|Louella|09|Louella Pigeon World|01530242255|Louella Farms|Copt Oak Road|Loughborough|LE129XL|Mr Yeomans|109 Hanley Road|Stoke-on-Trent|Stoke-on-Trent|ST1|07598153689|Account||||1|2025-02-24 12:36:43~25126|YB Pigeon|6|info@louella.co.uk|Louella|09|Louella Pigeon World|01530242255|Louella Farms|Copt Oak Road|Loughborough|LE129XL|Mr D Gray|115 Saint Donagh's Road|Dublin 13|undefined|D13 H210|00353852108|Account|Telephone number
00 353 852108357|||1|2025-02-24 12:36:43~25127|YB Pigeon|6|info@louella.co.uk|Louella|09|Louella Pigeon World|01530242255|Louella Farms|Copt Oak Road|Loughborough|LE129XL|Mr Simpson|54 Wallace Avenue|Stevenston|North Ayrshire Council|KA20 4BN|07854100127|Account||||1|2025-02-24 12:36:43~25128|YB Pigeon|6|info@louella.co.uk|Louella|09|Louella Pigeon World|01530242255|Louella Farms|Copt Oak Road|Loughborough|LE129XL|Mr Nolan|6 South Crescent|Prestonpans|East Lothian|EH32 9PF|07821255599|Account||||1|2025-02-24 12:36:43~25129|YB Pigeon|12|info@louella.co.uk|Louella|09|Louella Pigeon World|01530242255|Louella Farms|Copt Oak Road|Loughborough|LE129XL|Mr Snell|Columbo, Station Road|Norwich|Norfolk|NR13 2TB|01493701411|Account||||1|2025-02-24 12:36:43~25130|YB Pigeon|14|info@louella.co.uk|Louella|09|Louella Pigeon World|01530242255|Louella Farms|Copt Oak Road|Loughborough|LE129XL|Mr Spooner|19 Haig Road|Leek|Staffordshire|ST13 6BS|07508230894|Account||||1|2025-02-24 12:36:43~25131|YB Pigeon|18|info@louella.co.uk|Louella|09|Louella Pigeon World|01530242255|Louella Farms|Copt Oak Road|Loughborough|LE129XL|Mr D Yeates|1 Dowles Cottages|Dymock|Gloucestershire|GL18 2AF|01531890726|Account||||1|2025-02-24 12:45:16~25132|REPTILE|1|highflyerscouriers@gmail.com|TURTLE EMPORIUM|09|THE TURTLE EMPORIUM|07967671931|3 THE STABLES|NORTON CANES|STAFFORDSHIRE|WS119UT|ANNE MARROW|5 Careys Wood|Horley|Surrey|RH6 9PA|07701036250|Account|||HF0051 - 480|1|2025-02-24 12:45:16~25133|REPTILE|1|highflyerscouriers@gmail.com|TURTLE EMPORIUM|09|THE TURTLE EMPORIUM|07967671931|3 THE STABLES|NORTON CANES|STAFFORDSHIRE|WS119UT|LOUIE SERGANT|8 Dickenson Road West|Stoke-on-Trent|Stoke-on-Trent|ST6 2NJ|07539265652|Account|||HF0051 - 481|1|2025-02-24 12:45:16~25134|REPTILE|1|highflyerscouriers@gmail.com|TURTLE EMPORIUM|09|THE TURTLE EMPORIUM|07967671931|3 THE STABLES|NORTON CANES|STAFFORDSHIRE|WS119UT|DAVID GLOVER|22 Appleton Road|Widnes|Halton|WA8 6EX|07544270181|Account|||HF0051 - 483|1|2025-02-24 12:45:16~25135|REPTILE|1|highflyerscouriers@gmail.com|TURTLE EMPORIUM|09|DIOGO DIAS|07553976828|Mullins Place|London|Greater London|SW4 8DB|DUDLEY PINSON - TUTRTLE EMPORIUM|3 THE STABLES|NORTON CANES|STAFFS|WS119UT|07967671931|Account|HF0051 - 482|admin||1|2025-02-24 12:45:16~25136|PIGEON|1|elimarbookings@gmail.com|ELIMAR 91149|09|DAVID BROWN|07595326554|26 Kippielaw Drive|Dalkeith|Midlothian|EH22 4HT|PAUL GREALY|47 HIGH STREET|AMMANFORD|CARMATHENSHIRE|SA182NB|07890368723|Account|ELIMAR 91149

NEHU20WAN2141|admin||1|2025-02-24 12:45:16~25137|PIGEON|1|elimarbookings@gmail.com|ELIMAR 91126|09|FREDERICK HALL|07778050259|FOXGROVE|WORTHING|SUSSEX|BN133EE|MICHAEL BRITTON|52 GUNTONS RD |NEWBOROUGH|PETERBOROUGH|PE67QZ|01733810620|Account|ELIMAR 91126

GB20Z16425|admin||1|2025-02-24 12:45:16~25138|PIGEON|1|elimarbookings@gmail.com|ELIMAR 91085|09|DAVID BROWN|07595326554|26 Kippielaw Drive|Dalkeith|Midlothian|EH22 4HT|STEPHEN MOFFITT|8 WEBB CLOSE|LIVERPOOL|MERSEYSIDE|L75QW|01512807765|Account|ELIMAR 91085

GB19N12763|admin||1|2025-02-24 12:45:16~25139|PIGEON|1|elimarbookings@gmail.com|ELIMAR 91033|09|DAVID IBBOTSON |07501306502|OAK TREE |CUCKOLD CARR FARM |COACHGATE LANE GUNWAITHE|S367GE |MARK WARD|BRENHOLME, EASINGWOLD ROAD|HUBY|YORK|YO611HN|01347810643|Account|ELIMAR 91033

GB.19.L.21464|admin||1|2025-02-24 12:45:16~25140|PARROT|1|highflyerscouriers@gmail.com|admin|09|AMBER|07538180972|PET VILLAGE - 9AM|COLCHESTER RD|ELMFORD ARKET|CO77DZ|DEBBIS PHILLIPS|59 WORDSWORTH ROAD|BRITWELL ESTATE|SLOUGH|SL22NU|07526765591|Collection||admin||1|2025-02-24 12:45:16~25141|PIGEON|3|highflyerscouriers@gmail.com|admin|09|MARK GILBERT |07920775499|OLD BARNS|ARUNDEL|FRONTWELL|BN180SX|GORGE CARDALL|18 SPADLING ROAD|BOURNE||PE100AT|07971112005|Delivery||admin||1|2025-02-24 12:45:16~25142|PIGEON - week 10|1|elimarbookings@gmail.com|ELIMAR 91221|10|GARY COX|07932159628|48 WESTWAY AVENUE|HULL||HU69SA|JACO FAUL c/o JOHN GERARD|123 GOUGH CRESCENT|POOLE||BH177JJ|07932742126|Account|ELIMAR 91221
GB 02791|admin||1|2025-03-03 11:02:37~25143|PIGEON - week 10|1|elimarbookings@gmail.com|ELIMAR 90910|10|NAWAF MOLAN|07455313333|48 GALSWORTHY ROAD|BARNET||NW22SH|JACO FAUL c/o JOHN GERARD|123 GOUGH CRESCENT|POOLE||BH177JJ|07932742126|Account|ELIMAR 90910

GB21L21109|admin||1|2025-03-03 11:02:37~25144|PIGEON|1|elimarbookings@gmail.com|ELIMAR 91124|09|DARREN WILLIAMS |07950612247|5A LANGLAND RD |CLEOBURY MORTIMER|WORCESTERSHIRE|DY148EH|VASCO CURACIUC|12 DRYBURG GDS|WHITE OTHER|LONDON|NW99TS|07404930683|Account|ELIMAR 91124|admin|GB23V42597|1|2025-02-24 12:45:16~25145|PIGEONS YBS (CHECK QUANITY)|6|elimarbookings@gmail.com|ELIMAR 91161|09|LEE BOUSFIELD|07901577221|63 DOBSON CLOSE|HIGH SPEN|TYNE &amp; WEAR|NE392BF|SHEILA COLLINS|STEWDEN, CHALK ROAD|WALPOLE ST PETER|WISBECH|PE147PN|01945780894|Account|ELIMAR 91161

2025 Louis Cooreman youngbirds|admin||1|2025-02-24 12:45:16~25146|PIGEON|1|elimarbookings@gmail.com|ELIMAR 91133|09|JASON READING |07751661835|7 RAINBOW CRES |SHEFFIELD ||S124AZ|STEVE FARROW|36 GLAISDALE GROVE|SOUTHCOATES LANE|HULL|HU93UU|07538878901|Account|ELIMAR 91133

GB20Z40280|admin||1|2025-02-24 12:45:16~25147|PIGEON|1|elimarbookings@gmail.com|ELIMAR 91154|09|STEVE BIRCH|07986139102|74 HAWSLEY AVE |CHESTERFIELD |DERBYSHIRE|S404TL|JOHN NICHOLSON|28 MILLFIELDS |AYCLIFFE|NEWTON AYCLIFFE |DL56ND|07715579440|Account|ELIMAR 91154

GB 16 Z 76629|admin||1|2025-02-24 12:45:16~25148|PIGEONS - NEEDS SINGLE BOXES|3|highflyerscouriers@gmail.com|HOUSE OF AARDEN|09|STEVE &amp; LESLEY WRIGHT|00000000000|JOLIBROOK BARN|||PL304HP|MR N HOLT|JOINERS CROFT|LONGHAVEN|PETERHEAD|AB420PA|07940190746|Delivery||admin||1|2025-02-24 12:49:11~25149|PIGEONS OBS|3|highflyerscouriers@gmail.com|admin|09|WADE DAVIS|07794430038|2 STABLE COTTAGES |CLOWS TOP||DY149NZ|PATRICK SHERMAN|54 HILL END DRIVE|HAWICK||TD98DU|07511363894|Delivery||admin||1|2025-02-24 13:23:19~25150|MICRO FERRET - WEEK 10|1|highflyerscouriers@gmail.com|admin|10|LEE|07361616090|60 MANORBIER CRESCENT|WALTON|LIVERPOOL|L9 1HG|HAYDEN DAVIES|20 M'TONGUE AVE|WEST SUSSEX||PO188LB|07845793894|Delivery|BANK TRANSFER

HAYDEN DAVIES &pound;99 |admin||1|2025-03-03 11:02:37~25151|Finches|3|lordoftheparrot@hotmail.co.uk||09|Brian brae|07719928465|85 Roberts Road|Aldershot|Hampshire|GU12 4RB|Andrew reid|49 Strathore Road|Kirkcaldy|Fife|KY1 4DY|07864260410|Delivery||||1|2025-02-24 14:01:32~25152|Pigeon|2|enquiries@tumleylofts.co.uk|Tumley Lofts|09|Tumley Lofts Stud|07969365322|Blackhill Lane|Beaworthy|Devon|EX21 5AA|Sean Flatley|61 Western Road|Skipton|North Yorkshire|BD23 2RU|07398117548|Delivery||PaulM||1|2025-02-24 14:01:20~25153|PIGEONS|2|highflyerscouriers@gmail.com|admin|09|YASEM|07825641849|1 HIGHGATE CT|GOLDTHORPE| ROTHERHAM|S639BU|PETER |21 SPERMAN WALK|HARTLEPOOL|TEESIDE|TS273PB|07591738809|Delivery|&pound;80.00 OUTLAY


&pound;145.00 COD|admin||1|2025-02-24 14:10:27~25154|FINCHES|3|highflyerscouriers@gmail.com|admin|09|49 LISSION STREET|07979688801|LONDON|...|...|NW15DA|CUSTOMER B|26 ORONSAY GROVE |SALFORD |MANCHESTER|M55DY|07455366634|Delivery|&pound;60.00 COD|admin||1|2025-02-24 14:21:23~25155|FINCHES|3|highflyerscouriers@gmail.com|admin|09|RYAN|07979688801|49 lisson street|LONDON|...|NW15DA|STUART|BATSFORD ARBORETUM AND GARDEN CENTRE|BATSFORD|MORTON ON THE MARSH|GL569AT|07764220509|Delivery|&pound;60.00 COD|admin||1|2025-02-24 14:21:23~25156|Owl|2|stevereeves62@outlook.com||09|Kev|07836780169|10|Mill road||CM36EQ|Steve Reeves|19|Warfield cresent|Waterlooville |PO7 7JR|07564873160|Delivery|Hi it&rsquo;s Steve I contacted you today for birds to be picked up Wednesday thanks |||1|2025-02-24 14:50:37~25157|PIGEONS|1|highflyerscouriers@gmail.com|admin|09|SHROPS ONE LOFT|07794430038|3 THE STABLES |...|...|DY149NZ|IAN HUNTER|53 TOLSTA CRES|....|SCOTLAND|FK20XN|07856646473|Delivery|&pound;65.00 COD|admin||1|2025-02-24 14:59:53~25158|PIGEONS|2|highflyerscouriers@gmail.com|admin|09|DAVE |07712277949|4 BOWLEY RD |GLOUCESTER|...|GL15NN|SHEHROZ|196 RA BOUNE MED DRIVE I|NORTHOLT|LONDON|UB56YN|07566814656|Delivery|&pound;60.00 COD 
|admin||1|2025-02-24 15:04:57~25159|Flat-Packed Glass Tank |1|slitherinreptiles@outlook.com||09|Slitherin Reptiles Ltd |07708944692|The Springboard CentreBusiness CentreMantle Lane|Coalville|Leicestershire|LE67 3DW|Duane Joy|20 Halland Road|Brighton|Brighton and Hove|BN2 4PF|07881294647|Delivery|Flat Packed Glass Tank (112x58x34cm) 

Collection from Slitherin Reptiles only during opening times 8:30am-5:00pm 

|||1|2025-02-24 16:08:39~25160|OB Pigeon|1|info@louella.co.uk|Louella|09|Louella Pigeon World|01530242255|Louella Farms|Copt Oak Road|Loughborough|LE129XL|Mr Howe|1 Heol Maendy|Sarn|Bridgend|CF329UW|07983252803|Account||||1|2025-02-24 16:08:26~25161|Pigeon|1|jhunter1745@outlook.com||10|Kyle johnston|07518573868|35 Leamington place|Co Antrim|IRLAND|BT274UL|John Hunter|19 Clyde Crescent|19 Clyde Crescent|Clyde cres falkirk|FK5 4NL|07512822424|Delivery||||1|2025-02-24 16:16:41~25162|FINCHES|1|highflyerscouriers@gmail.com|admin|09|HARRY TAYLOR|07961753525|54 LILIC RD |ALRSTEN|HERETS|EN110PQ|LUKE|61 GRASSWOOD RD |WOODCHURCH|WIRRALL|CH497NX|07377973546|Delivery|&pound;60.00 COD |admin||1|2025-02-24 16:09:35~25163|pigeon|1|atstratton82@gmail.com||09|wade davies|07794430038|2 Stables Cottages|barton|clows top  kidderminster|DY14 9NZ|albert stratton|131 corfield street|bethnal green|london|E2 0DS|07930755207|Delivery|shropshire one loft winter race lot16 red hen    ihu24s047197  mrs steptoe|||0|2025-02-24 18:41:00~25164|Pigeon |1|ellenbasley15@aol.com||09|Mat Munslow|07301549465|66 Elmdon Lane MarstonGreen |||B377EQ|John Basley|11 Park View horden Peterlee Co, Durham |||SR84DE|07904242097|Delivery||JulieB||0|2025-02-24 18:40:48~25165|Duck|4|stacey.charles@aol.com||10|Mike Dentith|07791699347|Wolverhampton Cottage|||TF11 8JG|Stacey charles|Mill Farm |Trelleck Grange |Chepstow |NP16 6QN |07886886433|Delivery||||1|2025-03-03 11:02:37~25166|Tortoise|1|torthut@gmail.com||10|Imogen Tansley|07827224894|Wood Park Bungalow|Avonwick||TQ10 9ES|Tim Hartle|56 Oakdale Road|Poole|Bournemouth, Christchurch and Poole|BH15 3LG|01202387787|Pickup|Delivery for 6th March please |||1|2025-02-24 20:08:25~25167|Pigeon|1|Lapainter2008@aol.com||09|Nawaf Molan |07455313333|48 |Galsworthy Road|Barnett|NW2 2SH|Lee Anthony Painter|64 a Fibbersley |Willenhall|West Midlands|WV12 4BD|01902633257|Delivery||||1|2025-02-24 20:08:38~25168|PIGEONS|4|highflyerscouriers@gmail.com|admin|09|MARK WILLIAMS|07825302007|7 CARADOC RD |PRESTATYN |N WALES|LL197PG|ERIC WILLIS|3 MILTON CRES|EDINBURGH|SCOTLAND |EH153PF|07809772062|Delivery|&pound;65.00 COD |admin||1|2025-02-24 20:14:10~25169|Finch|3|johnsfashions@sky.com||9|Ayman Ibrahim|07305819485|507 Westwood|Runcorn|Halton|WA7 6LL|TAHIR AHMEDI|83 The Hyde|London|Greater London|NW9 6LE|07956524465|Delivery||||1|2025-02-25 09:51:51~25170|Pigeons |5|jt.wheatcroft@talktalk.net||9|John Gerrard |07759103024|123 Gough Crescent|Poole|Bournemouth, Christchurch and Poole|BH17 7JJ|John Wheatcroft|29 Brookhill Lane|Nottingham|Derbyshire|NG16 6JX|07759103024|Delivery||||1|2025-02-25 09:52:06~25171|YB Pigeon|6|info@louella.co.uk|Louella|9|Louella Pigeon World|01530242255|Louella Farms|Copt Oak Road|Loughborough|LE129XL|Mr A Wood|74 Dinting Road|Glossop|Derbyshire|SK13 7EB|07956631250|Account||||1|2025-02-25 09:52:24~25172|pigeon|1|enquiries@tumleylofts.co.uk|Tumley Lofts|9|Tumley Lofts Stud|07969365322|Blackhill Lane|Beaworthy|Devon|EX21 5AA|Gwyn Jones|3 Brin Haul |Trelawnyd||LL18 6DU|07788502577|Delivery||PaulM||1|2025-02-25 10:02:30~25173|PIGEONS OBS|2|highflyerscouriers@gmail.com|admin|09|CALVIN WARNER|07476532487|CRYSTAL STABLES|BRICKYARD LANE|NEWPORT|NP205ES|adam|87 Larch Road|Kingswinford|West Midlands|DY6 8DG|07746936281|Delivery||admin||1|2025-02-25 10:09:46~25174|PIGEONS YBS|18|highflyerscouriers@gmail.com|admin|09|RICHARD SEYERS|07947952569|7 HIGH STREET|SKINNINGROVE|CLEVELAND|TS134BQ|TOMMY DODDS|3 WHITE PARK DRIVE|CASTLE DOUGLAS||DG71EQ|07771556319|Delivery|COD &pound;77|admin||1|2025-02-25 10:24:19~25176|PIGEONS YBS|2|highflyerscouriers@gmail.com|admin|10|GRAHAM SWEENEY|00000000000|IVY LODGE - SEA LANE|SALTFLEET|LINCS|LN117RP|DARREN BARKS|56 UPPER LODGE|ARMITAGE|STAFFORDSHIRE|WS154AS|07708340410|Delivery||admin||1|2025-03-03 11:02:37~25177|budgies|1|susanstevens2805@gmail.com||10|Nick Masham|07419281541|8 Meadow Way|8 Meadow Way. Burwood.|Hampshire|BH31 6EP|Susan Stevens|78  St Albans Road|78  St Albans Road|West Leigh|PO9 2JZ|07419281541|Delivery|.|||1|2025-03-03 11:02:37~25178|PIGEONS YBS - WEEK 10|14|highflyerscouriers@gmail.com|admin|10|MR NEIL EMBERSON|07518287879|5 UNDERDOWN AVENUE|CHATHAM|KENT|ME45XR|EDWARD MALONE|20 HAWTHORNE ROAD|NEWBURY|BERKS|RG141LB|07836284014|Delivery|COD &pound;64|admin||1|2025-03-03 11:02:37~25179|SMALL BIRDS - SOFTBLLS|2|highflyerscouriers@gmail.com|admin|09|SHAUN PALMER|07785930720|THR ROSARY - CHESLEY HILL|WICK|BRISTOL|BS305NE|TREVOR ORD|1 DERWENT VIEW TERRACE|DIBDEN STANNLEY |CO DURHAM|DH99HJ|07825650229|Delivery||admin||1|2025-02-25 10:59:45~25180|PIGEONS|2|elimarbookings@gmail.com|ELIMAR 91057 &amp; 91052|09|HELEN SMITH|07518088834|19 EDINBURGH RD |LAUDER|BERWICKSHIRE|TD26TW|JOHN HUNTER|19 CLYDE CRESCENT|LARBERT||FK54NL|07512822424|Account|ELIMAR 91057 &amp; 91052

GB 23 C 21453
GB 23 C 21454|admin||1|2025-02-25 11:03:28~25181|pigeon|1|svac@live.co.uk||9|Lee Owen|07841106756|31 California Close|Warrington|Cheshire|WA5 8WU|steve vaizey|7 Eastfield Ave||Fareham|PO14 1EQ|07966146041|Delivery||||1|2025-02-25 11:18:53~25182|PIGEONS OBS|7|highflyerscouriers@gmail.com|admin|09|BAYRAM|07888781888|1 HUNTSPONT RD |SOUTHAMPTON||SO316QB|DEBARI JABARIPOUR|126 THORNHILL RD |||FK27AE|07453281918|Delivery|DELIVERY PAID INTO BANK PLEASE CHECK |admin||1|2025-02-25 11:26:55~25183|PIGEON|1|highflyerscouriers@gmail.com|admin|09|ANDY COLBY |07983700897|8 BELVEDERE RD|HESSLE ||HU139JJ|.|KEVIN COUSINS|7 TOWNSEND |DOWNHAM|CB62TA|07973635150|Account|PAYMENT FROM MARK LYFORD|admin||1|2025-02-25 11:56:38~25184|PIGEONS|4|highflyerscouriers@gmail.com|admin|09|KEV PARSONS|07860482321|32 CLAREMONT AVE|NEWCASTLE UPON TYNE||NE157LD|ANTHONY|IRELAND |||BT|07729487589|Delivery||admin||1|2025-02-25 12:21:16~25185|Pigeon|1|great_scott@hotmail.co.uk||9|Wade Davies|07794430038|2 Stables Cottages|Barton|Clows Top, Kidderminster|DY14 9NZ|John Scott|46 Heath Rd|Scopwick|LINCS|LN4 3NU |07899269542|Delivery||||1|2025-02-25 14:07:35~25186|Dove|2|donnasouter@hotmail.co.uk||10|Paula head|07985755402|4 lowick close|Dereham|Norfolk|NR19 1EJ|Peter keeble|9 further meadow|Writtle|Chelmsford |CM1 3LE|07817762588|Delivery||||1|2025-03-03 11:02:37~25187|Pigeon|10|a_mcb@hotmail.co.uk||10|V McConnel |07786436008|76 Dudsbury Road|Ferndown|Dorset|BH22 8RG|A mcburnie |4 Douglas Terrace|Bo'ness|Falkirk|EH51 0LA|07767444833|Delivery|Please call as maybe get delivered to my work in Cumbernauld if easier |||1|2025-03-03 11:02:37~25188|Pigeon|2|jaymet1345@gmail.com||10|Wade davies|07794430038|2 stables cottages bayton clows top Kidderminster DY149NE|||DL16 7LE|Joseph metcalf|123 Craddock Street|Spennymoor|County Durham|DL16 7TD|07399892510|Delivery|If I have missed anything out please call on +44 7399 892510|||1|2025-03-03 11:02:37~25189|PIGEONS|3|highflyerscouriers@gmail.com|admin|09|WADE DAVIES|00000000000|..|..|..|DY149NZ|CUSTOMER B|8 JASPER RD |LONDON|..|E163TR|07727006419|Delivery|&pound;60.00 COD|admin||1|2025-02-26 09:23:28~25190|Pigeons|6|waj66@live.co.uk||10|W.A Jones|07707154263|65 Tranby Ave,|Hessle ||HU13 0PX |Uk premier one loft race|Rye St|Birtsmorton|Malvern|WR13 6AS|07739148679|Pickup||||1|2025-03-03 11:02:37~25191|REPTILES|1|dave.armitageO@gmail.com|Global Geckos|10|DAVE ARMITAGE|07492058868|18 CLIFTON ROAD|HORBURY|WAKEFIELD|WF4 6JQ|WILL THOMAS|18 Updown Hill (Global Geckos)|Windlesham|Surrey|GU20 6AF|07703688803|Delivery||||1|2025-03-03 11:02:37~25192|Parrots|2|juliespad14@aol.com||10|Adam |07984250948|Route 47 Cafe||PE13 4AX|PE13 4AX|Terry|Snow Hill Farmhouse|Common Lane|Fareham|PO17 6BB|07497503171|Delivery|Ring 20 mins before delivery.|JulieB||1|2025-02-26 18:55:33~25193|Racing Pigeon|6|agmann1956@gmail.com||10|ALAN MANN|07817079699|3 Thompson Close|The Manor|Willenhall|WV13 1ST|John Hughes|Church Street|Newhey|Rochdale|OL16 3QS|07930930934|Pickup|Northwest One Loft Race
Red Loft|||1|2025-03-03 11:02:37~25194|Racing Pigeon|5|agmann1956@gmail.com||10|Alan Mann|07817079699|3 Thompson Close|The Manor|Willenhall|WV13 1ST|WADE DAVIES|2 STABLE COTTAGES, CLOWS TOP|BAYTON|WORCESTERSHIRE|DY14 9NZ|07794430038|Pickup|SHROPSHIRE ONE LOFT RACE|||1|2025-03-03 11:02:37~25195|Racing Pigeon youngsters|6|jayne.mitchell@hotmail.com||10|Jayne Mitchell|07342640716|Polytank Group Ltd|Naze Lane East|Preston|PR4 1UN|Ian Bennett|35 Overton Crescent|Livingston|West Lothian|EH53 0RS|07914013820|Pickup||||1|2025-03-03 11:02:37~25196|Tortoise|1|emma@tortoise-den.co.uk|The Tortoise Den|10|Steve and Emma|07756878271|The Tortoise Den Ltd|Model Cottage Farm|Whitchurch|SY13 2BP|Aiman Kulibaeva|16 Knole Road|Sevenoaks|Kent|TN13 3XH|07867454268|Account|1 x tortoise box.
Delivery - Thursday 6th March please.||HF 0051 501|1|2025-03-03 11:02:37~25197|Chickens|3|maryannatavener@gmail.com||13|Amy Nash|07768090758|Palnackie||Castle Douglas|DG7 1PF|Maryanna Tavener|Manor Farm House|Child Okeford|Blandford|DT11 8EE|07710949035|Pickup|Please could you quote, 
Thank you.|||1|2025-03-05 19:03:46~25198|Reptile - Bearded Dragon |1|slitherinreptiles@outlook.com||10| Slitherin Reptiles |07708944692|The Springboard CentreBusiness CentreMantle Lane|Coalville|Leicestershire|LE67 3DW|Gordon Sloss|12 Walsingham Close|Basildon|Essex|SS15 5GA|07758467642|Delivery|x1 Bearded Dragon 

Collection from Slitherin Reptiles Ltd durning shop opening times 8:30am-5:00pm ONLY. 

Please arrange with Gordon a delivery time. 

Thank you 
Baiden 
Slitherin Reptiles Ltd |||1|2025-03-03 11:23:31~25199|Pigeons ob|9|juliespad14@aol.com||10|Calvin Warner|07476532487|Crystal Stables|Brickyard Lane|Newport|NP20 5ES|Subhi Abdulhey|72 Kingsbridge Drive|Glasgow ||G44 4JS|07731832064|Delivery||JulieB||1|2025-03-03 11:23:31~25200|Pigeons yb|8|juliespad14@aol.com||10|Nelson|07870262676|98 Shirehall Road|Dartford ||DA2 7SF|Who Dares Wins|Chapel Farm, Plains Lane|||DE56 2DD |07368307667|Collection||JulieB||1|2025-03-03 11:23:31~25201|Cockateil|1|kirajocoxkjc@gmail.com||11|Jan|07436633756|Spruce court|Salford|Manchester|M65EW|Jane shepherd |46 Fairfield road|Stoke|Coventry|CV24BY|07554661377|Delivery||||1|2025-03-05 19:07:30~25202|Greenfinches |5|stephenspriggs1960@icloud.com||10|L Hourigan|07717407930|4 Falcon Close|Banbury|Oxfordshire|OX16 9QS|Stephen Spriggs|Overdeane |heathfield road freshwater|Freshwater |PO40 9SH |07530000919|Pickup|Please take to Portsmouth and south sea hovercraft put on to come over to Isle of Wight |||1|2025-03-03 11:23:31~25203|Budgie|1|wildgarden88@outlook.com||10|Chris Lofthouse|07388341412|16 Potterswell|Barnstaple|Devon|EX31 3UX|Alan Edmond|4 Seaham view, Seaham close|Norton Stockton |Teesside |TS20 1TF |07904710165|Pickup||||1|2025-03-03 11:23:31~25204|Pigeons |6|aaroncoomber@icloud.com||10|Ben Oakley |07980960646|Wirswall farm |Whitchurch||SY13 4LB|Aaron coomber|11 Watling Street|Borehamwood|Hertfordshire|WD6 3EG|07746511647|Delivery||||1|2025-03-03 11:23:31~25205|Lineolated parakeet |1|Lee@itsabirdsthing.co.uk|Its a Bird Thing|10|Lee|07962099830|90 Weggs Farm Road|Duston|Northampton|NN5 6HZ|Caitlin Halliwell |33 Nettlefield|Kennington |Ashford|TN24 9EG|07963196497|Account||||1|2025-03-03 11:23:31~25206|Pigeons ob|6|juliespad14@aol.com||10|Customer A|07368493731|145 High Street|Skelmersdale|Lancashire|WN8 8AF|Customer B|33 Gorsedd Street|Mountain Ash|Rhondda Cynon Taff|CF45 3LR|07397823747|Delivery||JulieB||1|2025-03-03 11:23:31~25207|Pigeons yb|10|juliespad14@aol.com||10|Customer A|07598240003|31 Riddings Rise|Huddersfield|West Yorkshire|HD2 1HX|Antonio Green|XENI CAR WASH|GRESHAM ROAD|Beccles, Suffolk|NR34 9QN|07775368820|Delivery||JulieB||1|2025-03-03 11:23:31~25208|Cockateil|1|kirajocoxkjc@gmail.com||10|Jan|07436633756|Spruce court|Salford|Manchester|M65EW|Bec|2 trew parc|Pednandrea|Redruth cornwall|TR15THR|07547754593|Delivery||||1|2025-03-03 11:23:31~25209|Carry boxes|100|juliespad14@aol.com||10|Julie Higson|07710501457|Unit |Unit|Unit|07710501457|Mike Parker|18 Ewenny Road|Cardiff|Maesteg|CF34 9TR|07877507129|Delivery|No delivery charge .
&pound;79 for boxes |JulieB||1|2025-03-03 11:23:31~25210|Tortoise|1|torthut@gmail.com||10|Imogen Tansley|07827224894|Wood Park Bungalow|Avonwick||TQ10 9ES|Flora Merritt|22 Ilchester Place|London|Greater London|W14 8AA|07909009105|Pickup|For delivery 6th March |||1|2025-03-03 11:23:31~25211|Bird|3|phil.chesters@googlemail.com||10|Phil Chesters |07712299969|166 |Holland st|Crewe|CW1 3SL|Jeremy Davies|Pigeon house|Rye street||WR13 6AS|07739148679|Pickup|For next weds please|||1|2025-03-03 11:23:31~25212|Pigeons ybs|8|janenield61@hotmail.com||10|Rob Watkins|07469944209|30. Peel Park Crescent |Little Hulton|Manchester |M380BU|Mark|12 Heskell Road |Parkstone|Poole|BH123HX|07864546219|Delivery|Rob Watkins needs boxes squeakers and singles|Jane ||1|2025-03-03 11:23:31~25213|Pigeons ybs|6|janenield61@hotmail.com||10|Rob Watkins |07469944209|30. Peel Park Crescent |Little Hulton |Manchester |M380BU|David |4. Pamela Street |Mountain Ash|Wales |CF453LH|07766662956|Delivery||Jane ||1|2025-03-03 11:23:31~25214|Finches |3|juliespad14@aol.com||10|Ali|07455366634|26 Oronsay Grove|Salford|Greater Manchester|M5 5DY|John Lloyd |29 Ffordd Beibio|Holyhead|Ynys M&ocirc;n|LL65 2EN|07716106946|Delivery|Delivery home number 01407765123|JulieB||1|2025-03-03 11:23:31~25215|Pigeons |6|tracymjackson@hotmail.co.uk||10|Tracy Jackson|07786464399|56 Maltravers Terrace|Sheffield|South Yorkshire|S2 5FN|John moughton|Eden PlaceNorthgate Street|Great Yarmouth|Norfolk|NR30 1BQ|07391047244|Delivery||||1|2025-03-03 11:23:31~25216|Pigeons yb|6|juliespad14@aol.com||10|Andrew Woods |07980337805|32 Fitzgerald Road|Norwich|Norfolk|NR1 2NF|Roy Hibbert|19 Dinnington Road|Worksop|South Yorkshire|S81 8RL|07808296546|Delivery||JulieB||1|2025-03-03 11:23:31~25217|Pigeons ob|8|juliespad14@aol.com||13|Mark Evans|07503578444|81 Three Tuns Lane|Wolverhampton|West Midlands|WV10 6BW|ANDREW McKye|10 Greenbank Court|Buckie|Moray|AB56 1EZ|07799501149|Delivery|Next Aberdeen run |JulieB||1|2025-03-05 19:08:59~25218|Norwich Canaries|4|juliespad14@aol.com||10|Bob|07769386076|13 Court Drive|Kettering|North Northamptonshire|NN16 9EP|Dave Hamilton|37 Saint Kentigerns Road|Lanark|South Lanarkshire|ML11 7AS|07387912307|Delivery|Please do outlay of &pound;240 
Thanks |JulieB||1|2025-03-03 11:23:31~25219|Pigeons ob|2|juliespad14@aol.com||10|John O'Brian|07379959991|78 Montgomery Road|Ipswich|Suffolk|IP2 8QR|Paul|6 Aycliffe Crescent|Gateshead|Tyne and Wear|NE9 7DD|07706556747|Delivery||JulieB||1|2025-03-03 11:23:31~25220|Snakes 1 box |1|juliespad14@aol.com||10|Luke Arnone|07854300860|29 Grafton Gardens|Lancing|West Sussex|BN15 9SP|Steven Rudge|47 Mercia Drive|Wolverhampton|Staffordshire|WV6 7NH|07720243613|Delivery||JulieB||1|2025-03-03 11:23:31~25221|Snake|1|juliespad14@aol.com||10|Steven Rudge|07720243613|47 Mercia Drive|Wolverhampton|Staffordshire|WV6 7NH|Leslie Wright|19 Park Road|Bury|Greater Manchester|BL0 9RZ|07379508719|Collection||JulieB||1|2025-03-03 11:23:31~25222|Pigeons yb|3|juliespad14@aol.com||10|Dominic|07783656571|65 Bedford Road|Bedford|Central Bedfordshire|MK45 3NA|Who Dares Wins|Chapel Farm, Plains Lane|Blackbrook|Derby|DE56 2DD|07368307667|Collection||JulieB||1|2025-03-03 11:33:41~25223|Pigeons yb|8|juliespad14@aol.com||10|Mark Evans|07460219458|3 Myddelton Avenue|Denbigh|Denbighshire|LL16 3RH|Nick Watkins |10 Cobbs Hill|Lower Lees Road|Chilham|CT4 8AR|07828686502|Delivery||JulieB||1|2025-03-03 11:33:41~25224|pigeons|5|info@syndicatelofts.com||10|Ty Mawr Cottage|07836334954|Tal y Bont,|Bangor|Gwynedd|LL57 3UR|Tenny Tipper|Welsh Elite One Loft Race|9a Victoria Square |Aberdare, South Wales |CF44 7LA|07723919167|Pickup||||1|2025-03-03 11:33:41~25225|Pigeons ob|2|juliespad14@aol.com||10|Mr Takard|01723891470|89 Bridlington Street|Hanmanby|Filey|YO14 0LP|Roger Sexton|74 Woodlands Park Drive |Cadoxton|Neath|SA10 8AW|07449215804|Delivery||JulieB||1|2025-03-03 11:33:41~25226|Doves|2|juliespad14@aol.com||10|Luke Forster|07731706131|14 Lyndhurst Avenue|Blackpool|Blackpool|FY4 3AU|Mr Harlow |124 Tithe Road|Chatteris|Cambridgeshire|PE16 6SN|07811222341|Delivery||JulieB||1|2025-03-03 11:33:41~25227|PIGEONS YBS|2|highflyerscouriers@gmail.com|admin|10|CUSTOMER A|07989908093|7 penrith cres|sheffield|..|S58TX|tT MCMANUS|22 ST AUSTELLS DRIVE |PRESTWCH|MANCHESTER|M251LX|07734961984|Delivery|&pound;55.00 COD |admin||1|2025-03-03 11:33:41~25228|8budgies|1|susanstevens2805@gmail.com||10|K  hulbert|07419281541|OakfieldFarm. .|Oakfield farm. honiton Devon|honiton Devon|EX14 3BJ|Susan Stevens|78  St Albans Road|78  St Albans Road|WestLeigh.|PO9 2JZ|02393116700|Delivery||||1|2025-03-03 11:33:41~25229|pigeon|2|dewsburyglass@live.co.uk||10|m gibbons|07887528064|24 Grasmere Road|Dewsbury|West Yorkshire|WF12 7PU|mr davies|pigeon house|Malvern|Worcestershire|WR13 6AS|07739148679|Pickup|the two birds will be in the garage at the side of the house distcount  code hf 00518874b so &pound;45 to pay thanks martin|||1|2025-03-03 11:33:41~25230|Rabbit |1|northbeechstud@gmail.com||10|Lisa Cayne |07711830103|2 Sandy Moss|Carlisle|Cumberland|CA6 4AZ|Annalisa mabbitt|17 Meadow Road|Chester|Flintshire|CH4 0RG|07946827124|Pickup||||1|2025-03-03 11:33:41~25231|Pigeon|10|urryross@aol.co.uk||10|Mark Smith|07494527394|128 Hazel Road|Knottingley|West Yorkshire|WF11 0LT|Ross Urry|18 King George Road|Andover|Hampshire|SP10 3DG|07596503597|Delivery||||1|2025-03-03 11:33:41~25232|Young Pigeons|5|gandhimumph@hotmail.com||10|Andy Cowley |07926834833|Rosedale |Siddington road|Cirencester |GL7 1PA|John Parker|20 Bailey Grove Road|Nottingham|Nottinghamshire|NG16 3PB|07594156854|Pickup|Collection address, driveway is on Siddington Road, directly opposite entrance to ermin place |||1|2025-03-03 11:33:41~25233|Pigeons|4|nhwilkinson@aol.com||11|Banaras Mahmood|07415429840|120 Pretoria Road|Birmingham|West Midlands|B9 5LQ|Nicholas Wilkinson|The Rowlands|Dalton|North Yorks|YO7 3HS|07752332947|Delivery|You should contact Banaras well in advance probably Monday to be sure of collection. I think he works long hours and doesn't answer my emails until late at night. 
Thank you. |||1|2025-03-06 08:54:55~25234|Pigeons |4|charlie.smithem@icloud.com||10|Adam seaton|07840676310|Centaur house |Cold newton road |Cold newton|LE7 9DA |Charlie Smithem|Crich View Nurseries |Sitwell Grange Lane|Pilsley |S45 8EN|07378304412|Delivery||||1|2025-03-03 11:33:41~25235|Tortoise|2|emma@tortoise-den.co.uk|The Tortoise Den|10|Steve and Emma|07756878271|The Tortoise Den Ltd|Prees Green|Whitchurch|SY13 2BP|Joanne Elsegood|13 Hardwick Estate|Boston|Lincolnshire|PE20 1HQ|07951775888|Account|1 x tortoise box, 1 x product box.
Delivery - Thursday 6th March please.||HF 0051 502|1|2025-03-03 11:33:41~25236|Pgeon |6|paulm955915@mail.com|PaulM|10|Richard Owen |07526138289|15 maes yR HAS|Holyhead ||LL651HY|Who dares wins |Plains lane ||Derby |DE562DD|07368307667|Collection|6 x Y B S 55coc |PaulM||1|2025-03-03 11:33:41~25237|Pgeon |10|paulm955915@mail.com|PaulM|10|Richard |07526138289|15 MAES YR HAF||Holyhead |LL651HY|Premier one loft,Jeremy Davies |Rye st|||WR136AS|07739148679|Collection|10 x Y B S
Code given 
45 C O C .........|PaulM||1|2025-03-03 11:33:41~25238|Bird|2|waynehewson45@gmail.com||10|William|07944244062|3 Sheringham avenue|North/shields|Tyne&amp;wear|NE29 8HU|Wayne Hewson|5 Bonby Grove|5 Bonby Grove|Bonby Grove|DN33 1HP|07982103284|Delivery||||1|2025-03-03 11:33:41~25239|Pgeon |4|paulm955915@mail.com|PaulM|10|Andrew |07787225641|LOCK HOUSE|Old Windsor lock|Berkshire |SL42JZ|John Campbell |6 QUEENS RD|Kings Lynn ||PE344BN|07414920634|Delivery|4 x Y B S ANDREW HITCHCOCK 
60cod |PaulM||1|2025-03-03 11:33:41~25240|Pigeons|10|info@louella.co.uk||10|Louella|01530242255|Hall Farm Copt Oak Road|Loughborough|Leicestershire|LE12 9XL|Mr G Burnett|9 Cockpen Terrace|Bonnyrigg|Mid lothian|EH19 3PH|07949551943|Pickup||||1|2025-03-03 11:33:41~25241|Pigeons yb|6|juliespad14@aol.com||10|Gavin Graham|07512069945|28 Crowgarth Close|Cleator Moor|Cumberland|CA25 5AZ|Gail /Tudor Jones|1A Llanwonno Road|Ferndale|Rhondda Cynon Taff|CF43 3HA|07926037234|Delivery|Alternate delivery phone number 01443733180|JulieB||1|2025-03-03 11:33:41~25242|Pgeon |10|paulm955915@mail.com|PaulM|10|Derrick nickels |07725238211|Journeys end stables |Barry ||CF728JY|James |27 South Park ave|Midds||TS60NS|07539354498|Delivery|10xyb 
55cod |PaulM||1|2025-03-03 11:33:41~25243|Parrot |1|paulm955915@mail.com|PaulM|10|Gunny harbert |07944947216|53 colledge gardens |Cottenham ||CB248RQ|Mr compton|16 the stripe|Stokesley ||TS95PU|07903589886|Delivery|Outlay 280
10 admin fee..
290 bank transfer..
60 carriage cod.mr j CROMPTON..|PaulM||1|2025-03-03 11:33:41~25244|Small owl|1|liambenz160@gmail.com||10|Barry|07765484249|61 Crown Street|Peterborough|Peterborough|PE1 3HX|Liam Benz|70 Treclago View|Camelford|Cornwall|PL29 3TR|07813533303|Delivery||||1|2025-03-03 11:33:41~25245|Pgeon |6|paulm955915@mail.com|PaulM|10|Fern allen|07904012027|32 A high street |Barry ||CF627EB|Freddie Mercury |The mercuries, pen Bournemouth war memorial ||Bournemouth |BH89TP|07865379733|Collection|6 x O B S 
60C . O .C .|PaulM||1|2025-03-03 11:33:41~25246|PIGEONS Y/BS |10|info@louella.co.uk|Louella|10|Louella Pigeon World|01530242255|Louella Farms|Copt Oak Road|Loughborough|LE129XL|Mr Thompson|62 The Close|Portskewett|Caldicot|NP26 5SN|07983467192|Account||||1|2025-03-03 11:33:41~25247|Pigeons Y/bs|10|info@louella.co.uk|Louella|10|Louella Pigeon World|01530242255|Louella Farms|Copt Oak Road|Loughborough|LE129XL|Mr Fitim|Beccles Hand Car Wash|Gresham Rd|Suffolk|NR34 9QM|07775368820|Account||||1|2025-03-03 11:42:04~25248|Pigeons Y/Bs|10|info@louella.co.uk|Louella|10|Louella Pigeon World|01530242255|Louella Farms|Copt Oak Road|Loughborough|LE129XL|Mr Roberts|54 Gwynfi Street|Blaengwynfi|Neath Port Talbot|SA13 3TY|01639851391|Account||||1|2025-03-03 11:42:04~25249|Pigeons Y/BS|10|info@louella.co.uk|Louella|10|Louella Pigeon World|01530242255|Louella Farms|Copt Oak Road|Loughborough|LE129XL|Mr Hawke|80 Stannary Road, Stenalees|Saint Austell|Cornwall|PL26 8SS|07561572381|Account||||1|2025-03-03 11:42:04~25250|Pigeons Y/bs|10|info@louella.co.uk|Louella|10|Louella Pigeon World|01530242255|Louella Farms|Copt Oak Road|Loughborough|LE129XL|Mr Grogutt|53 Parkes Street|Willenhall|West Midlands|WV13 2LR|07734250113|Account||||1|2025-03-03 11:42:04~25251|Pigeons Y/Bs|6|info@louella.co.uk|Louella|10|Louella Pigeon World|01530242255|Louella Farms|Copt Oak Road|Loughborough|LE129XL|Mr Moore|24 Wellpark Road|Saltcoats|North Ayrshire |KA21 5LJ|07498898252|Account||||1|2025-03-03 11:42:04~25252|Pigeons|5|laughtonlodgefarm@yahoo.com||10|Jeremy Wright|07890975073|Laughton lodge farm|Laughton |Lutterworth |LE17 6QA|Pride of the potteries|Hollywood farm|Crackles gates lycett|Newcastle under lyme|ST56AW|07849214640|Pickup||||1|2025-03-03 11:42:04~25253|Cockatoo |1|helenwindibank020@gmail.com||11|Laura David|07549574004|61 Perth Street|Chaddeston|Derby|DE21 4BQ|Helen Windibank |6 Andrews Close|Offord Darcy|St Neots|PE19 5GJ|07526253212|Delivery|Please can you book this to pick up a Bare Eyed Cockatoo on Wednesday the 12th of March for delivery on the 13th of March. |||1|2025-03-05 19:04:25~25254|Pgeon |7|paulm955915@mail.com|PaulM|10|A n other |07456394679|34 madelim street|||CF433NA|John|73 Braunstone close |Leicester||LE32GW|07375463263|Delivery|55cod |PaulM||1|2025-03-03 11:42:04~25255|Pgeon |10|paulm955915@mail.com|PaulM|10|Mark Smith |07494527394|128 Hazel rd|W.yorks||WF110LT|Kevin |44 Farringdon crescent |Preston ||PR15TY|07926978344|Delivery|10 x YB
55cod |PaulM||1|2025-03-03 11:42:04~25256|Pigeon|1|dadswellsophie@gmail.com||10|Sophie|07309379969|Famous shop|52-54 Yorkshire Street |Burnley |BB113BN |Amber|6 stowmarket road|Stonham aspal|Suffolk|IP14 6AB |07871195488|Pickup||||1|2025-03-03 11:42:04~25257|Pigeons |1|janenield61@hotmail.com||10|M. Munslow|07301549465|66. Elmdon Lane|Marston Green|Birmingham |B377EU|S.Stewart|119. Espieside Crescent |Coatbridge |Lanarkshire|ML52HF|07534576845|Delivery|Ring number pb22d29815|Jane ||1|2025-03-03 11:42:04~25258|Reptiles |7|jarethferret@gmail.com||10|Jordan |07712165849|29 Market Street|Heckmondwike|West Yorkshire|WF16 0EU|Cand Perkins|Red house |Bush bank|Hereford |HR48EW|07790414481|Delivery|Hi i am wanting 7 small reptiles couriered to me please. Can I do bank transfer or os it cash only |||1|2025-03-03 11:42:04~25259|Pigeon|1|aderek311@gmail.com||10|Matthew Munslow|07301549465|66 Elmdon Lane|Birmingham|West Midlands|B37 7EQ|Derek Anderson |20 Omachie Place, Wellbank|Dundee ||DD4 7FP |07596618362|Delivery||||1|2025-03-03 11:42:04~25260|Conure|1|Lee@itsabirdsthing.co.uk|Its a Bird Thing|10|Lee|07962099830|90 Weggs Farm Road|Duston|Northampton|NN5 6HZ|Samantha Beard|1a Devon Gardens|Rochford ||SS4 3AJ|07540945615|Account||||1|2025-03-03 11:42:04~25261|Chicken|3|maryannatavener@gmail.com||10|Amy Nash|07827910339|Barlochan Farm|||DG7 1PF|Maryanna Tavener|Manor Farm House|Child Okeford|Blandford|DT11 8EE|07710949035|Delivery|I am happy to pay on pickup or delivery.  I am the receiver, a farm in Scotland is selling the chickens, 2 hens and a cockerel.  I will be in after 12:30 on Thursday, but someone is always at home.
This is a repeat order as the phone number was wrong, and I didn&rsquo;t have the specific farm address for collection before.
Thank you|||1|2025-03-03 11:42:04~25262|Pigeon |2|kirstyhowson1984@gmail.com||10|Justin Rogers|07918027298|Bosliven Farm|St Buryan, nr Penzance|Cornwall|TR19 6 BD|Mr Luke Mason|4 Hawkswood Mount|Leeds|West Yorkshire|LS5 3PQ|07584624579|Delivery||||1|2025-03-03 11:42:04~25263|Pigeons|5|premierstud@outlook.com||10|Derek Nicholls|07725238211|Journeys End Stables |Hensol||CF72 8JY |J swift|South view riding school|||NG34 8 RU|07739360798|Pickup||||1|2025-03-03 11:42:04~25264|pigeons|6|crl1959@outlook.com||10|neil  bradley|07954047401|11  spindrift close|askam  in furness|cumbria|LA16 7HY|colin lewis|9 bryneithin|gowerton|swansea|SA43BZ|07925808769|Delivery||||1|2025-03-03 11:42:04~25265|PGEONS|3|HIGHFLYERSCOURIERS@GMAIL.COM|PaulM|10|luke|07534663270|6 rickgarth|gateshead||NE108QT|martin|THE WHITE HOUSE|BELSTON LOCK|SINCLAIRSTON|CUMNOCK,,,,KA182RT|07969895014|Delivery|65 C O C |PaulM||1|2025-03-03 11:42:04~25266|BUDGIES|2|HIGHFLYERSCOURIERS@GMAIL.COM|PaulM|10|GRAHAM KITCHERNER|07551937005|4 STONNALL CLOSE|WORCS||WR89HP|AIDAN YULE|3 BALKEERIE COTTAGE|EASSIE BYGLAMIS|FORFAR|DD81SR|07595990501|Collection|65 C O C..
PLEASE CALL COLLECTION 20 MINS NOTICE...
AND PLEASE CALL DELIVERY 1 HOUR NOTICE...|PaulM||1|2025-03-03 11:42:04~25267|PGEONS|24|HIGHFLYERSCOURIERS@GMAIL.COM|PaulM|11|P D LOFTS|07710973559|106 MARSH LANE|||B712DL|MR MCDONALD|30 WESTBROOK RD|WIRRAL||CH465NN|07518905728|Delivery|24 X Y B S 
75 C, O D 
|PaulM||1|2025-03-06 08:54:08~25268|Goldfinch |1|jason45smith2019@gmail.com||10|14 bunbury close|07542901073|Chester|||CH2 4HL|Caroline Lark  29a vicarage hill Kingsteignton  Devon  Tq12 3ba|29A Vicarage Hill|Newton Abbot|Devon|TQ12 3BA|07442163178|Pickup||||1|2025-03-03 11:42:04~25269|PGEONS|6|HIGHFLYERSCOURIERS@GMAIL.COM|PaulM|10|DERRICK NICHOLS|07725238211|JOURNEYS END STABLES|HENSOL|BARRY|CF728JY|MR THORPE|47 MOSSFORD LANE|BARKINSIDE |ESSEX|IG62JA|07956058124|Delivery|6 X Y BS
60COD
CALL DELIVERY 20 MINS NOTICE,,,,,|PaulM||1|2025-03-03 11:42:04~25270|Reptile |1|slitherinreptiles@outlook.com||10|Slitherin Reptiles Ltd |07708944692|The Springboard CentreBusiness CentreMantle Lane|Coalville|Leicestershire|LE67 3DW|Dominik|48A Poole Road, |Flat 1, |Bournemouth|BH4 9DZ|07428169868|Pickup|Please collect from our shop during opening ours 9:00am - 5:00pm 

Delivery to Dominik after 3pm would be great, Please arrange with him directly. 

Kind regards
Baiden 
Slitherin Reptiles Ltd |||1|2025-03-03 11:42:04~25272|pigeon|10|caudwell3@aol.com||10|caudwell mark|07761813997|35 hillside drive |edlington||DN121PN|clive williams |2 ynysygored rd |merthyr |tydfil |CF484QF|07543468202|Pickup||||1|2025-03-03 11:42:04~25273|pigeon|2|caudwell3@aol.com||10|caudwell mark|07761813997|35 hillside drive |edlington||DN121PN|p hawke|80 tannery road |stenalees|st austell cornwall|PL268SS|07561572381|Delivery||||1|2025-03-03 11:57:49~25274|Pigeon|1|sparkieroy@aol.com||10|Lee Owen|07841106756|31 California Close|Chapleford|Warrington |WAS 8WU|ROY CUNNINGHAM|7 SOUTHFIELD |Falkland|Fife|KY15 7AS|07917263221|Delivery||||1|2025-03-03 11:57:49~25275|Tortoises|5|emma@tortoise-den.co.uk|The Tortoise Den|10|Steve and Emma|07756878271|The Tortoise Den Ltd|Prees Green|Whitchurch|SY13 2BP|Samantha Kingdom|18 Collaton Road|Kingsbridge|Devon|TQ7 3SJ|07434969593|Account|2 x tortoise boxes, 3 x product boxes.
Delivery - Thursday 6th March  please.||HF 0051 503|1|2025-03-03 11:57:49~25276|Pigeons ob|9|juliespad14@aol.com||10|Shaun Saunders |07923518125|24 Sinodun Road|Didcot|Oxfordshire|OX11 8HN|Ian Mitchel|18 Meadowpark|Ayr|South Ayrshire|KA7 2LR|07853219480|Delivery||JulieB||1|2025-03-03 11:57:49~25277|PGEONS|6|HIGHFLYERSCOURIERS@GMAIL.COM|PaulM|10|DERRICK NICHOLS|07725238211|JOURNEYS END STABLES|BARRY||CF728JY|DARREN |WINTER WARMTH|UNIT 8,ASTON FIELD RD|STAFFORD|ST163UF|07913716845|Delivery|6 x Y B S
55 CO D .|PaulM||1|2025-03-03 11:57:49~25278|PGEONS|2|HIGHFLYERSCOURIERS@GMAIL.COM|PaulM|10|MATT MUNSLOW|07301549465|66 ELMDON LANE|||B377EQ|KRIS COILS|6 CONISTON DRIVE|SACRISTON|DURHAM|DH76DF|07775592370|Delivery|55 COD|PaulM||1|2025-03-03 11:57:49~25279|PGEONS|5|HIGHFLYERSCOURIERS@GMAIL.COM|PaulM|10|JOE DUNNET|07599232584|56 NORWICH GARDENS||CROOK, CO ,DURHAM|DL150PY|WHO DARES WINS|PLAINS LANE|DERBY||DE562DD|07368307667|Collection|5 X Y B S
50 C O C ''
LEAVE 2 SQEEKER BOXES, FOR COLLECTION|PaulM||1|2025-03-03 11:57:49~25280|PGEONS|7|HIGHFLYERSCOURIERS@GMAIL.COM|PaulM|10|MR JAKES|07783346248|18 NORTHCLIFFE AVE|BRADFORD||BD133BX|PATRICK DUFFY|24 DUCKFORD RD|GREY BARR|BIRMINGHAM|B422JE|07860379382|Delivery|7 X O B S
55COD.   |PaulM||1|2025-03-03 11:57:49~25281|PIGEONS YBS|26|highflyerscouriers@gmail.com|admin|10|GREG|07855325544|35 Fernwood Road|Sutton Coldfield|West Midlands|B73 5BQ|ROSEMARY ROBINSON|IRELAND |IRELAND |IRELAND|BT1|07708859886|Delivery|COD|admin||1|2025-03-03 11:57:49~25282|PIGEONS|1|elimarbookings@gmail.com|ELIMAR|10|DAVE THOMPSON|07922540284|188 SOMERSET STREET|HULL|HUMBERSIDE|HU33GG|MARK KEENE|38 OAK MOUNT RD |EASTLEIGH|HANTS|SO532LH|07912882709|Account|ELIMAR PAID
90693
GB23V59275|admin||1|2025-03-03 11:57:49~25283|PIGEON|1|highflyerscouriers@gmail.com|admin|10|CUSTOMER A|07453171948|15 CATHERALL AVE|BUCKLEY|FLINTSHIRE|CH73DA|LEVY ASTLTNI|95 VISTA WAY|HARROW|LONDON|HA30SJ|07722845514|Delivery|&pound;60.00 COD|admin||1|2025-03-03 11:57:49~25284|Pigeon |6|morriscarpets@gmail.com||10|Alan devlin|07545531402|16 pearl rd|Salterbeck working |Cumbria|CA14 5EE|Ian morris|Unit 18 Cwm Cynon business park|Mountain ash|Mid Glamorgan |CF454ER|07952303504|Delivery||||1|2025-03-03 11:57:49~25285|PIGEONS|1|elimarbookings@gmail.com|ELIMAR|10|JANICE WELLS |07895439008|GLAN YR AFON |CONWAY|CAENARFON|LL328EQ|FRANK MITCHEL|112 PORTERSFIELD |FIFE|DUNFERMLINE|KY129XQ|07876771248|Account|ELIMAR PAID 91182
2025 YBS|admin||1|2025-03-03 11:57:49~25286|PIGEONS|1|elimarbookings@gmail.com|ELIMAR|10|LEE CLARK|07522894214|29 CARRINGTON RD|AYLESBURY|HEMELHEMSTED|HP218JD|JAMES MATHERS|14 DEWHURST AVE |BLACKPOOL|LANCS|FY43EL|07796351321|Account|ELIMAR PAID
90959
22AP1470|admin||1|2025-03-03 11:57:49~25287|PIGEONS|2|elimarbookings@gmail.com|ELIMAR|10|ANDREW FOWLER|07508399975|228 HARROWBY RD |GRANTHAM|LINCS|NG319DZ|ALAN WALDOCK|BOSVEAN|ST AUSTALL|CORNWALL|PL268YB|07792662169|Account|ELIMAR PAID
91192
GB25V65865\\65873|admin||1|2025-03-03 11:57:49~25288|PIGEONS|1|elimarbookings@gmail.com|ELIMAR|10|MOHAMMED SAMMED|07456330399|87 COUCHMAN RD |BIRMINGHAM|WEST MIDS|B83SR|STEVEN WALKER|142A WELLINGTON RD |BILSTON|WEST MIDS|WV146AZ|07801165717|Account|ELIMAR PAID
91112
GB24D72512|admin||1|2025-03-03 11:57:49~25289|PIGEONS|2|elimarbookings@gmail.com|ELIMAR|10|ANDREW FOWLER|07508399975|228 HARROWBY RD |GRANTHAM|LINCS|NG319DZ|ALAN WALDOCK|BOSVEAN|ST AUSTALL|CORNWALL|PL268YB|07792662169|Account|ELIMAR PAID
91192
GB2565865\\65873|admin||1|2025-03-03 11:57:49~25290|PIGEONS |15|highflyerscouriers@gmail.com|admin|10|WILLIE DONNACHIE|00000000000|12 BRUCE RD|DUNDEE|SCOTLAND |DD38LL|JOHN GERRARD|123 GOUGH CRESCENT|POOLE |DORSET|BH177JJ|00000000000|Collection|&pound;71.00 COC|admin||1|2025-03-03 11:57:49~25291|PIGEONS|6|highflyerscouriers@gmail.com|admin|10|GREENARCES LODGE|07932999021|GREENARCES RD |OLDHAM|LANCS|OL43EY|MOHIN|383 DERSINGTON AVE |LONDON|...|E126JX|07793536505|Delivery|&pound;60.00 COD|admin||1|2025-03-03 11:57:49~25292|PIGEONS|4|highflyerscouriers@gmail.com|admin|10|ANDREW FRAPPELL|01934862888|5 LAWENCE RD |BRISTOL|..|BS405QF|ALAN LARKIN |IRELAND |IRELAND |IRELAND|BT2|00000000000|Delivery|&pound;120.00 COD|admin||1|2025-03-03 11:57:49~25293|PARROT|1|highflyerscouriers@gmail.com|admin|10|ABEED MIAH|07709811703|18 CORNWALL RD |BRADFORD|YORKSHIRE|BD87JN|JUSTIN SPEARMAN|61 VAUXHALL AVE|CANTERBURY|KENT|CT11EX|07359945573|Delivery|&pound;60.00 COD|admin||1|2025-03-03 11:57:49~25294|RABBITS|2|highflyerscouriers@gmail.com|admin|10|CLOIE HARGREAVES|07932582730|OWL VEIW BARN|MANCHESTER RD |BURNLEY|BB115NS|LSLEY WRIGHT |HOUSE OF ARDEN|JOLLY BROOK BARN|CORNWALL|PL30|00000000000|Delivery|&pound;60.00 DEAL|admin||1|2025-03-03 11:57:49~25295|Pigeon|1|mohammedsammad7532@gmail.com||10|Justin Rogers |07918027298|St buryan|Penzance |Cornwall|TR19 6BD|Mohammed sammad|87 Couchman Road|Birmingham|West Midlands|B8 3SR|07456330399|Delivery||||1|2025-03-03 11:57:49~25296|Pigeon|1|hjohnson1983jack@gmail.com||10|Remi|01284701444|Western Way|Bury Saint Edmunds|Suffolk|IP33 3SP|Helen Johnson |2 Machno Place|Denbigh|Denbighshire|LL16 3YA|07956664286|Delivery|Please could you give approx times for collection &amp; delivery?|||1|2025-03-03 11:57:49~25297|Pigeon|6|premierstud@outlook.com||10|Derek Nicholls|07725238211|Journeys End Stables |||CF72 8JY |R quinbel|87 Tennyson gardens|Horncastele||LN9 |07826087615|Delivery||||1|2025-03-03 11:57:49~25298|pigeons|6|d.housden647@btinternet.com||10|paul kulpa|07774781884|41|northcourt ave|reading|RG2 7HE|DAVID HOUSDEN|30|THE ROWLANDS BIGGLESWADE|BEDS|SG18 8NZ|07745346472|Delivery|WILL PAY BY BANK TRANSFER TO AC ENDING 1725|||1|2025-03-03 12:09:03~25299|PGEONS|11|HIGHFLYERSCOURIERS@GMAIL.COM|PaulM|10|ROGER VINE|01406258391|2 STUKELY HALL DRIVE|||PE127HD|GREGGS|15 FORFAR RD||ANGUS,,SCOTLAND|DD85PT|07857977089|Delivery|65COD|PaulM||1|2025-03-03 12:09:03~25300|Green Ring neck|1|atifmasood22@hotmail.com|Birds 4 U|10|Birds4U|07400944876|35 New town Shopping Center|Aston|Birmingham|B19 2SS|Thomas Watters|12 Stenton Road|Dunbar|East Lothian|EH42 1UG|07933677527|Pickup||||1|2025-03-03 12:09:03~25301|Cocktail|1|atifmasood22@hotmail.com|Birds 4 U|10|Birds4U|07400944876|35 New town Shopping Center|Aston|Birmingham|B19 2SS|Eleni Papageorgiou|154B Milton Road|Flat Ground Floor|Waterlooville, Hants|PO7 6EN|07984272248|Pickup||||1|2025-03-03 12:09:03~25302|Green Quaker|1|atifmasood22@hotmail.com|Birds 4 U|10|Birds4U|07400944876|35 New town Shopping Center|Aston|Birmingham|B19 2SS|Mark Mcgregor|47B Gilmerton Road|Edinburgh|Edinburgh|EH177SA|07498603294|Pickup||||1|2025-03-03 12:09:03~25303|AMAZONS|2|HIGHFLYERSCOURIERS@GMAIL.COM|PaulM|10|ALI|07405865923|14 ABASEEN CLOSE||BRADFORD|BD39NJ|MR KHAN|13 CARTWRIGHT RD||DAGENHAM|RM96HX|07762035997|Delivery|60 COD|PaulM||1|2025-03-03 12:09:03~25304|PGEONS|1|HIGHFLYERSCOURIERS@GMAIL.COM|PaulM|10|HOUSE OF AREDEN|01208821881|JOLLEY BROOK BARN|||PL304HP|MR ALISON|38 WOODVIEW TERRACE||HAMILTON|ML39DR|07519118089|Delivery|65COD|PaulM||1|2025-03-03 12:09:03~25305|PIGEONS|6|premierstud@outlook.com||10|DEREK NICHOLLS PREMIER STUD|07725238211|HENSOL|||CF72 8JY|R QUINBEL|87 Tennyson Gardens|Horncastle|Lincolnshire|LN9 6DF|07826087615|Delivery||JulieB||1|2025-03-03 12:09:03~25306|Pigeons|3|wales1919@hotmail.com||10|Salvador|07875410080|35 Theydon Court|Waltham Abbey|Essex|EN9 3HY|Sinan|35 Creidiol Road|Swansea|Swansea|SA1 6TZ|07879320527|Pickup||||1|2025-03-03 12:09:03~25307|pigeon |1|bosshogg2009@hotmail.co.uk||10|Les Carter|07904703079|Key PointLower Keys ParkKeys Park Road|Walsall|Staffordshire|WS12 2FN|Andrew Jacklin |80 Pasture Road|Barton-upon-Humber|North Lincolnshire|DN18 5HZ|07895423499|Delivery|gb 24 x22180|||1|2025-03-03 12:09:03~25308|pigeon|3|gavinchildselectrical@yahoo.co.uk||10|L carter|07904793079|lower keys park|keys park road|hednesford|WS12 2FN|gavin childs|31 Goldfinch Close|Faversham|Kent|ME13 7EW|07542271689|Delivery|GB23S78990.
GB24X22160.
GB24X22238|||1|2025-03-03 12:09:03~25309|PIGEON|1|ltaffleck@hotmail.co.uk||10|excelsior pigeon|07904793079|office 1 unit 7 key point|lowe keys park keys park road|Hednesford|WS12 2FN|LES AFFLECK|9/1 STENHOUSE COTTAGES|EDINBURGH|SCOTLAND|EH11 3JQ|07944605878|Delivery||||1|2025-03-03 12:09:03~25310|Conure|2|Shawn_palser@hotmail.co.uk||10|Mr mh irfan|07726925786|14 Saint Thomas Gardens|Huddersfield|Bradley |HD21SL|Shawn palser|3 the crapen,woodfields |Cam|Gloucestershire |GL11 6LP |01453519615|Delivery||||1|2025-03-03 12:09:03~25311|Cockatiels |2|jen@sandford.co.uk||10|Michael Edwards|07484196003|6 Heol Crwys Trefin|Haverfordwest |Pembrokeshire|SA62 5AF|Jenny Sandford |21 Ferndown |Horley|Surrey|RH6 8ED |07872901362|Delivery|Seller only has a cardboard box, can I borrow one of yours pls, I can return it to the driver |||1|2025-03-03 12:09:03~25312|PIGEONS YBS|12|highflyerscouriers@gmail.com|admin|10|PHIL|07786925887|OLD TIMOTHYS YARD|TONPENTRE|S WALES|CF417EE|A FLEMMING|16 BURNSIDE|KINGLSSIE|FIFE|KY50XN|07751055090|Delivery|&pound;65.00 COD|admin||1|2025-03-03 12:09:03~25313|Pigeon|1|isayevgulidin@hotmail.co.uk||10|Gulidin Isayev|07427190836|61 Curzon Crescent|Barking||IG11 0LB|Halmat|83 Eastbourne Road|Darlington||DL1 4EP|07492606868|Delivery||||1|2025-03-03 12:09:03~25314|DOVES , FANTAIL 2 WHITE FEMALES|2|debbiegardiner11@gmail.com||10|Paula Head |07985755402|4 Lowick close|Dereham|Norfolk|NR19 1EJ|D GARDINER |83 Boughton Lane |Loose|Maidstone,  Kent |ME15 9QP |07939431517|Delivery|Thankyou. |||1|2025-03-03 12:09:03~25315|PIGEONS YBS|6|highflyerscouriers@gmail.com|admin|10|PHIL|07786925887|OLD TIMOTHYS YARD|TONPENTRE|S WALES|CF417EE|MR CRIDLAND |5 LAMBERTH WAY|LITTLE STONHAM |SUFFOLK|IP145JN|07754069754|Delivery|&pound;60.00 COD|admin||1|2025-03-03 12:09:03~25316|PARROT|1|highflyerscouriers@gmail.com|admin|10|FAUNA TRADE|00000000000|339 WIMPOLE RD |BARTON|CAMBRIDGE|CB237AE|RICHARD |32 SOUTHFIELD DRIVE |HALL GREEN|BIRMINGHAM|B280QY|07500221955|Delivery|&pound;45.00 DEAL|admin||1|2025-03-03 12:09:03~25317|PIGEONS|4|highflyerscouriers@gmail.com|admin|10|CUSTOMER A|07484140142| HIGHFIELDS| WOODROW LANE| GREAT MOULDEN|NR152JG|FLAT 01 |10 PRINCE STREET|GREENOCK|SCOTLAND |PA151TQ|07849156644|Delivery|&pound;65.00 COD


&pound;60.00 OUTLAY VIA TONY BRISTOL|admin||1|2025-03-03 12:09:03~25318|PIGEONS|6|highflyerscouriers@gmail.com|admin|10|CUSTOMER A|07743906867|1A OLDHALL HALSNEAD PK|LIVERPOOL|MERSEYSIDE|L353QB|CUSTOMER B|43 GOOSESTRY LEA |WALSALL|WEST MIDS|WS79DH|07516634217|Delivery|&pound;55.00 COD 

&pound;60.00 OUTLAY THROUGH TONY BRISTOL|admin||1|2025-03-03 12:09:03~25319|Pigeon |6|lbsc@blueyonder.co.uk||10|Gary sterio|07811346861|189 Heol Trelai||Cardiff|CF5 5LF|STEPHEN CORKIN |15,BARMOUTH CLOSE|Battle hill Estate|WALLSEND|NE28 9AR|07967463015|Delivery||||1|2025-03-03 12:09:03~25320|Complete Hermanns Set Up with ONE Heremanns Tortoise bred in 2024|2|iancrosby668@gmail.com|Tortoises 4 You|10|Tortoises4you|07375143987|15 Escott Court, Chilton Street|Bridgwater|Somerset|TA6 3HU|Jason Redden|25 Link Lane|Sutton, Ely, |Cambridgeshire|CB6 2NF|07513021333|Account||||1|2025-03-03 12:09:03~25321|Fancy Pigeons|4|chris1707@sky.com||10|Chris Knowles|07401705965|8 Pennine Road|Woodley, Stockport|Greater Manchester|SK6 1JS|Dennis Thornton|29 Broomlee Road|Newcastle upon Tyne|Killingworth |NE12 6YJ|01912680700|Delivery||||1|2025-03-03 12:09:03~25322|Alexandrine |1|feathertailparrotrescue@hmail.com||10|Hayley Battison|07762943501|3 Station Close |Cosall||WV81SJ|Nicki tucker| Eastview|Pylle|Somerset |BA46TA|07739903666|Delivery||||1|2025-03-03 12:09:03~25323|Tortoise|2|emma@tortoise-den.co.uk|The Tortoise Den|10|Steve and Emma|07756878271|The Tortoise Den Ltd|Prees Green|Whitchurch|SY13 2BP|Ayesha Ellis|49 Crescent Wood Road|London|Greater London|SE26 6SA|07884940550|Account|1 x tortoise box, 1 x product box.
Delivery - Thursday 6th March please.||HF 0051 504|1|2025-03-03 12:19:00~25324|PIGEONS YBS|9|highflyerscouriers@gmail.com|admin|10|SHAUN DRIVER|00000000000|..|..|..|PL1|SION FFION|17 GLENMEEN CLOSE|HANNATOWN|BELFAST|BT17|00000000000|Delivery|&pound;COD|admin||1|2025-03-03 12:19:00~25325|PIGEONS|1|highflyerscouriers@gmail.com|admin|10|LEE CLARK|07522894214|29 CARRINGTON|AYLESBURY|BUCKS|HP218JD|CUSTOMER B|7 THE CRES|SHOTLEY BRIDGE|DURHAM|DH80JA|07586835914|Delivery|&pound;60.00 COD|admin||1|2025-03-03 12:19:00~25326|Pigeon|6|keith.lee18@icloud.com||10|Bev jones|07399126563|Hafan|Lady road|Blaenparth|SA432BE|Keith lee|Ts37bq|70 Ingram road|Middlesbrough|TS37BQ|07710041427|Delivery|Please call half hour before delivery|||1|2025-03-03 12:19:00~25327|PIGEONS|1|highflyerscouriers@gmail.com|admin|10|EXCELISIOR PIGEONS |00000000000|OFFICE 1 UNIT 7 KEY POINT|LOWER KEYS PARK|HEDNESFORD|WS122FN|TERRY BARROW|31 DOW RD |SOUTHAMPTON|HAMPS|SO166QF|07736101468|Delivery|&pound;60.00 COD
GB24X22137|admin||1|2025-03-03 12:19:00~25328|PIGEONS|4|highflyerscouriers@gmail.com|admin|10|JUSTIN RODGERS|00000000000|..|..|..|TR|JOHN ADAMS|148 SOWERBY CRES|STOSLEY |TEESIDE|TS95EE|07596428331|Delivery|&pound;60.00 COD |admin||1|2025-03-03 12:19:00~25329|Tortoises|2|emma@tortoise-den.co.uk|The Tortoise Den|10|Steve and Emma|07756878271|The Tortoise Den Ltd|Prees Green|Whitchurch|SY13 2BP|Frances Dove|8 Market Hill|Castle Douglas|Dumfries and Galloway|DG7 2JQ|07510259314|Account|1 x tortoise box, 1 x product box.
Delivery - Thursday 6th March please.||HF 0051 505|1|2025-03-03 12:19:00~25330|Tortoise|1|torthut@gmail.com||10|Imogen Tansley|07827224894|Wood Park Bungalow|Avonwick||TQ10 9ES|Shelley Gibson|49 Rowland Street|Rugby|Warwickshire|CV21 2BW|07970422492|Pickup|Delivery this week please  |||1|2025-03-03 12:19:00~25331|PIGEONS YBS|10|highflyerscouriers@gmail.com|admin|10|IAN DIXON|07710446753|2 LINDON CLOSE|HUNTINGTON |YORK|YO329RQ|MR DYE |THE WILLOW |EDITHMAED|HIGHBRIDGE |TA94HP|07943300976|Delivery|&pound;60.00 COD|admin||1|2025-03-03 12:19:00~25332|PIGEONS|1|highflyerscouriers@gmail.com|admin|10|CHRIS |07801656811| 65 BATE MILL RD |NEW MILLS |DERBYSHIRE | SK224EW|G W RIMMER|12 MAX RD |LIVERPOOL|MERSEYSIDE|L144BH|07368310135|Delivery|&pound;55.00 COD 

BLUE PIED|admin||1|2025-03-03 12:19:00~25333|PIGEONS|1|highflyerscouriers@gmail.com|admin|10|EXCELISIOR PIGEONS |00000000000|LOWER KEYS PK|KEY PARK RD |HEDNESFORD|WS122FN|BILL MURREY|32 WILLOW FOLD |DROYSDEN|MANCHESTER|M437BY|07894710773|Delivery|&pound;55.00 COD 

GB24X-22287|admin||1|2025-03-03 12:19:00~25334|PIGEONS|1|highflyerscouriers@gmail.com|admin|10|JOHN GERRARD|07932742126|123 GOUGH CRESCENT|POOLE|DORSET|BH177JJ|JAMES WOOD |83 DOUGASS CRES |VIEW PK|UDDINGTON|G715JG|07708361541|Delivery|&pound;65.00 COD |admin||1|2025-03-03 12:19:00~25335|PIGEONS|1|highflyerscouriers@gmail.com|admin|10|JOHN GERRARD|00000000000|123 GOUGH CRESCENT|POOLE|DORSET|BH177JJ|JAMES WHEELER |80 EATON RD |BURTON ON TRET |STAFFS|DE142SW|07837897454|Delivery|&pound;60,00 COD|admin||1|2025-03-03 12:19:00~25336|YB Pigeon|16|info@louella.co.uk|Louella|10|Louella Pigeon World|01530242255|Louella Farms|Copt Oak Road|Loughborough|LE129XL|Mr Whitehouse|5 Heather Grove|Willenhall|West Midlands|WV12 4BT|07910039208|Account||||1|2025-03-03 12:19:00~25337|YB PIgeon|6|info@louella.co.uk|Louella|10|Louella Pigeon World|01530242255|Louella Farms|Copt Oak Road|Loughborough|LE129XL|Mr Hardy|36 Green Crescent|Gosport|Hampshire|PO13|07952650563|Account||||1|2025-03-03 12:19:00~25338|YB Pigeons|12|info@louella.co.uk|Louella|10|Louella Pigeon World|01530242255|Louella Farms|Copt Oak Road|Loughborough|LE129XL|Mr Sparks|20 Saint Gregory's Crescent|Gravesend|Kent|DA12 4JP|07910416934|Account||||1|2025-03-03 12:19:00~25339|Reptile |1|slitherinreptiles@outlook.com||10|Slitherin Reptiles Ltd |07708944692|The Springboard CentreBusiness CentreMantle Lane|Coalville|Leicestershire|LE67 3DW|Predator's Reptiles / Kayleigh |42 Commercial Street|Shipley|West Yorkshire|BD18 3SP|07966455296|Delivery|Collection from Slitherin Reptiles Ltd durning shop opening times 9:00am-5:00pm 

Delivery: If out of hours (10 until 5 Thursday) please deliver to 14 Birchwood Drive West Yorkshire, BD20 6DA 

Thank you 
|||1|2025-03-03 12:19:00~25340|PIGEONS|1|highflyerscouriers@gmail.com|admin|10|ROBERT PUGH|07792323049|KEEPINGS COACHES|GAS WORK RD |ABERDERE|CF446RS|CHRIS WEBB|23 CHANTILLY AVE|DARLINGTON|CO DURHAM|DL13SA|07858687205|Delivery|&pound;55.00 COD |admin||1|2025-03-03 12:19:00~25341|YB Pigeon|1|info@louella.co.uk|Louella|10|Louella Pigeon World|01530242255|Louella Farms|Copt Oak Road|Loughborough|LE129XL|Mr B Hooper|39 Reynolds Avenue|Saint Helens|Merseyside|WA9 2QJ|07828289101|Account||||1|2025-03-03 12:19:00~25342|YB Pigeon|1|info@louella.co.uk|Louella|10|Louella Pigeon World|01530242255|Louella Farms|Copt Oak Road|Loughborough|LE129XL|Mr D Ramsey|223 Balunie Avenue|Dundee|Dundee City Council|DD4 8TH|01382862850|Account||||1|2025-03-03 12:19:00~25343|REPTILE|1|highflyerscouriers@gmail.com|admin|10|DUDLEY PINSON |07967671931|3 THE STABLES |NORTON CANES|STAFFS|WS119UT|FAB MIKULA|54 CROSS KEYS GREEN|LEICESTER|..|LE52PG|07774124168|Delivery|PAID 484|admin||1|2025-03-03 12:19:00~25344|REPTILE|1|highflyerscouriers@gmail.com|admin|10|DUDLEY PINSON |07967671931|3 THE STABLES|NORTON CANES|STAFFS|WS119UT|ANDREW BAKER |FLAT 1 |32 DEAN PARK RD |BOURNMOUTH|BH11HY|07816240555|Account|PAID 485|admin||1|2025-03-03 12:19:00~25345|Cocktails |2|atifmasood22@hotmail.com|Birds 4 U|10|Birds4U|07400944876|35 New town Shopping Center|Aston|Birmingham|B19 2SS|Darren Morley|7 Corva Close|Saint Ives|Cornwall|TR26 2HY|07359773807|Pickup||||1|2025-03-03 12:19:00~25346|Yellow Kakarikes|2|atifmasood22@hotmail.com|Birds 4 U|10|Birds4U|07400944876|35 New town Shopping Center|Aston|Birmingham|B19 2SS|Peter Davies|16 Abbots Drive|Wirral|Merseyside|CH63 3BW|07508936538|Pickup||||1|2025-03-03 12:19:00~25347|Tortoise |1|sales@wiltonpets.co.uk|Wilton Pets|10|Jack or Olivia|01268726216|95-97 Pound Lane |Wilton Pet Centre|Bowers Gifford|SS13 2HN|Elisha Williams|Awelon, Bodffordd|Wales||LL77 7LJ|01248722518|Account|||690 |1|2025-03-03 12:27:35~25348|Tortoise |1|sales@wiltonpets.co.uk|Wilton Pets|10|Jack or Olivia|01268726216|95-97 Pound Lane |Wilton Pet Centre|Bowers Gifford|SS13 2HN|Lynne Auty|124 Albert Road|Leeds|West Yorkshire|LS27 8RT|07850479868|Account|||LS27 8RT|1|2025-03-03 12:27:35~25349|Tortoise |1|sales@wiltonpets.co.uk|Wilton Pets|11|Jack or Olivia|01268726216|95-97 Pound Lane |Wilton Pet Centre|Bowers Gifford|SS13 2HN|Amelia Cringle|47 Ramsgate Crescent|Barrow-in-Furness|Westmorland and Furness|LA14 3JE|07756576023|Account||admin|689|1|2025-03-10 11:04:40~25350|Tortoise |1|sales@wiltonpets.co.uk|Wilton Pets|11|Jack or Olivia|01268726216|95-97 Pound Lane |Wilton Pet Centre|Bowers Gifford|SS13 2HN|Rachel Parker |102 Brandy Carr Road|Wakefield|West Yorkshire|WF2 0RJ|07890291782|Account|||688|1|2025-03-10 11:04:40~25351|PIGEONS YBS|6|highflyerscouriers@gmail.com|admin|10|KEV PARSONS|07860482321|32 CLAREMONT AVE||LEMMINGTON |NE157LD|.|PAUL CAIRN|IRELAND ||BT|07955092208|Delivery||admin||1|2025-03-03 12:27:35~25352|CANARY AND FINCH - 1 BOX|1|highflyerscouriers@gmail.com|admin|10|.|07310819832|11 ST WULSTANS CLOSE|EVESHAM||R112GB|.|48 Delamere Place|Chorley|Lancashire|PR6 0BD|07368592113|Delivery||admin||1|2025-03-03 12:27:35~25353|PIGEON|1|highflyerscouriers@gmail.com|admin|10|LEE CLARKE|07522894214|29 CARRINGTON RD|ELLEBURY|BUCKS |HP218JD|TERRY WAREHAM|58 GOOD ROAD|POOLE||BH123HP|07717847994|Delivery||admin||1|2025-03-03 12:27:35~25354|PARROTS|2|highflyerscouriers@gmail.com|admin|10|PHIL JONES|07717203774|24 SPRINGFIELD RD|EDENBRIDGE||TN85HQ|JIM MATTHEWS|ROSEBERRY|LONG LANE|PICTON|TS150AG|07769145651|Delivery||admin||1|2025-03-03 12:27:35~25355|PIGEONS|2|highflyerscouriers@gmail.com|admin|10|WADE DAVIS|07794430038|2 STABLE COTTAGES |CLOWS TOP ||DY149NZ|JAMES KEMP|3 CLOGLANDS|FORTH||ML118ED|07712620650|Delivery||admin||1|2025-03-03 12:27:35~25356|PIGEONS|2|highflyerscouriers@gmail.com|admin|10|MR A TANKARD|01723891470|89 BRIDLINGTON STREET|HUNMANBY|FILEY|YO140LP|ROGER SEXTON|74 WOOLANDS PARK DRIVE|NEATH||SA108AW|07449215804|Delivery||admin||1|2025-03-03 12:27:35~25357|Baby pigeons |12|williamgreen3@virginmedia.com||10|Lana lake|07711164397|22 Trevithick rd.|Pool,Redruth|Cornwall|TR153NS|Bill green|74 adlam rd|Liverpool||L101LQ|07804831303|Delivery|Ready to be collected ASAP. Thanking you in believe your down Cornwall Wednesday 5th march so that would be great.|||1|2025-03-03 12:27:35~25358|PIGEONS|8|highflyerscouriers@gmail.com|admin|10|JOHN TOMPSON|07935939920|33 MANRE DRIVE|CALIFORNIA|FALKIRK|FK12BP|BOB LANGRISH|14 CHORLEY OLD RD |WHITTLE WOODS||PR67LB|07831775983|Delivery||admin||1|2025-03-03 12:27:35~25359|PIGEONS YBS|5|highflyerscouriers@gmail.com|admin|10|UTOPIA|07792323049|KEEPING COACHES|GAS WORKS RD |ABERDERE|CF446RS|KERRY MELONBY|41 MILL LANE|BRIDLINGTON||YO167AP|07885637049|Delivery||admin||1|2025-03-03 12:27:35~25360|PIGEONS OBS|2|highflyerscouriers@gmail.com|admin|10|UTOPIA|07792323049|GAS WORKS ROAD|||CF446RS|TIM WEBSTER|21 LARKFIELD RD|GREAT BENTLEY||CO78PX|07810654121|Delivery||admin||1|2025-03-03 12:27:35~25361|Uromastyx |4|Alyssgrace1990@gmail.com||10|Alyss dickinson |07960444043|Lincoln reptiles |142 newark road |Lincoln |LN58QF |Lee bradford|World of reptiles|854 London road |Leigh on sea|SS93NQ|07703529349|Delivery||||1|2025-03-03 12:27:35~25362|PIGEONS YBS|6|elimarbookings@gmail.com|ELIMAR 10000|10|LEWIS MILNE|07525761694|LEWIS SPRINGFIELD HOUSE|SUTTON FIELD RD |DONCASTER|DN69JX|.|KETTLETHORPE HIGH SCHOOL|STANDBRIDGE LANE|KETTLETHORPE|WF27EL|01924251605|Account|ELIMAR 10000|admin||1|2025-03-03 12:27:35~25363|PIGEONS YBS|6|elimarbookings@gmail.com|ELIMAR 10000|10|LEWIS MILNE|07525761694|LEWIS SPRINGFIELD HOUSE|SUTTON FIELD RD |DONCASTER|DN69JX|ALAN BROOKS/M J PROUD|7C BAKER STREET|CHASETOWN|BURNTWOOD|WS74QD|07398279721|Account|ELIMAR 10000|admin||1|2025-03-03 12:27:35~25364|PIGEONS|6|elimarbookings@gmail.com|ELIMAR 91184|10|JANICE WELLS N D HUGHS|07895439008|SWN - YR - AFON|LLECHWOOD|CONWY|LL328EQ|MARGARET ADAMS|38 Saint Gregory's Road|Canterbury|Kent|CT1 1NU|01227455814|Account|ELIMAR 91184
 2020 - 2024
|admin||1|2025-03-03 12:27:35~25365|PIGEONS YBS|5|elimarbookings@gmail.com|ELIMAR 91216|10|CHRISTOS NTINOU|07723021125|10 MELLORS CLOSE|SOUTHPORT||PR86EN|NIGEL LOCKER|THE NURSERY|MILE END RD |PRICKWILLOW|CB74SJ|07714616650|Account|ELIMAR 91216

Cracking Racing Kit of 5
2025|admin||1|2025-03-03 12:27:35~25366|PIGEONS YBS|2|elimarbookings@gmail.com|ELIMAR 91193|10|DAVID FOWLER|07762773160|228 HARROWBY RD |GRANTHAM|LINCS|NG319DZ|VICTOR MORALES - PUT IN BLUE BIN|21 HOLLINGBOURNE ROAD|NORRIS GREEN|LIVERPOOL|L113AJ|07307763337|Account|ELIMAR 91193
GB25V36137 GB25V36122|admin||1|2025-03-03 12:27:35~25367|PIGEON|1|elimarbookings@gmail.com|ELIMAR 91240|10|ASHLEY HEALEY|07909868873|71 BARK RD |MERSEYSIDE||L217QW|JOHN ABAKANOWICZ|19 ALLSOP PLACE|NEWBOLD |CHESTERFIELD |S418SN|07476597245|Account|ELIMAR 91240

GB 23 N 66316|admin||1|2025-03-03 12:27:35~25368|PIGEONS|3|highflyerscouriers@gmail.com|admin|10|.|07427190836|61 CURZON CRESCENT|BARKING||IG110LB|.|162 CRESCENT HOUSE|CRESCENT HOUSE ROAD|TELFORD|TF15LF|07708015880|Delivery||admin||1|2025-03-04 10:36:09~25369|PIGEONS &pound;20 OUTLAY|2|highflyerscouriers@gmail.com|admin|10|.|07778210727|THE DODMORES|MIDDLEWICK|SHROPSHIRE|TF119PP|JOHN GREY |24 THORNBURY RD |WESTBURY|WILTSHIRE|BA133HY|07833555356|Delivery|COD &pound;90|admin||1|2025-03-03 12:27:35~25370|PIGEON - WEEK 13 ABERDEEN|1|highflyerscouriers@gmail.com|admin|13|MR JON PYBUS|07376092438|ASHGILL HOUSE|WATHS |RIPPON|HG45EN|MRS M BYRNE|22 CARMELILT STREET|BANFF|ABERDEEN|AB451AF|07759267624|Delivery||admin||0|2025-03-03 12:09:33~25371|PIGEONS|2|highflyerscouriers@gmail.com|admin|10|CENTRAL LOFTS|07851681114|THE PADDOCKS |||CM133SN|DAVE THOMPSON|188 SOMERSET STREET|HESSLE RD||HU33QG|07922540284|Delivery||admin||1|2025-03-03 12:27:35~25372|PIGEONS YBS|4|highflyerscouriers@gmail.com|admin|10|ANGUS ORR|07818696368|FERNIE BANK|REDDING RD|BRIGHTONS, FALKIRK|FK20HG|WHO DARES WINS |CHAPEL FARM|PLAINS LANE ||DE562DD|07368307667|Collection|COC &pound;60|admin||1|2025-03-03 12:33:22~25373|Argus monitor |1|Alyssgrace1990@gmail.com||10|Alyss dickinson |07960444043|Lincoln reptiles |142 newark road |Lincoln |LN58QF |Ryan wright|207 Winchester avenue|Bentilee|Stoke on trent|ST20LL|07701361065|Pickup||||1|2025-03-03 13:11:03~25374|PIGEONS YBS|6|highflyerscouriers@gmail.com|admin|10|GEOFF FALMER|07941018851|4 CONVENT LANE|ATHERSTONE|WARWICKSHIRE|CV91AL|DARREN KANE|6 WINCHELSEA RD |||ME57LY|07960641816|Delivery||admin||1|2025-03-03 13:11:03~25375|PIGEONS|4|highflyerscouriers@gmail.com|admin|10|A PATERSON|07940233052|33 BRIELEY RD |BLYTH|NORTHUMBERLAND|NE245PP|MIKE PICK|60 KELBOUGH CRES|BRISTOL|MERCIA|BS362TS|07935474164|Delivery|&pound;60.00 COD|admin||1|2025-03-03 13:39:06~25376|Softbill|4|palmersean100@hotmail.co.uk||10|Sean palmer|07785930720|The rosary Chesley hill |Wick Bristol ||BS30 5NE|Jhon Paul |Coxhoe garden centre park hill coxhoe Durham |Opposite park hill estate ||DH64JH|07930837014|Pickup|SEAN PALMER PAYING &pound;60 COC|||1|2025-03-03 16:16:16~25377|Pigeons |8|shaughan_nicholson@hotmail.com||10|29 Turnpike Road|07514319610|29 Turnpike Road |||IP288JZ|Jeremy Davies|UKpremier one loft|Pigeon house |Rye street |WR136AS|07739148679|Pickup|HF00518874B|||1|2025-03-03 13:56:46~25378|PIGEONS|3|highflyerscouriers@gmail.com|admin|10|PAUL DOLAN|07841778212|53 CHESTER LANE |ST HELENS|MERSEYSIDE|WA94DA|MARTIN BYNAN|174 SWANSEA RD |WAUNARLWYDD|S WALES |SA54SR|07920031058|Delivery|&pound;55.00 COD |admin||1|2025-03-03 13:56:46~25379|YB Pigeon|6|info@louella.co.uk|Louella|10|Louella Pigeon World|01530242255|Louella Farms|Copt Oak Road|Loughborough|LE129XL|Mr Smith|93 Thornpark Rise|Exeter|Devon|EX1 3HH|07716822862|Account||||1|2025-03-03 13:58:27~25380|finches|6|dhowe1@outlook.com||10|andrew lake|07889612354|stripe road|tickhill||DN119HQ|david howe|68 pemberton ave, the grove|consett|co durham|DH88AL|07902022270|Delivery||||1|2025-03-03 14:18:52~25381|FINCHES|1|highflyerscouriers@gmail.com|admin|10|SMITHS NURSERIES|07921924059|VILLA LANE |THONGUNBALD|HULL|HU128BA|JOHN |117 EXETER RD |NEWCASTLE |N EAST |NE289YR|07900541942|Collection|&pound;70.00 COC|admin||1|2025-03-03 16:35:21~25382|FINCHES|1|highflyerscouriers@gmail.com|admin|10|SMITHS NURSERYS|07921924059|VILLA LANE |THUNGUNBALD|HULL|HU128BA|CATHERINE |1 NEW RD |1 NEW RD  |GREEN NORTON|NN128BW |01327352965|Collection|&pound;70.00 COC|admin||1|2025-03-03 16:34:57~25383|PIGEONS|2|highflyerscouriers@gmail.com|admin|10|SHAUN DRIVER |00000000000|..|..|..|PL1|CUSTOMER B|16 INHOLMES COMMON |WOODLANDS|ST MARYS HUNGERFORD|RG177SX|07555351453|Collection|&pound;40.00 DEAL|admin||1|2025-03-03 15:02:11~25384|PIGEONS|8|highflyerscouriers@gmail.com|admin|10|EREST|07427642483|16 TREE TREYLONG|ABERERE|...|CF440AD|HAZEM|19 BROOKHEY|DISLEY |MANCHESTER|SK142DY|07366966125|Delivery|&pound;55.00 COD |admin||1|2025-03-03 15:46:25~25385|PIGEONS|3|highflyerscouriers@gmail.com|admin|10|CKYLE DOUGLAS|07902991124|35 GREEN LANE |WHITBY |NORTH YORKS |YO224EP|SHAUN DURRANT|18 POLEGLAZE CLOSE|PENZANCE|CORNWALL|TR183GB|07814499478|Delivery|&pound;60.00 COD |admin||1|2025-03-03 15:51:31~25386|Pigeons |6|casper1992.im@gmail.com||10|Robert Langrish |07831775983|14 chorley old road |Whittle-le-woods||PR6 7LB|Lawrence Tinnion |6 westend close |Flimby Maryport ||CA15 8TF|07762845677|Delivery||||1|2025-03-03 17:15:49~25387|pigeons|5|enquiries@tumleylofts.co.uk|Tumley Lofts|13|Tumley Lofts Stud|07969365322|Blackhill Lane|Beaworthy|Devon|EX21 5AA|Lee at MORAY FIRTH ONE LOFT CLASSIC|BRANKUMLEYS|MARCH ROAD|BUCKIE|AB56 4DB|07432855167|Account||||1|2025-03-05 19:09:27~25388|pigeons|6|enquiries@tumleylofts.co.uk|Tumley Lofts|10|Tumley Lofts Stud|07969365322|Blackhill Lane|Beaworthy|Devon|EX21 5AA|Jim Williamson|103 Linlithgow Road |Bo'ness ||EH51 0HU|07521540888|Delivery||||1|2025-03-03 17:14:36~25389|pigeons|5|enquiries@tumleylofts.co.uk|Tumley Lofts|10|Tumley Lofts Stud|07969365322|Blackhill Lane|Beaworthy|Devon|EX21 5AA|Ryan Gadsdon |5 Bessie Lansbury Close|London||E6 5NL|07960921985|Account||PaulM||1|2025-03-03 17:14:23~25390|Parrot|1|samuelfalkous185@gmail.com||11|Coco|07938826908|3a corsham road|||TQ45NE|Sam|18 The Slayde|Yarm||TS159HZ|07523833092|Delivery||||1|2025-03-05 19:05:40~25391|PIGEONS|6|highflyerscouriers@gmail.com|admin|10|DEANO|07496989102|87 GWYNEDD AVE |TOWNHILL|SWANSEA|SA16LH|KRIS SNOWDEN|25 BEADNELL DRIVE|EAST SHORE VILLAGE |SEAHAM |SR77WG |07710568913|Delivery|&pound;55.00 COD|admin||1|2025-03-03 17:23:56~25392|PIGEONS YBS|3|highflyerscouriers@gmail.com|admin|10|SIMON COLE |07932000527|86 FREDRICK MILL AVE  |COVENTRY |WEST MIDS |CV57EP|LES PENNYDATE |71 ROSEMARY AVE |WEST MOSELEY |SURREY|KT811QF|02089797751|Delivery|&pound;60.00 COD |admin||1|2025-03-03 17:39:31~25393|PIGEONS YBS|10|highflyerscouriers@gmail.com|admin|10|.|07786106038|27 SHIMWELL CRES |THORNLEY |DURHAM|DH63DF|GRAHAM BURNETT|9 COCKPEN TERR|PONNYREDG |MID LOTHIAN|EH193PH|07949551943|Delivery|&pound;65.00 COD |admin||1|2025-03-04 10:44:38~25394|African grey parrot|1|sam-crook@outlook.com||10|Lee jolley|07599687837|99 crow lane east|Newton le willows||WA129UG|Samuel crook|23|Littlemoor lane|Sibsey|PE220TU|07304091264|Delivery|I would like to pay on delivery with cash if that's okay?|||1|2025-03-03 19:21:21~25395|PIGEONS YBS|8|highflyerscouriers@gmail.com|admin|10|ANDREI|07367025899|39 TAVENER CLOSE |BASINGSTOKE|READING|RG214JF|GARY |WDW|CHAPEL FM PLAINS LANE |BLACKBROOK DERBYSHIRE|DE562DD|07368307667|Collection|&pound;60.00 COC |admin||1|2025-03-03 19:26:02~25396|PIGEONS|1|highflyerscouriers@gmail.com|admin|10|NAWAF MOLON|07455313333|48 GALSWORTHY ROAD|BARNET|LONDON|NW22SH|BATEMAN|2 A CALANDINE CLOSE |KINGS WINDFORD|BIRMINGHAM|DY69TN|07758592058|Account|ELIMAR PAIS
87743
GB24D76166|admin||1|2025-03-03 19:44:18~25397|PIGEONS YBS|8|elimarbookings@gmail.com|ELIMAR|10|EMBERSON|01737360316|22 NORK RISE |BANDSTAD |SURREY|SM71JN|DEREK MCGRATH |11A TOWER HILL|ORMSKIRK|LANCS|L392EE|01695579409|Account|ELIMAR PAID 
86886
8YBS |admin||1|2025-03-03 19:49:00~25398|REPTILE|1|highflyerscouriers@gmail.com| ADMIN|10|UNIT 371 FARADAY MILL TRADE PARK|01752257805|7 TO 11 CATTAWALK RD |PRINCE ROCK |PLYMOUTH|PL40SF|JACK WILTON |WILTON PETS |...|...|SS13|07964186783|Account|PAID|admin||1|2025-03-03 19:53:43~25399|1|1|rjumarmalik99@yahoo.com||10|Malik |07861329785|5 Flavells Lane|Birmingham|West Midlands|B25 8SG|Keith|13 Egmont Road|Hove|Brighton and Hove|BN3 7FN|07500652845|Delivery|Customer will pay bird and delivery money on delivery time |||1|2025-03-04 09:41:05~25400|Pigeon |1|showlettelectrical@gmail.com||10|J king |07393960265|16 Gresham Road Kinnoull Street|Norwich|Norfolk|NR3 2QP|R millington|16 Bron-y-Wern |||CH6 6BT|07935835496|Pickup||||1|2025-03-04 09:40:52~25401|Parakeet |2|spermwhale@talktalk.net||10|Chris Brittain |07402870975| 4 Jackson Crescent |Rawmarsh |Rotherham |S627EN |David Howe|68 Pemberton Ave|Consett|Co Durham |DH88AL|07902022270|Delivery||||1|2025-03-04 09:40:38~25402|SNAKE |1|highflyerscouriers@gmail.com|admin|10|STEVEN RUDGE|07720243613|47 MERCIA DRIVE |PERTON|WOLVERHAMPTON|WV67NH|ANDY LUCAS|84 CHURCH LANE |WALTHAM CROSS |CHESTNUT |EN80EA|07850161716|Collection|&pound;65.00 COC|admin||1|2025-03-04 09:53:05~25403|SNAKE |1|highflyerscouriers@gmail.com|admin|10|ANDY LUCAS |07850161716|84 CHURCH LANE |WALTON CROSS |CHESTNUT |EN80EA |STEVEN RUDGE |47 MERCIA DRIVE |PERTON|WOLVERHAMPTON |WV67NH|07720243613|Delivery|&pound;65.00 COD|admin||1|2025-03-04 09:59:40~25404|PIGEONS|1|highflyerscouriers@gmail.com|admin|10|D BENTLEY |07931654529|80 GOODYEAR AVE |WOLVERHAMPTON|MIDS|WV109JR|SINEAD |IRELAND |IRELAND |IRELAND|BT33|00000000000|Account|00353852680021|admin||1|2025-03-04 10:05:02~25405|Pigeon|1|bob@lightning-fast.co.uk||10|Excelsior |07904793079|Unit 7 keys park road|Hednesford|Cannock|WS12 2FN|Steven fenech|14 hoe lane|Abridge|Essex|RM4 1AX|07710520276|Delivery||||1|2025-03-04 10:43:37~25406|doves|2|Joe.Small@jameshay.co.uk||11|joe small|07818114890|4 Saint Ursula's Close|Salisbury|Wiltshire|SP1 3FY|sara smith|9 Beeches Terrace|Clydebank|West Dunbartonshire Council|G81 6HQ|07710620056|Pickup||||1|2025-03-05 19:07:58~25407|PIGEONS YBS|6|elimarbookings@gmail.com|ELIMAR 91207 &amp; 91206|10|SHAUN  HAIGH|07783564149|42 EAST STREET|DARFIELD|BARNSLEY|S739AE|JAMES COOK|15 MELROSE RD |BIGGIN HILL|KENT|TN163DA|07843158264|Account|ELIMAR 91207 &amp; 91206

2 x 2025 de klaks
4 x 2025 lambrechts|admin||1|2025-03-04 10:42:19~25408|Pigeon|1|mattmunz@hotmail.co.uk||10|Matt munslow |07301549465|66 elmdon lane|Marston green|Birmingham |B37 7EQ|Duncan eliott|46 mill rd  |DWorton, |Devizes  Wiltshire|SN105SF|07980013638|Delivery||||1|2025-03-04 10:48:59~25409|PIGEONS YBS|6|highflyerscouriers@gmail.com|admin|10|TERRY PAY|07834892590|23 LUCRAFT RD|||BN24PN|JAMIE SHERWOOD |OLD POST OFFICE HOUSE|VICTORIA RD |PORT TALBOT|SA126AB|07702252353|Delivery||admin||1|2025-03-04 10:48:44~25410|REPTILE|1|highflyerscouriers@gmail.com|RICK Wilton|10|ZOOLOGICAL INTERNATIONAL|07768765903|OAKWOLD|BOWERS GIFFORD|BASILDON|SS13 2JZ|TORTOISE DEN|MODEL COTTAGE FARM|PREES GREEN|WHITCHURCH|SY132BP|07955260224|Account|||HF0051 - 287|1|2025-03-04 11:31:37~25411|REPTILE|1|highflyerscouriers@gmail.com|RICK Wilton|10|ZOOLOGICAL INTERNATIONAL|07768765903|OAKWOLD|BOWERS GIFFORD|BASILDON|SS13 2JZ|TRIMAR AQUARIA &amp; REPTILES|16B POOL INDUSTRIAL ESTATE|REDRUTH|CORNWALL|TR153NH|07729772596|Account|||HF0051 - 288|1|2025-03-04 11:31:37~25412|REPTILES |1|highflyerscouriers@gmail.com|RICK Wilton|10|ZOOLOGICAL INTERNATIONAL|07768765903|OAKWOLD|BOWERS GIFFORD|BASILDON|SS13 2JZ|BRISTOL REPTILE EMPORIUM|JARRETTS GARDEN CENTRE|WILLSBRIDGE|BRISTOL|BS306EE|07894542747|Account|||HF0051 - 289|1|2025-03-04 11:31:37~25413|REPTILE |1|highflyerscouriers@gmail.com|RICK Wilton|10|ZOOLOGICAL INTERNATIONAL|07768765903|OAKWOLD|BOWERS GIFFORD|BASILDON|SS13 2JZ|SHIRLEY AQUATICS (19840 LTD|BECKETTS FARM|ALCESTER ROAD|WYTHALL, BROMSGROVE|B476AJ|01217441300|Account|||HF0051 - 290|1|2025-03-04 11:31:37~25414|REPTILE|1|highflyerscouriers@gmail.com|RICK Wilton|10|ZOOLOGICAL INTERNATIONAL|07768765903|OAKWOLD|BOWERS GIFFORD|BASILDON|SS13 2JZ|NORTHAMPTON REPTILE CENTRE|159 WEEDON ROAD|NORTHAMPTON||NN55DA|07834549902|Account|||HF0051 - 291|1|2025-03-04 11:31:37~25415|PIGEONS YBS - WEEK 11|12|highflyerscouriers@gmail.com|admin|11|DAVID WINDSOR|07884268523|2 BRADELEY COTTAGE|BRADELEY GREEN LANE|WHITCHURCH|SY134HE|CLIVE COLEMAN|16 DEANS WALK|ASHFORD|KENT|TN235BN|07984058232|Collection|COC &pound;60|admin||1|2025-03-10 11:04:40~25416|PIGEONS YBS - WEEK 11|12|highflyerscouriers@gmail.com|admin|11|DAVID WINDSOR|07884268523|2 BRADLEY GREEN COTTAGE|BRADELEY GREEN LANE|WHITCHURCH|SY134HE |PAUL BARRIE|22 NELSON STREET|MILLOM|CUMBRIA|LA184DW|01229773250|Collection|&pound;55|admin||1|2025-03-10 11:04:40~25417|PIGEONS YBS - WEEK 11|12|highflyerscouriers@gmail.com|admin|11|DAVID WINDSOR|07884268523|2 BRADLEY GREEN COTTAGE|BRADELEY GREEN LANE|WHITCHURCH|SY134HE |KEITH EDWARDS|2 THE SPINNEY|GUILDFORD|SURREY|GU28FN|07519752884|Collection|COC &pound;60|admin||1|2025-03-10 11:04:40~25418|PIGEONS YBS|10|highflyerscouriers@gmail.com|admin|10|JOE KING|07393960265|16 GRESHAM RD |||NR32QP|RAYMOND PEEL|251 FREDERICK STREET|SOUTH SHIELDS||NE335HN|07767267503|Delivery||admin||1|2025-03-04 13:44:56~25419|PIGEON|1|highflyerscouriers@gmail.com|admin|10|HOUSE OF AARDEN|00000000000|JOLIBROOK BARN|||PL304HP|.|FLAT 4, LOWER BROMDON FARM|WHEATHILL||WV166QT|07969172720|Delivery||admin||1|2025-03-04 14:06:24~25420|PIGEONS|4|highflyerscouriers@gmail.com|admin|10|.|00000000000|.|||CF55LF|BEN OAKLEY|WIRSALL FARM|WHITCHURCH||SY134LB|07980960646|Delivery||admin||1|2025-03-04 14:08:10~25421|LOVEBIRD|1|highflyerscouriers@gmail.com|admin|10|.|07919610793|74 ENFIELD RD|||EN27HW|WAYNE|42 MARY DRIVE|ALCOCKS GREEN|BIRMINGHAM|B277NY|07801289020|Collection||admin||1|2025-03-04 14:20:13~25422|PIGEONS YBS|4|highflyerscouriers@gmail.com|admin|10|.|00000000000|.|.|.|CT124EW|.|15 QUEEN ELINOR RD |GEDDINGTON ||NN141AY|07878802407|Delivery||admin||1|2025-03-04 14:37:19~25423|Pigeon |30|PHILL2596@AOL.COM||11|David Thompson |07922550284|188 Somerset Street|Hull|Kingston upon Hull|HU3 3QG|DARREN WRIGHT|29 Eastfield|Thornford |Sherborne|DT9 6PU|07827738427|Delivery|Please bring boxes and shavings. The birds are young birds so can go into bigger boxes if you have then|||1|2025-03-05 19:08:25~25424|PIGEONS YBS|7|highflyerscouriers@gmail.com|admin|10|ADRIAN HICKS|07543404236|LYNDHURST  |ST COLUM ROAD|CORNWALL|TR96QR|DARIUS GLIG|37 WINCHESTER AVE |LONDON ||NW99TA|07710670681|Delivery||admin||1|2025-03-04 14:54:04~25425|PIGEONS YBS|2|elimarbookings@gmail.com|ELIMAR 91194|10|ANDREW FOWLER|07508399975|228 HARROWBY RD |GRANTHAM||NG319DZ|BILL GREEN|74 ADLAM ROAD|LIVERPOOL||L101LQ|07804831303|Account|ELIMAR 91194

GB25 V 65929/65930|admin||1|2025-03-04 14:57:16~25426|PIGEONS YBS - WEEK 11|5|highflyerscouriers@gmail.com|admin|11|IVAN REDFERN|01629732068|9 ST HELENS CLOSE|DARLEY DALE|MATLOCK|DE42GT|WELSH ELITE OLR|9A VICTORA SQ|ABERDARE||CF447LA|07836334954|Collection|coc &pound;55|admin||1|2025-03-10 11:04:40~25427|Bird|1|paulm955915@mail.com||11|A n other |00000000000|360 Barks Drive|Stoke-on-Trent|Stoke-on-Trent|ST6 8EU|P moore|360 barks drive|360 barks drive|Norton|ST6 8EU|07852828362|Delivery|Test booking |||1|2025-03-10 11:04:40~25428|Reptile |3|jarethferret@gmail.com||11|Joe farnell|07940417992|60 Saint Giles Street|Norwich|Norfolk|NR2 1LW|sam boag|Red house|Bush bank |Bush bank|HR4 8EW|07434898340|Delivery|Courier needed for 3 small geckos please |||1|2025-03-10 11:04:40~25429|canaries |4|petewhispywilson@hotmail.com||11|peter wilson|01952279136|83 Ash-Lea Drive|Telford|Telford and Wrekin|TF2 7QW|Steve Nicholls|12 lake view kirkland|Cumbria|Frizington|CA263XZ|07743248687|Pickup||||1|2025-03-10 11:04:40~25430|Pigeons |10|atharshah7181@gmail.com||11|Arthur |07375026560|67 Burnfield Drive|Glasgow|Glasgow City|G43 1BW|David |David Tutty Glebe Farm|Side Bar Lane|Heckington Fen Sleaford Lincolnshire|NG34 9LZ|07857866677|Pickup||||1|2025-03-10 11:04:40~25431|pigeons|5|enquiries@tumleylofts.co.uk|Tumley Lofts|11|Tumley Lofts Stud|07969365322|Blackhill Lane|Beaworthy|Devon|EX21 5AA|Arran Middlemiss|redhall cottages|Eyemouth |Borders|TD14 5SG|07852871823|Account||||1|2025-03-10 11:04:40~25432|Pigeons yb|8|juliespad14@aol.com||12|Graham White|07725853414|1 Woodland Drive |Dumbarton||G823HU|Premier One Loft |Pigeon House |Rye Street|Morton |WR13 6AS|07739148679|Collection|Collection on 19th March . |JulieB||1|2025-03-12 21:08:50~25433|Pigeons yb|6|juliespad14@aol.com||12|Josh Dean|07427405071|3 South View |Lisgard|Cornwall|PL14 3EX|Mohamad|31 Park Corner|Windsor|Berks|SL4 4EB|07771165177|Delivery||JulieB||1|2025-03-12 21:06:14~25434|PIGEONS YBS|8|highflyerscouriers@gmail.com|admin|11|CRAIG BOOTH|07852766669|5 WORDSWORTH AVE|BLACKHALL |CO DURHA|TS274NT|JIM STANHOPE |112 LANGSTONE RD |PORTSMOUTH|HAMPS|PO36BX|07754497041|Delivery|&pound;60.00 COD |admin||1|2025-03-10 11:17:33~25435|Pigeons ob|14|juliespad14@aol.com||11|Robert Hodson|07754038810|9 Fairwings Close |Dronfield||S18 1RZ|Cameron |Halfmark|Corsock|Castle Douglas |DG7 3DZ|07527276110|Collection||JulieB||1|2025-03-10 11:17:33~25436|Lovebirds|10|ian822134@gmail.com||11|Nina taylor|07771346886|24 Steyning avenue |Hove||BN38GX|Ian hogg|13 loughour road|Gorseinon |Swansea|SA46AY|07728557009|Delivery||||1|2025-03-10 11:17:33~25437|PIGEONS YBS|1|highflyerscouriers@gmail.com|admin|10|LOUELLA|00000000000|..|..|..|LE129XL|MR HICKS |LYNDHURST|ST COLUMBS|CORNWALL|TR96QR|07543404236|Account|PAID|admin||0|2025-03-05 18:48:35~25438|PIGEONS|2|highflyerscouriers@gmail.com|admin|10|LOUELLA|00000000000|...|...|...|LE129XL|MR OWENSEN|32 BORTHWICK CASTLE TERR|NORTH MIDDLETON|GOREBRIDGE|EH234QU|07745262657|Account|PAID|admin||1|2025-03-05 19:18:59~25439|PIGEONS|6|highflyerscouriers@gmail.com|admin|10|TUMLEY LOFTS|07969365322|..|..|..|EX215AA|ARRAN MIDDLEMASS|REDHALL COTTAGES|EYEMOUTH|BEREKSHIRE|TD145SG|07852871823|Delivery|&pound;65.00 COD|admin||1|2025-03-05 19:18:59~25440|Bird|4|gaz.leigh50@gmail.com||11|Gary Leigh|07384675025|150 Lodge Lane|150 lodge lane hyde Cheshire |Greater Manchester|SK14 4LB|Jody McKay |6 King George Avenue|Bridgwater|Somerset|TA6 6DR|07860844708|Delivery|Thank you|||1|2025-03-05 19:18:59~25441|PIGEONS|30|highflyerscouriers@gmail.com|admin|11|DAVID THOMPON |07922540284|188 SOMERSET STREET|HULL|HUMBERSIDE|HU33QG|JOHN GERRARD|123 GOUGH CRESCENT|POOLE|DORSET|BH177JJ|00000000000|Collection|COC|admin||1|2025-03-10 11:17:33~25442|Pigeon |1|trsa514@aol.com|David sara|11|Justin deary|07874019800|1 Robert street|everton|liverpool|L53PH|David sara|17 weeth road|Camborne|Cornwall|TR14 7HU|07731995202|Delivery|||L53ph|1|2025-03-10 11:17:33~25443|Racing pigeon |2|rhwickes@gmail.com||11|Robert Wickes|07801063046|2 Cleave Cottage |Whitestone|Exeter|EX4 2HU|Jeremy Davies|UK Premier OLR|Rye Street|Malvern|WS13 6AS|07739148679|Pickup||||1|2025-03-10 11:17:33~25445|Pigeon|2|Wrightyisgod@gmail.com||11|Glenn slater|07909470398|13 Raymond avenue |Grimethorpe|Barnsley|S72 7NF|Mullen &amp; son|18 smallfield road|Horley|Surrey|RH6 9AU|07534517747|Delivery||||1|2025-03-10 11:17:33~25446|pigeons|10|davidmaddison46@outlook.com||11|David Maddison|07944112818|11 Ocean Road|Hartlepool|Cleveland|TS24 9RQ|Edmund Swann|The LodgeSlapton Road|Leighton Buzzard|Central Bedfordshire|LU7 9BP|07761181408|Delivery||||1|2025-03-10 11:17:33~25447|Pigeons |6|Missmcduff@yahoo.co.uk||11|MCDUFF|07380948605|5 Field Close|Stoke St Micheal|Somerset|BA3 5LJ|Charlie Smithem|Crich View Nurseries |Sitwell Grange Lane|Chesterfield |S45 8EN|07378304412|Delivery||||1|2025-03-10 11:17:33~25448|Pigeon |5|richarddunning04@gmail.com||11|Gabriel |07900032501|216 Fox Hollies Road|Birmingham|West Midlands|B27 7PP|Richard |33 Glentyan Drive|Glasgow|Glasgow City|G53 6JF|07900966697|Delivery||||1|2025-03-10 11:17:33~25449|Pigeons yb|2|juliespad14@aol.com||11|Dave Barrett|07775737399|3 Green Way|Lincoln|Lincolnshire|LN2 2YA|Mr Wetherby|149 Morton Street|Manchester|Greater Manchester|M24 6AX|07593452299|Collection||JulieB||1|2025-03-10 11:17:33~25450|Finches |6|juliespad14@aol.com||12|Dave Street|07598364894|152 Woodhorn Road|Ashington|Northumberland|NE63 9EN|Andy Hemmingsley|14 Saint John's Road|Cannock|Staffordshire|WS11 0AG|07403433050|Delivery|Pick up 19th March, deliver 20th March |JulieB||1|2025-03-12 21:05:44~25451|Pigeons yb|4|juliespad14@aol.com||11|Tom|07366223589|16 Grinshill Close|Liverpool|Merseyside|L8 8LD|Mr Price |18 Swn-Y-Mor|Port Talbot|Castell-nedd Port Talbot|SA12 6TB|07565974446|Delivery||JulieB||1|2025-03-10 11:17:33~25452|fancy pigeon|36|neiljones321@icloud.com||11|keven Wright|07484140142|HIGHFIELDS|WOODROW LANE|Gt Moulton, Norwich, Norfolk|NR15 2JG|neil jones|3 Brynglas Avenue|CWMAVOV|PORTTALBOT|SA129LE|07494438814|Delivery|THE SENDER WILL REQUIRE BOXES PLEASE|||1|2025-03-10 11:17:33~25453|Pigeons yb|6|juliespad14@aol.com||11|Robert|07949004813|Loreto ( house name)|Rosehill Road|Wallsend|NE28 6LD|Guy Allen|18 Smallfield Road|Horley|Surrey|RH6 9AU|07504089120|Delivery||JulieB||1|2025-03-10 11:17:33~25454|Pigeons|7|alcockemma99@gmail.com||11|Gary jacques|07783346248|18 northcliffe Avenue |Thornton |Bradford |BD13 3BX|Emma alcock|18 mill crescent |Barton Under Needwood |Burton-on-Trent |DE138HJ |07396763259|Delivery||||1|2025-03-10 11:17:33~25455|Pigeons yb|5|juliespad14@aol.com||11|Tim Webster|07810654121|21 Larkfield Road|Colchester|Essex|CO7 8PE|Welsh Elite One Loft|9A Victoria Square|Aberdare||CF44 7LA|07836334954|Collection|&pound;5 DISCOUNT |JulieB||1|2025-03-10 11:17:33~25456|Pigeons ob|4|juliespad14@aol.com||11|Ian Stafford|07786938300|Heatherlea|Fell View, South Moor|Stanley , Co Durham|DH9 7HJ|Mr Stephens |4 Ashgrove Close|Pontypool||NP4 8JJ|01495758097|Delivery||JulieB||1|2025-03-10 11:17:33~25457|Pigeons yb|21|juliespad14@aol.com||11|Andy Gregson|07886974229|41 Severn Drive|Preston|Lancashire|PR5 4TD|Tam|8 Lychgate Lane|Broxburn|West Lothian|EH52 5NG|07407451402|Collection|Andy says any discount for a loyal customer please . |JulieB||1|2025-03-10 11:17:33~25458|Pigeons yb|6|juliespad14@aol.com||11|Louis Milne |07525761694|Springfield House|Suttonfield Road|Sutton, Doncaster|DN6 9JX|Premier One Loft |Rye Street, Birtsmorton|Malvern||WS13 6AS|07739148679|Collection|HF00518874B|JulieB||1|2025-03-10 11:17:33~25459|Pigeons yb|5|juliespad14@aol.com||11|Mick Abram|07508141511|49 Ransome Road|Ipswich|Suffolk|IP3 9AP|Welsh Elite One Loft|9A Victoria Square|Aberdare||CF44 7LA|07836334954|Collection|&pound;5 Discount |JulieB||1|2025-03-10 11:17:33~25460|Pigeons yb|11|juliespad14@aol.com||11|Mick Abram|07508141511|49 Ransome Road|Ipswich|Suffolk|IP3 9AP|Wade Davis|Shropshire One Loft |2 Stable Cottages|Close Top |DY14 9NZ|07794430038|Collection|&pound;5 discount |JulieB||1|2025-03-10 11:17:33~25461|Pigeons yb|6|juliespad14@aol.com||11|Mick Abram|07508141511|49 Ransome Road|Ipswich|Suffolk|IP3 9AP|Pride of the Potteries|Hollywood Farm|Lycett|Newcastle |ST5 6AW|07849214640|Collection|&pound;5 discount |JulieB||1|2025-03-10 11:24:47~25462|Pigeons yb|9|juliespad14@aol.com||11|Mick Abram|07508141511|49 Ransome Road|Ipswich|Suffolk|IP3 9AP|Who Dares Wins|Chapel Farm, Plains Lane|Blackbrook|Derby|DE56 2DD |07368307677|Collection|&pound;5 Discount |JulieB||1|2025-03-10 11:24:47~25463|Pigeon|1|juliespad14@aol.com||11|Jack Berry|07585411968|12 Seacole Close|Blackburn|Blackburn with Darwen|BB1 2RA|Marius|84 Recreation Street|Mansfield|Nottinghamshire|NG18 2HR|07983855764|Delivery||JulieB||1|2025-03-10 11:24:47~25464|Pigeons ob|6|juliespad14@aol.com||11|Paul Dolan|07841778212|53 Chester Lane|Saint Helens|Merseyside|WA9 4DA|Shane Chapman|29 Kinloss Garth|Hull|Kingston upon Hull|HU7 4LY|07446757149|Delivery||JulieB||1|2025-03-10 11:24:47~25465|Pigeon|1|juliespad14@aol.com||13|Robert Pugh|07792323049|Keeping Coaches|Gasworks Road||CF44 6RS|Javid|38 Stocksfield Road|London|Greater London|E17 3LJ|07827131337|Delivery|NWHU24A2435|JulieB||1|2025-03-12 21:44:29~25466|Pigeon|1|juliespad14@aol.com||11|Steve Kulpa|07774781884|41 Northcourt Ave|Reading ||RG2 7HE|Harry Bartley|59 Thomson Drive|Whitchurch|Shrops|SY13 1JJ|01948667794|Delivery||JulieB||1|2025-03-10 11:24:47~25467|Cockatoo  - Lesser Sulphar|1|info@busybeaksbox.com||11|Alice Lovett|07847717460|218 Shelbourne Road|Bournemouth|Bournemouth, Christchurch and Poole|BH8 8RB|Andy Chrome|Sunnyside|Gold House Lane|Whitchurch|SY13 3JR|01948410275|Delivery|Please don't not exchange details of delivery and sender to one another. 
This is a rescue exchange and details need to remain confidential for GDPR.
For any confirmation of details please contact Alexandra at Busy Beaks Bird Rescue on 07496724019|||1|2025-03-10 11:24:47~25468|Pigeon |1|Leightonsmith81@googlemail.com||11|Excelsior pigeon |07904793079|Key PointLower Keys ParkKeys Park Road|Walsall|Staffordshire|WS12 2FN|Leighton |8 Hadfield Street|Barnsley|South Yorkshire|S73 0JR|07502681369|Delivery|GB21Z51344|||1|2025-03-10 11:24:47~25469|Pigeon|6|dave-eaton@hotmail.co.uk||11|Steve Birch|07986139102|74 Hawksley Avenue|Chesterfield|Derbyshire|S40 4TL|Robert Harbour|Clarence Esplanade|Southsea|Portsmouth|PO5 3AD|07596131894|Pickup||||1|2025-03-10 11:24:47~25470|PIGEONS YBS|6|highflyerscouriers@gmail.com|admin|11|brian burham|07786106038|27 SHINWELL CRES |THORNLEY|DURHAM|DH63DF|MARK COLLETT|39 BEELEY RD |GRIMSBY |LINCS|DN328NH|07709733147|Delivery|&pound;55.00 COD|admin||1|2025-03-10 11:24:47~25471|PIGEONS|1|elimarbookings@gmail.com|ELIMAR|11|ASHLEY HEALEY |07909868873|71 BARK RD |MERSEYSIDE|LIVERPOOL|L217QW|VASCO CURACIUC|12 DRYBURG GDS|WHITE OTHER|LONDON|NW99TS|07404930683|Account|ELIMAR PAID
91241
GB24X08279|admin||1|2025-03-10 11:24:47~25472|TURTLE|1|highflyerscouriers@gmail.com|admin|11|CUSTOMER A|07476910006|30 SPRINGFIELD GDS |LONDON |..|NW90RS|KEITH|87 FITZWORTH AVE |POOLE |S COAST|BH165AZ|00000000000|Collection|&pound;65.00 COC|admin||1|2025-03-10 11:24:47~25474|PIGEON|1|highflyerscouriers@gmail.com|admin|11|NAWAF MOLON|07455313333|48 GALSWORTHY ROAD|BARNET|LONDON|NW22SH|CUSTOMER B|32  DOVER RD |CLIFTON |MANCHESTER|M278GP|07522666167|Delivery|&pound;60.00 COD
GB24D84927|admin||1|2025-03-10 11:24:47~25475|PIGEONS|2|highflyerscouriers@gmail.com|admin|11|TONY BRISTOL|07732555864|39 COURT FARM RD |BRISTOL|MERCIA|BS309AD|JOHN|1 CHESMOND DRIVE |BYDON|NEWCASTLE|NE214BL|07592592718|Delivery|\|&pound;60.00 COD|admin||1|2025-03-10 11:24:47~25476|Pigeons |4|scotrussell91@gmail.com||11|K Dawson|07581557232|2 Ramilies Ryhope|||SR2 0BB|S Russell|Chattan ComplexBonnyside Road|Bonnybridge|Falkirk|FK4 2AG|07719123144|Delivery||||1|2025-03-10 11:24:47~25477|Racing pigeons|15|achaplin77@hotmail.co.uk||11|John Abela|07894877489|10 Honeysuckle Row|Preston||PR2 6YT|Marilyn Chaplin|61 Ibstock Road|Ellistown|Leicestershire |LE67 1ED|07762073759|Delivery||||1|2025-03-10 11:24:47~25478|Pigeon|2|r-god@hotmail.co.uk||11|Dean spicer|07563468499|178 Dayton Road|Hull|Kingston upon Hull|HU5 5TQ|Reece Grieve|6 Meadow Head Close|Blackburn|Blackburn with Darwen|BB2 4TY|07849849384|Delivery|Can you please, contact Dean with a rough time for pick up day. Thanks|||1|2025-03-10 11:24:47~25479|finches|6|jolley.gavin@gmail.com||11|gavin jolley|07764145130|1 Walker Way|Cambridge|Cambridgeshire|CB24 3EZ|stephen marr|peterlee|county durham||SR8 3HH|07747360071|Delivery||||1|2025-03-10 11:24:47~25480|finches|3|jolley.gavin@gmail.com||11|gavin jolley|07764145130|1 Walker Way|Cambridge|Cambridgeshire|CB24 3EZ|eileen|10 Crofters Walk|Lytham Saint Annes|Lancashire|FY8 4FE|07976901781|Delivery||||1|2025-03-10 11:24:47~25481|lizard|1|globalgeckossales@gmail.com|Global Geckos|11|WILL THOMAS|07703688803|18 UPDOWN HILL|WINDLESHAM|SURREY|GU20 6AF|MRS KARA BYWORTH|83 TEDDER ROAD|YORK||YO24 3JE|07947221271|Pickup||||1|2025-03-10 11:24:47~25482|Parrots |3|i.parker3@sky.com||11|Tony Disney|07740171702|Briardale,   Cold Newton Road,  |Cold Newton,  |Leicestershire |LE7 9DA|Karl Parker|3 Cunningham Crescent,   West Howe,    |Bournemouth,  |Dorset|BH11 8DN|07970144582|Delivery||||1|2025-03-10 11:24:47~25483|snake|1|HIGHFLYERSCOURIERS@GMAIL.COM|PaulM|11|STEVE RUDGE|07720243613|47 MERCIA DRIVE|WOLVES||WV67NH|LAURA|MISS LAURA BACON|48 BEDFORD RD|EALING, LONDON|W130SP|07968911273|Collection|65 C, O , C |PaulM||1|2025-03-10 11:24:47~25484|snake|1|HIGHFLYERSCOURIERS@GMAIL.COM|PaulM|11|BRUCE|07753296574|14 CLAIRMOUNT RD|SWANLEY , KENT||BR87RF|STEVE RUDGE|47 MERCIA DRIVE|WOLVES||WV67NH|07720243613|Delivery|65 CO C |PaulM||1|2025-03-10 11:24:47~25485|PGEONS|2|HIGHFLYERSCOURIERS@GMAIL.COM|PaulM|11|CRAIG BOOTH|07852766669|5 WORDSWORTH AVE|BLACKHALL|DURHAM|TS274NT|MARTIN|309  WELLINGTON RD NTH|STOCKPORT||SK44QH|07747162551|Delivery|55 CO D |PaulM||1|2025-03-10 11:24:47~25486|PGEONS|2|HIGHFLYERSCOURIERS@GMAIL.COM|PaulM|11|MARTIN CORNISH|07728550020|39 RAMSGATE|LOFTHOUSE|W,YORKS|WF33PR|JASON CRESWELL|123 TIPTON RD|DUDLEY||DY31BZ|07931136423|Collection|55C O C ..|PaulM||1|2025-03-10 11:24:47~25487|pigeon|3|spookysue666@gmail.com||11|2, The bungalows|07787178767|Roundswell , Bynsworthy, |Barnstaple|Devon|EX31 3NS|North west one loft ,red|church street|Newhey|Rochdale|OL16 3QS|07930930934|Pickup|we are up near Brynsworthy recycling unit please call around back|||1|2025-03-10 11:38:51~25488|PGEONS|12|HIGHFLYERSCOURIERS@GMAIL.COM|PaulM|11|MR S COULTER|07514018627|321 FOSSWAY|NEWCASTLE UPON TYNE||NE64UJ|MR MAYLOR|37 ORREL LANE|MERSEYSIDE||L206HZ|07852605754|Delivery|12 X Y B S
55 C O D|PaulM||1|2025-03-10 11:38:51~25489|pigeon|3|spookysue666@gmail.com||11|2, The bungalows|07787178767|Roundswell , Bynsworthy, |Barnstaple|Devon|EX31 3NS|Who Dares Wins olr|Chapel Farm, Blackbrook|Plains Lane|Derbyshire|DE56 2DD|01773820539|Pickup|we at Brynsworthy recycling unit turn off to carpark before factory gates please call round back|||1|2025-03-10 11:38:51~25490|Budgerigars |6|adrian@ta1-budgerigars.co.uk||11|Adrian Terheege|07984430053|80 High Street |Oakley|Bedford|MK43 7RH|Les Main|37 Piper Crescent|Buntisland|Fife|KY3 0JT|01592871328|Delivery||||1|2025-03-10 11:38:51~25491|PGEONS|10|HIGHFLYERSCOURIERS@GMAIL.COM|PaulM|11|MR COULTER|07514018627|321 Fossway|Newcastle upon Tyne|Tyne and Wear|NE6 4UJ|MR SMUTH|2 MOORE COURT COTTAGES|PARSHAL|NORTH WINCHESTER|S022NQ|07773817792|Delivery|10 Y B S
60 C O D
CHECK POST CODE ON DELIVERY//|PaulM||1|2025-03-10 11:38:51~25492|CANARIES|4|HIGHFLYERSCOURIERS@GMAIL.COM|PaulM|11|BRIAN ECCLES|07968765164|1 HEYWOOD LANE||ROYSTON|SG89QP|MR LEWIS|DERLLWYN|ABERYSPWYTH RD|CARDIGAN|SA431LU|07725655372|Delivery|60 CO D|PaulM||1|2025-03-10 11:38:51~25493|PGEONS|6|HIGHFLYERSCOURIERS@GMAIL.COM|PaulM|11|DAVE WINDSOR|07884268523|2 BRADDEY GREEN COTTAGE|BRADEY GREEN LANE |WHITCHURCH|SY134HE|MOYNION|240 DAUBENEY RD|||E50ED|02089862651|Collection|60 C OC|PaulM||1|2025-03-10 11:38:51~25494|PGEONS|6|HIGHFLYERSCOURIERS@GMAIL.COM|PaulM|11|DAVE WINTER|07884268523|2 Bradeley Green Lane|Whitchurch|Cheshire East|SY13 4HE|MR HALLETT|19 CHESLYN RD|COCKNOR|PORTSMOUTH|PO36DJ|02392619307|Collection|60 C OC |PaulM||1|2025-03-10 11:38:51~25495|PGEONS|6|HIGHFLYERSCOURIERS@GMAIL.COM|PaulM|11|MR WINDSOR|07884268523|2 Bradeley Green Lane|Whitchurch|Cheshire East|SY13 4HE|MR HAINES|19 Kirkfell Close|Reading|Berkshire|RG31 6QL|07803397576|Collection|60 C O C|PaulM||1|2025-03-10 11:38:51~25496|doves|7|Joe.Small@jameshay.co.uk||11|joe small|07818114890|4 Saint Ursula's Close|Salisbury|Wiltshire|SP1 3FY|maris umboja|wootton manor|Umberleigh|Devon|EX37 9BH|07395968856|Pickup||||1|2025-03-10 11:38:51~25497|PGEONS|3|HIGHFLYERSCOURIERS@GMAIL.COM|PaulM|11|DAVID|07845900381|13A MEADOW COURT||STH WALES|SA149LZ|PREM ONE LOFT JEREMY DAVIES|RYE ST||WORCS|WR136AS|07739148679|Collection|45  C O C
CODE QOUTED|PaulM||1|2025-03-10 11:38:51~25498|PGEONS|3|HIGHFLYERSCOURIERS@GMAIL.COM|PaulM|11|A N OTHER|07845900381|13A MEADOW COURT|||SA149LZ|PREM ONE LOFT JEREMY DAVIES|RYE ST|||WR136AS|07739148679|Collection|45 CODE QOUTED|PaulM||1|2025-03-10 11:38:51~25499|pigeon|8|ianholah@yahoo.com||12|b|07827339510|1|1|1|AB451BT|ian holah|East Lea Farm House Scarborough Road|Filey|North Yorkshire|YO14 9PG|07768988499|Delivery|could this be done next week will get exact address|||1|2025-03-10 18:52:36~25500|Pigeon|6|davecowell@hotmail.co.uk||11|Lee Maguire |07877546697|10 Edinburgh Close|Bootle|Merseyside|L30 1PT|Dave Cowell|15 Queen Eleanor Road|Kettering|North Northamptonshire|NN14 1AY|07878802407|Delivery||||1|2025-03-10 11:38:51~25501|PGEONS|2|HIGHFLYERSCOURIERS@GMAIL.COM|PaulM|11|CRAG BOOTH|07852766669|5 WORDSWORTH AVENUE||DURHAM|TS274NT|MR NIVUS|111 NORWICH DRIVE|BRIGHTON||BN24LG|07437589428|Delivery|60 C O D|PaulM||1|2025-03-10 11:38:51~25502|PGEONS|6|HIGHFLYERSCOURIERS@GMAIL.COM|PaulM|11|david|07766881725|42 Pigeon Lane|Bury Saint Edmunds|Suffolk|IP28 6JP|NORTH WEST ONE LOFT|CEDAR LANE|NEW HEY|ROCHDALE|OL164LD|07733106334|Collection|55 C O C |PaulM||1|2025-03-10 11:38:51~25503|Canary |1|Lee@itsabirdsthing.co.uk|Its a Bird Thing|11|Lee|07962099830|90 Weggs Farm Road|Duston|Northampton|NN5 6HZ|Voluntary Sugajska|174 Moorcroft Road|Manchester ||M23 0AH|07588832442|Account|If delivery is in the afternoon Jolanta will be at the hospital. If the driver needs too can he please call her brother on 07523 807280

Thank you |||1|2025-03-10 11:38:51~25504|canaries |5|petewhispywilson@hotmail.com||11|83 Ash Lea Drive|01952279136|83 Ash-Lea Drive|Telford|Telford and Wrekin|TF2 7QW|vincent Salter|31 surrey street |Ryde |ISLE of White |PO33 2RX|07563379679|Pickup||||1|2025-03-10 11:38:51~25505|PGEONS|6|HIGHFLYERSCOURIERS@GMAIL.COM|PaulM|11|mr clarke|07586447033|3 PLASMA RD|CARDIFF||CF53JT|WHO DARES WINS|PLAINS LANE||DERBYS|DE562DD|07368307667|Collection|50 C O C|PaulM||1|2025-03-10 11:38:51~25506|Pigeon|1|rama197426@yahoo.co.uk||11|Martyn |07475758313|69 Brackenborough Road|Louth|Lincolnshire|LN11 0AD|Siva|3 Victoria Street|Dover|Kent|CT17 0EL|07742090477|Delivery|Pls call us 20 minutes before arrival |||1|2025-03-10 11:38:51~25507|PIGEON|1|hartpigeon@aol.com||11|ALFIE PATTERSON|07940233052|33 BRIERLEY ROAD|BLYTH|NORTHUMBERLAND|NE24 5PP|PAUL HART|172 HIGHER LOMAX LANE|HEYWOOD|LANCS|OL10 4SL|07939135131|Delivery|PLEASE LEAVE PIGEON IN SHED. PAYMENT WILL BE LEFT THERE FOR DRIVER|||1|2025-03-10 11:38:51~25508|Finches|9|tjdlee@btinternet.com||11|Gray Targett|07467526016|162 chestnut avenue|Eastleigh|Hampshire|SO50 5BX|Tony  Lee|Millvale,|Millvale,|Spondon Road,|DE7 4PS|07764936107|Delivery||||1|2025-03-10 11:38:51~25509|Pigeon|2|julian.jones1@aol.co.uk||11|Dennis|07780760993|173 Penrith Road|Sheffield|South Yorkshire|S5 8TZ|Portway lofts |3 Lower Portway|Hereford|Herefordshire|HR4 8NH|07423050639|Delivery||||1|2025-03-10 11:38:51~25510|Conure Parrot|1|moe@parrotcaregroup.org||11|Moe |07759912587|15 Northbourne Street|Newcastle upon Tyne|Tyne and Wear|NE4 6TA|Phoebe Thomson |13 Poplar Road|Manchester|Greater Manchester|M28 7EQ|07462677659|Delivery||||1|2025-03-10 11:38:51~25511|Cockatoo|1|julie.k.skelton@gmail.com|Brian Brae|11|Brian|07719928465|85 Roberts Road|Aldershot|Hampshire|GU12 4RB|Raymond|20 Hill Path|Plymouth||PL8 2QF|07342875071|Pickup||||1|2025-03-10 11:38:51~25512|Amazon |1|mchsouthwest@aol.com||12|Nick |07799814311|37 saint stephens road|Saltash|Cornwall|PL12 4BQ|Mark Hammill|Wilton farm |Eastside Lane ||TA7 8FB|07765961296|Pickup||||1|2025-03-12 21:06:36~25513|Amazon green |1|mchsouthwest@aol.com||11|Kieran|07792538181|Gorlan|Cefn Llwyd Caple Bangor |Aberystwyth |SY23 3HX|Mark Hammill|Eastside Lane |||TA7 8FB|07765961296|Pickup||||1|2025-03-10 11:47:55~25514|Budgerigars |4|adrian@ta1-budgerigars.co.uk||11|Adrian Terheege|07984430053|80 High Street|Oakley|Bedford|MK43 7RH|Raymarc Japson|10 Easter Drylaw Bank|Edinburgh ||EH4 2QN|07939851567|Pickup||||1|2025-03-10 11:47:55~25515|PGEONS|12|HIGHFLYERSCOURIERS@GMAIL.COM|PaulM|11|ROB LANGRISH|07831775983|14 CHORLEY OLD RD|WIITTEL LEE WOODS|LANCS|PR67LB|ROB DARK|199 DOWNS RD|WARMER|DEAL,, DEAL|CT147TL|07541091435|Delivery|12x y b s 
60 C O D|PaulM||1|2025-03-10 11:47:55~25516|CANARIES|6|HIGHFLYERSCOURIERS@GMAIL.COM|PaulM|11|ROGER TIMMINS|07969554758|66 SOUTHERN DOWN RD|DUDLY||DY33NA|BARRY|12 MORETON RIGG|CARLISLE,,,CUMBRIA||CA26QA|07511390531|Delivery|120 OUTLAY , PLUS 10 ADMIN,,CARRIAGE 60,,
TOTAL 190 COD ..|PaulM||1|2025-03-10 11:47:55~25517|Pigeons|6|terrygarbett8@gmail.com||11|Terry garbett|07783682568|44 Lonsdale road ||Bilston|WV14 7AF|Snook |Pride of potters|||ST56AW|07849214640|Pickup|Pigeons going pride of potters stoke|||1|2025-03-10 11:47:55~25518|FINCH|3|HIGHFLYERSCOURIERS@GMAIL.COM|PaulM|11|PEDRO|07899771004|2A HAINULT COURT|||N134JN|RUDDY JONES|5 LONG MEADOWS|ADAMS RD|MONKTON,,PENBROKE|SA714FA|07308859763|Delivery|60 COD|PaulM||1|2025-03-10 11:47:55~25519|PGEONS|10|HIGHFLYERSCOURIERS@GMAIL.COM|PaulM|11|CRAIG|07904806398|14 OAKLEY RD|SALTBURN, CLEVELAND||TS123BQ|WELSH ELITE ONE LOFT|24 ARNOLD STREET|MOUNTAIN ASH,,STH WALES||CF454LF|07723919167|Collection|10 X Y B S
50 C O D |PaulM||1|2025-03-10 11:47:55~25520|Pigeons |3|wallacea6@sky.com||11|Mr C Baty|07847714462|19 Stooperdale Avenue Cockerton Darlington|||DL3 OUH|Mr Alex Wallace|224 High Street Newburgh Fife|||KY14 6DZ|01337840314|Delivery||||1|2025-03-10 11:47:55~25521|Pigeons|2|jdraper1@btinternet.com||11|John Draper|07929066721|School House|Hatford|Faringdon Oxfordshire|SN7 8JF|Mr B Penny|39 Dylan Avenue |Cefn Fforest||NP12 3NG|01443571914|Pickup|Do not phone Mr Penny between 1.00pm and 2.00 pm as he will be out |||1|2025-03-10 11:47:55~25522|Goldfinch|1|khan.ji82@yahoo.com||11|Andra Walker|07849977014|2 Greengage Noom|Bristol|Leicester|LE42RB|Khan|15A Boyne Park|Tunbridge Wells|Kent|TN4 8EL|07867867773|Delivery||||1|2025-03-10 11:47:55~25523|Pigeon|2|shanepigeon85@hotmail.com||11|Ian worley|07966080144|3 Park View Glaisdale whitby North Yorkshire |||YO21 2PP|Shane Mackenzie|2 stour Promenade 12 glenside avenue canterbury kent|||CT11DB |07703662031|Delivery|Hi I would like 2 tumblers picked up thank you Can't do Thursday or fridays|||1|2025-03-10 11:47:55~25524|PIGEON|2|hartpigeon@aol.com||11|DAMIAN PROSSER|07940375802|180 TWEEDSMUIR ROAD|TREMORFA, CARDIFF|GLAMORGAN|CF24 2RG|PAUL HART|172 HIGHER LOMAX LANE|HEYWOOD|LANCS|OL10 4SL|07939135131|Delivery|PLEASE LEAVE PIGEONS IN SHED IF NOT HOME. PAYMENT WILL BE LEFT THERE FOR THE DRIVER.|||1|2025-03-10 11:47:55~25525|Pigeon |6|stecaren1@gmail.com||11|Mark Trinder |07729666402|44 Cheriton avenue |Adwick |Doncaster |DN6 7BT |C White |90 Morningside Road |Norris Green |Liverpool |L11 1AU |07841611312|Delivery||||1|2025-03-10 11:47:55~25526|Virginia Cardinal|1|ingliswg@icloud.com||11|William Inglis|07815015819|Rigton |Lochlibo Road|Burnhouse|KA15 1LE |Tony Murphy|657 Queen&rsquo;s Drive|Liverpool||L13 5UB|07470404966|Pickup||||1|2025-03-10 11:47:55~25527|Pigeon|2|Sterling9to5@aol.co.uk||11|Louise Goodman|01202249234|121 Albert road|Poole|Dorset|BH12 2BY|Gary Tomlinson|Chapel farm|Plains road|Blackbrook|DE56 2 DD|07368307667|Pickup| Two pigeon for who dares wins|||1|2025-03-10 11:47:55~25528|PGEONS|2|HIGHFLYERSCOURIERS@GMAIL.COM|PaulM|11|PETER WILLIAMS|07949646136|51 RYS STREET|TRELAW|TONNYPANDY|CF402QE|JERMY DAVIES PREM ONE LOFT|RYE ST||WORCS|WR136AS|07739148679|Collection|45 COD|PaulM||1|2025-03-10 11:47:55~25529|pigeons|4|bryanwatts330@yahoo.co.uk||11|Daniel Adi Popescu   |07481933377|78 Merith Avenue|Carlisle|Carlisle.    |CA12TP|Bryan Watts|6 Orchard Way|North Crawley|Newport Pagnell    Bucks|MK169LU|07905101487|Delivery|I have paid for the pigeons i will pay the courier on arrival 
Mr Popescu|||1|2025-03-10 11:47:55~25530|PGEONS|2|HIGHFLYERSCOURIERS@GMAIL.COM|PaulM|11|MR WITCHEL|07946449062|93 BROAD WALK|KNORR|BRISTOL|BS42RD|MR THACKERTAY|22 HARE TARE MOUNT||LEEDS|LS125LR|07824666857|Collection|60 C O C |PaulM||1|2025-03-10 11:47:55~25531|PGEONS|6|HIGHFLYERSCOURIERS@GMAIL.COM|PaulM|11|MAT |07983354139|6 ARRON AVE|PORT , GLASGOW||PA146BJ|KEN BRIAN|39 CROSS GREEN CRES|LEEDS||LS90DD|07959948929|Delivery|6 X Y B S
65 C O D |PaulM||1|2025-03-10 11:47:55~25532|Falcon|1|lunnar666@icloud.com||11|Joe |07391916720|5 Chestnut Close|Hailsham|East Sussex|BN27 4PU|Chris farrow|10 Cedar Avenue|Worcester|Worcestershire|WR4 9UD|07845754086|Delivery||||1|2025-03-10 11:47:55~25533|PGEONS|12|HIGHFLYERSCOURIERS@GMAIL.COM|PaulM|11|JOE DAVIES|07411020414|10 Cleveland View|Stockton-on-Tees|County Durham|TS21 4BZ|TED|2 Vanguard Street|London|Greater London|SE8 4DJ|00208691599|Delivery|12 X Y B S
60 CO D 
DELIVERY PHONE NUMBER
0208691599|PaulM||1|2025-03-10 11:47:55~25534|PGEONS|12|HIGHFLYERSCOURIERS@GMAIL.COM|PaulM|11|JOE DAVIES|07411020414|10 Cleveland View|Stockton-on-Tees|County Durham|TS21 4BZ|DAVID KNOWLES|8 Hawcroft|Trowbridge|Wiltshire|BA14 6RN|07443758087|Delivery|12 X Y B S
60 C O D |PaulM||1|2025-03-10 11:47:55~25535|PGEONS|8|HIGHFLYERSCOURIERS@GMAIL.COM|PaulM|11|LERNERD|07405984142|54 ROSAMONDS RIDE LIETLEOVER|DERBY||DE236JS|ZANZ|BAKERS M O T XCAR WASH|3 HERTFORD WAY|CHESTER|CH14NT|07840406960|Delivery|8 X O B S
55COD|PaulM||1|2025-03-10 11:47:55~25536|PGEONS|12|HIGHFLYERSCOURIERS@GMAIL.COM|PaulM|11|TREV SIMPSON|07970011217|46 Wilton Rise|York|York|YO24 4BT|ROBERT HARBOUR|HOVER CRAFT |ISLE OF WGHT|ESPLANADE|PO53AD|07596131894|Collection|12 X Y BS
60 C O C..
|PaulM||1|2025-03-10 11:57:53~25537|CANARIES|4|HIGHFLYERSCOURIERS@GMAIL.COM|PaulM|11|CUSTOMER 1|07979688801|49 Lisson Street|London|Greater London|NW15DA|CARL|9 OLD PADDOCK GARDENS|PRESTON||PR54ET|07538583795|Delivery||PaulM||1|2025-03-10 11:57:53~25538|Pigeon|2|mattmunz@hotmail.co.uk||11|Matt munslow |07301549465|66 Elmdon Lane|Birmingham|West Midlands|B37 7EQ|Alan wilson|1 THE AIREY,|WOODNESBOROUGH|Kent|CT130QD|07840206415|Delivery||||1|2025-03-10 11:57:53~25539|Finches n parakeets |30|ashley20-1990@hotmail.co.uk||11|Ash |07904805906|64 lime tree grove |Thorne|Doncaster |DN8 4DQ|Jim robertson |45 hamilton drive|New cumnock|Ayrshire|KA18 4JR|07711112667|Delivery||||1|2025-03-10 11:57:53~25540|Ten racing pigeons|10|ovy1255@aol.com||11|Steve seal|07922535620|191 NEW ROAD|Cambridgeshire|Home-01354675741|PE166DA|Terence ovington|102 LILLY GARDENS|Stanley|Co durham|DH9 9BH|07999460861|Delivery||||1|2025-03-10 11:57:53~25541|Conure|2|dannylamp@hotmail.co.uk||11|Dan Lamplough|07835697686|Dale Lodge|Station Road|Keyingham|HU12 9TB|Nicky Mealing|3 Huby Villas|Harewood crescent|Stockton on tees|TS19 0SX |07398217564|Pickup||||1|2025-03-10 11:57:53~25542|Canary |5|vvrsalter7@gmail.com||11|Mr J. Price|07775841678|5 Abbots Court|Westbury |Wiltshire |BA13 3QZ|Vincent Salter|31 Surrey Street|Ryde|Isle of Wight |PO33 2RX|07563379679|Delivery|Can you please drop at Southsea Hovertravel.  
I would like to pay you by credit card if possible before you deliver.  Thank you.  |||1|2025-03-10 11:57:53~25543|PIGEONS|1|elimarbookings@gmail.com|ELIMAR|11|DAVE STOKES |07815291318|ACORN FALOW |CLEOBURY MORTIMER|WORCS|DY140HZ|JOHN ABAKANOWICZ|19 ALLSOP PLACE|NEWBOLD|CHESTERFIELD|S418SN|07476597245|Account|ELIMAR PAID
91246
GB22A11168|admin||1|2025-03-10 11:57:53~25544|PIGEONS|1|elimarbookings@gmail.com|ELIMAR|11|A. FARRELL |07778093646|58 BEECHFIELD RD|HEMEL HEMPSTEAD|HERTS|HP11PP|ROBERT MIDDLEMISS|20 ASH TREE DRIVE|BEDLINGTON |NORTHUMBLAND |NE227LS|07723508348|Account|ELIMAR PAID
91287
00000|admin||1|2025-03-10 11:57:53~25545|PIGEONS YBS|6|highflyerscouriers@gmail.com|admin|11|CUSTOMER A|07980915160|ROWBERTON|ROWSHAM RD |BIERTON|HP225DZ|MATT|2 DUNCAN PLACE|LOFTUS|CLEAVELAND|TS134PR|07852927958|Delivery|&pound;60.00 COD|admin||1|2025-03-10 11:57:53~25546|PIGEONS YBS|9|highflyerscouriers@gmail.com|admin|11|IRELAND |00000000000|IRELAND|IRELAND|IRELAND|CW12|MARK ROBINSON|3 ORCHARD PARK CLOSE|ST MELLONS |S WALES|CF30AT|07710789045|Delivery|COD|admin||1|2025-03-10 11:57:53~25547|PIGEONS|3|highflyerscouriers@gmail.com|admin|11|IRELAND |00000000000|IRELAND|IRELAND|IRELAND|CW124PD|DAVE SMITH|64 TAWICK DR|ST MELLONS EST|CARDIFF|CF30AG|07731647749|Delivery|&pound;170.00 COD|admin||1|2025-03-10 11:57:53~25548|Hermanns Tortoise bred 2024 and Dry goods |2|iancrosby668@gmail.com|Tortoises 4 You|11|Tortoises4you|07375143987|15 Escott Court, Chilton street |Bridgwater|Somerset|TA6 3HU|Liam Myers|20 School Lane|Manea|Cambridgeshire|PE15 0JN|07886168742|Account||||1|2025-03-10 11:57:53~25549|FINCHES|4|highflyerscouriers@gmail.com|admin|11|RYAN|07979688801|FLAT 5 49 LISSON ST|LONDON |...|NW15DA|CUSTOMER B|9 THE PADDOCKS GDS|PRESTON|LANCS|PR54ET|07538583795|Delivery|&pound;60.00 COD|admin||1|2025-03-10 11:57:53~25550|TURTLES|2|highflyerscouriers@gmail.com|admin|11|CUSTOMER A|07753107353|34 BUTTERMERE CLOSE |YARNFIELD |STONE |ST150GN|CUSTOMER B|87 FIZWORTH AVE |HAMSWORTHY|POOLE|BH165AZ|07931153032|Collection|PAID|admin||1|2025-03-10 11:57:53~25551|PIGEONS YBS|8|highflyerscouriers@gmail.com|admin|11|DAVE ACKINS|07491699231|10 BURNS GARDENS|ST GILES|LINCOLN|LN24LJ|ADRIAN SIMPSON|12 KENNADY CRES |DUNFERMLINE|SCOTLAND |KY120LA|07729315248|Delivery|&pound;65.00 COD|admin||1|2025-03-10 11:57:53~25552|Peahens |2|lagattollaclare@gmail.com||13|Barbara Murray|07497543047|Roughlands farm Grove Road|Old Buckenham|Norfolk |NR171PJ|Clare Lagattolla|Benville House|Benville Lane|Dorchester, Dorset|DT2 0NW|07549929403|Delivery|Would you be kind enough to let us both know when collection is and drop off. Thank you |||1|2025-03-10 18:52:59~25553|PGEONS|1|HIGHFLYERSCOURIERS@GMAIL.COM|PaulM|11|owen jones|07951898549|9 PEN Y BRYN RD||SWANSEA|SA44UJ|MR NICHOLSON|SHEEPWASH|CATHOUSE LANE|WLVERSTON|IP91DQ|07802780170|Collection|60COC|PaulM||1|2025-03-10 11:57:53~25554|Fancy pigeon|1|angellcarrasquillo@gmail.com||11|Catalin Barbu|07871938485|34 Shelton Road|Peterborough|Peterborough|PE2 8QL|Angel Carrasquillo|90 Albert Street|Dundee|Dundee City Council|DD4 6QH|07902103254|Delivery||||1|2025-03-10 11:57:53~25555|pigeons|8|nfbradley1@gmail.com||11|Neil Bradley|07954047401|11 Spindrift Close|Askam-In-furness|Cumbria|LA16 7HY|Jimmy Cook|109 King Harolds Way|Bexleyheath|Kent|DA7 5RE|07958241655|Delivery||||1|2025-03-10 11:57:53~25556|Blue Fronted Amazon|1|atifmasood22@hotmail.com|Birds 4 U|11|Birds4U|07400944876|35 New town Shopping Center|Aston|Birmingham|B19 2SS|Lynn Turner|24 elizabeth road|Exmouth |Devon|EX8 4NT|07395548605|Pickup||||1|2025-03-10 11:57:53~25557|Blue Ringneck|1|atifmasood22@hotmail.com|Birds 4 U|11|Birds4U|07400944876|35 New town Shopping Center|Aston|Birmingham|B19 2SS|Medine Dari|68 Forsythia Close|Merthyr Tydfil|Merthyr Tydfil County Borough|CF47 9DS|07359385654|Pickup||||1|2025-03-10 11:57:53~25558|PGEONS|6|HIGHFLYERSCOURIERS@GMAIL.COM|PaulM|11|BRIAN STONE|07814960543|176 NOTTINGHAM RD||BELPER ,, DERBY|DE561JL|ROGER|28 BROCKHURST AVE|MACCS||SK102RX|07784762304|Delivery|6 xyb 
55 CO D |PaulM||1|2025-03-10 11:57:53~25559|PGEONS|1|HIGHFLYERSCOURIERS@GMAIL.COM|PaulM|11|JOHN  GERRERD|07932742126|123A GOUGH CRES|POOLE||BH177JJ|STEVE WILSON|21 ALLENDALE CRES|PENSHAW||DH47NN|07984661783|Delivery|60 C O D |PaulM||1|2025-03-10 11:57:53~25560|pigeons|3|jill811@btinternet.com||11|graham barrett|01646699426|pembrokeshire|83 marble hall close|Pembrokeshire|SA732PR|83 marble hall close milford haven pembrokeshire|pembrokeshire|hollywood lane||ST5 6AW|07849214640|Delivery||||1|2025-03-10 11:57:53~25561|Pigeons |4|melcorrigan@hotmail.co.uk||11|Sally Pubus |07788764682|Ashgill |Wath Ripon ||HG45EN |Mark Corrigan |3 Laxton Way|Whitstable|Kent|CT5 3JL|07795324981|Delivery||||1|2025-03-10 12:09:41~25562|Indian Ringneck |2|sureshmint@yahoo.com||11|Lita avairy's |07782301340|23 Seagrave Road|Coventry|West Midlands|CV1 2AB|Steven|68 Bracadale Drive|Stockport|Greater Manchester|SK3 8RY|07810882499|Delivery||||1|2025-03-10 12:09:41~25563|Pigeons|12|trsa514@aol.com|David sara|11|David Sara |07731995202|17 Weeth Road|Camborne |Cornwall |TR14 7HU|Tim smith|11 rowan garth|Skidby Cottingham|East Yorkshire |HU165TT|07888891814|Delivery|||Tr147hu|1|2025-03-10 12:09:41~25564|Pigeons |3|leebousfield@btinternet.com||11|Lee Bousfield |07901577221|63 Dobson Close|High Spen |Tyne and Wear|NE39 2BF|Jeremy Davies |Pigeon house |Rye street |Birtsmorton,Malvern |WR13 6AS|07739148679|Pickup|3 birds to go to the Premier One Loft Race.|||1|2025-03-10 12:09:41~25566|Pigeon|3|goldfinch@gmx.com||11|Ged|07393830519|78 norburn|North bretton|Peterborough |PE38NU|Brain clarke|478 weelsby|Street|Grimsby Lincolnshire |DN328DL|07700878157|Delivery|Brain Clark will pay on delivery.

Thanx|||1|2025-03-10 12:09:41~25567|Pigeons|5|daveyburns@outlook.com||11|David Burns|07713902667|43 Homestall Road|Liverpool|Merseyside|L11 2TU|Uk premier one loft |Pigeon house |Malvern|Worcestershire|WR13 6AS|07739148670|Pickup|These birds are for the Uk premier olr, thanks . Contact 
Jeremy on 
07739148679|||1|2025-03-10 12:09:41~25568|Tortoise|2|emma@tortoise-den.co.uk|The Tortoise Den|11|Steve and Emma|07756878271|The Tortoise Den Ltd|Prees Green|Whitchurch|SY13 2BP|Leanne Mitchell|33 Craigswood Way|Glasgow|Glasgow City|G69 7FF|07515527317|Account|1 x tortoise box, 1 x product box.
Delivery - Thursday 13th March please.||HF 0051 506|1|2025-03-10 12:09:41~25569|Tortoise|1|emma@tortoise-den.co.uk|The Tortoise Den|11|Steve and Emma|07756878271|The Tortoise Den Ltd|Prees Green|Whitchurch|SY13 2BP|Christine Lester|31 Kingston Avenue|Wigston|Leicestershire|LE18 1HL|07713492965|Account|1 x tortoise box.
Delivery - Thursday 13th March please.||HF 0051 507|1|2025-03-10 12:09:41~25570|Tortoise|1|emma@tortoise-den.co.uk|The Tortoise Den|11|Steve and Emma|07756878271|The Tortoise Den Ltd|Prees Green|Whitchurch|SY13 2BP|Samantha Kingdom|18 Collaton Road|Kingsbridge|Devon|TQ7 3SJ|07434969593|Account|1 x tortoise box.
Delivery - Thursday 13th March please.||HF 0051 508|1|2025-03-10 12:09:41~25571|Tortoise|3|emma@tortoise-den.co.uk|The Tortoise Den|11|Steve and Emma|07756878271|The Tortoise Den Ltd|Prees Green|Whitchurch|SY13 2BP|John Olley|4 South View|Malton|North Yorkshire|YO17 9RJ|07949699657|Account|1 x tortoise box, 2 x product boxes.
Delivery - Thursday 13th March please.||HF 0051 509|1|2025-03-10 12:09:41~25572|Bearded reedlings|6|liambenz160@gmail.com||11|John Paul Horn|07930837014|Coxhoe Garden centre|Coxhoe|Durham|DH6 4JH|Liam Benz|70 treclago view|70 treclago view|camelford|PL32 7AD|07813533303|Delivery||||1|2025-03-10 12:09:41~25573|Bullfinch |1|hunt1@live.co.uk||12|James chadwick|07807000780|69 Deansfield Road|Wolverhampton|West Midlands|WV1 2JZ|Mr Robert nodder|52 Womersley Road|Knottingley|West Yorkshire|WF11 0DJ|07789212721|Pickup||||1|2025-03-12 21:07:09~25574|Pigeons|2|Pickering431john@mail.com||11|Excelsior pigeons  |07994793079|Keys Park    Keys Park Road|Hednesford|Xxxx|WS12 2FN|John pickering|58 Cromwell Avenue|Blaydon-on-Tyne|Tyne and Wear|NE21 4RS|07379972112|Delivery||||1|2025-03-10 12:09:41~25575|PIGEON|1|highflyerscouriers@gmail.com|admin|11|JOHN GERRARD|07932742126|123 GOUGH CRESCENT|POOLE |DORSET|BH177JJ|DAVE CARROL |15 QUEENS ELINOR RD |NORTHAMPTON|NORTHANTS|NN141AY|07878802407|Delivery|&pound;60.00 COD|admin||1|2025-03-10 12:09:41~25576|PIGEONS|5|highflyerscouriers@gmail.com|admin|11|JOHN GERRARD|07932742126|123 GOUGH CRESCENT|POOLE|DORSET|BH177JJ|MIKE DANN|24 BEECHWOOD RISE |MANOR PARK |PLYMOUTH|PL68AP|07939344034|Delivery|&pound;60.00 COD|admin||1|2025-03-10 12:09:41~25577|pigeons|2|adamfreeman9012@gmail.com||11|JACK BERRY|07585411968|12 Seacole Close|Blackburn|Blackburn with Darwen|BB1 2RA|ADAM FREEMAN|2 St. Nicholas Way|ISLIP|KETTERING. NORTHANTS|NN14 3DX|07368397998|Delivery|Hi. Jack says you guys are going to his this week. If you could pick mine up then great. No worries if not.
Birds can be left safely in porchway on delivery.
I will pay by bank transfer. Thanks. Adam|||1|2025-03-10 12:09:41~25578|PIGEONS|3|highflyerscouriers@gmail.com|admin|11|JOHN GERRARD|07932742126|123 GOUGH CRESCENT|POOLE |DORSET|BH177JJ|DAVID JAMES |BRUE FARM BUILDING |HULK MOOR|DROVE, STREET|BA169AP|07522188634|Delivery|&pound;60.00 COD|admin||1|2025-03-10 12:09:41~25579|PIGEONS|7|highflyerscouriers@gmail.com|admin|11|JOHN GERRARD|07932742126|123 GOUGH CRESCENT|POOLE|DORSET|BH177JJ|DEAN PALLET|NEW INN FARM|WELFORD RD |SHEARSBY|LE176PD |01162478839|Delivery|&pound;60.00 COD|admin||1|2025-03-10 12:09:41~25580|PIGEONS|1|highflyerscouriers@gmail.com|admin|11|JOHN GERRARD|07932742126|123 GOUGH CRESCENT|POOLE|DORSET|BH177JJ|MARK WILLIAMS |MONSAL CROFT AVE|ASHBOURNE |DERBYSHIRE |DE61EZ|07557875636|Delivery|&pound;60.00 COD


NO HOUSE NUMBER|admin||1|2025-03-10 12:09:41~25581|Pigeons|2|mihaimarin89@yahoo.com||11|Paul Dolan |07841778212|53 Chester Lane|Saint Helens|Merseyside|WA9 4DA|Mihai Marin|1 mirador Crescent|1 mirador crescent |SLOUGH|SL25JX|07454369669|Delivery|Please can you collect this week , let me know thanks |||1|2025-03-10 13:30:28~25582|Parakeet |1|azz7862004@hotmail.com||11|Ad|07860216345|357 Willows Lane|Accrington|Lancashire|BB5 0NH|Yu hang |Somerset Street|Bristol|Bristol City|BS1 6DD|07852112267|Pickup|Hi please call 30 mins before collection and before delivery 
Thanks |||1|2025-03-10 12:09:41~25583|PIGEONS|8|highflyerscouriers@gmail.com|admin|11|JOHN GERRARD |07932742126|123 GOUGH CRESCENT|POOLE|DORSET|BH177JJ|SCOTT MCEWEN|4 MARCHWOOD COURT|ELPHNSTINE|EDINBURGH|EH332NY|07557875636|Delivery|&pound;65.00 COD |admin||1|2025-03-10 12:09:41~25584|REPTILE|1|highflyerscouriers@gmail.com|admin|11|DUDLEY PINSON |07967671931|3 THE STABLES |NORTON CROSS|STAFFS|WS119UT|JO LAXTON|73 MONTROSE RD|LEICESTER|LEICESTERSHIRE|LE28SL|07871441704|Account|PAID 486 |admin||1|2025-03-10 12:09:41~25585|REPTILE|1|highflyerscouriers@gmail.com|admin|11|DUDLEY PINSON |07967671931|3 THE STABLES |NORTON CANES|STAFFS|WS119UT|LOUISA CIBRIAN|43 GREENHAM CRES |LONDON|..|E48YG|07710880987|Account|PAID 487|admin||1|2025-03-10 12:09:41~25586|REPTILE|1|highflyerscouriers@gmail.com|admin|11|DUDLEY PINSON |07967671931|3 THE STABLES |NORTON CANES|STAFFS|WS119UT|RUPINDER KUAR|9 OLD INN COURT|LIBOURNE |COVENTRY |CV230TF|07738593607|Account|PAID 488|admin||1|2025-03-10 12:09:41~25587|REPTILE|1|highflyerscouriers@gmail.com|admin|11|DUDLEY PINSON |07967671931|3 THE STABLES |NORTON CANES|STAFFS|WS119UT|COLIN TWINCH|57 FIRST AVE|GALLEY HILL|WALTON ABBEY|EN92AN|07763326733|Account|PID 489|admin||1|2025-03-10 12:20:32~25588|PIGEONS|10|highflyerscouriers@gmail.com|admin|11|FINLAY JAMES |07778848078|WALNUT RD |WALPOLE ST PETER |NORFOLK|PE147NR|PAT MCKERNAN|IRELAND |IRELAND |IRELAND|BT33|07880406168|Delivery|NEED HOUSE NUMBER FOR PICK UP AND TELEPHONE NUMBER FOR DELIVERY|admin||1|2025-03-10 12:20:32~25589|PIGEONS|2|elimarbookings@gmail.com|ELIMAR|11|DEAN ROWBUCK|07445684669|64 CLAYPIT LANE |RAWMARSH|ROTHERHAM|S625DX|KENNETH FARWELL|39 BALMWELL AVE |EDINBURGH|SCOTLAND |EH166HE |01316648758|Account|ELIMAR PAID
91313
GB2507
GB2508|admin||1|2025-03-10 12:20:32~25590|Pigeon|14|connor-m-10@live.co.uk||11|Mick collins|07812391087|149 Lea Village|Birmingham|West Midlands|B33 9SJ|Connor|24 Fernhill Close|Bootle|Merseyside|L20 9JR|07881228909|Delivery|Collection asap as they are ready |||1|2025-03-10 12:20:32~25591|PIGEONS|2|elimarbookings@gmail.com|ELIMAR|11|Edward Cable|07738474020|41 MANSFIELD RD |BOGNOR|SUSSEX|PO229|BILL GREEN|74 ADLAM RD |LIVEROOL|MERSEYSIDE|L101LQ|07804831303|Account|ELIMAR PAID
91256
GB25V37454
GB25V37455|admin||1|2025-03-10 12:20:32~25592|PIGEONS|6|highflyerscouriers@gmail.com|admin|11|KEVIN PARSONS |07860482321|32 CLAREMONT AVE|LEMINGTON |NEWCASTLE|NE157LD|PADDY MURRAY|IRELAND |IRELAND |IRELAND|BT55|00000000000|Delivery|&pound;120.00 COD|admin||1|2025-03-10 12:20:32~25593|PIGEONS|4|highflyerscouriers@gmail.com|admin|11|CUSTOMER A|07795976828|148 MIDDLE PARK AVE|LONDON|...|SE95SD|CUSTOMER B|398 MANCHESTER RD |CLIFTON|MANCHESTER|M276WH|01617945285|Delivery|&pound;60.00 COD|admin||1|2025-03-10 12:20:32~25594|PIGEONS|2|highflyerscouriers@gmail.com|admin|11|CUSTOMER A|07795976828|148 MIDDLE PARK AVE|LONDON|..|SE95SD|CUSTOMER B|31 KEEBLE RD |BOURNEMOUTH|DORSET|BH107HX|07768963234|Delivery|&pound;60.00 COD|admin||1|2025-03-10 12:20:32~25595|Lovebirds + Budgie|5|adeeemz@yahoo.com||11|Adeem|07883275354|11 Moseley Wood View|Leeds|West Yorkshire|LS16 7ES|Gary|Flat 1/1 Regent Street|Greenock|Inverclyde|PA15 4QX|07405282586|Pickup|Call or text me at least a day before collection. |||1|2025-03-10 12:20:32~25596|Pigeon |2|rama197426@yahoo.co.uk||11|Aaron|07746511647|11 Watling street|Elstree|Elstree|WD63EG|Siva|3 Victoria Street|Dover|Kent|CT17 0EL|07742090477|Delivery|Pls call 20 minutes before delivery. Thanks |||1|2025-03-10 12:20:32~25597|PIGEONS YBS|6|highflyerscouriers@gmail.com|admin|11|WILLIE DONNACHIE|00000000000|12 BRUCE RD|DUNDEE|SCOTLAND |DD38LL|ADAM CRICK |119 NORTO RD |STORFIELD |HERTS|SG54PG|07837666709|Delivery|&pound;65.00 COC|admin||1|2025-03-10 12:20:32~25598|PIGEONS YBS|12|highflyerscouriers@gmail.com|admin|11|JOHN SMART |07950373113|31 COLTNESS AVE |ALLERTON|SHOTTS|ML75AT|PREMIER ONE LOFT|RYE STREET|WORCS|...|WR136AS|00000000000|Collection|&pound;65.00 COC|admin||1|2025-03-10 12:20:32~25599|FINCHES|4|highflyerscouriers@gmail.com|admin|11|SHAUN PALMER|07785930720|THE ROSEARY |CHESLEY HILL|WICK BRISTOL|BS305NE|WAYNE|ELM TORR CROFTS HILL|FLAMBOROUGH|YORKS|YO151AB|07359515536|Collection|&pound;60.00 COC

NEED DIRECTIONS OFF DELIVERY END HARD TO FIND.|admin||1|2025-03-10 12:20:32~25600|Pigeon|2|mark@lyfordoffice.com|Mark Lyford|11|Mark Lyford C/O ANDY COLBY|07983700897|8 BELVEDERE RD|||HU139JJ|Adrian Hicks|Lyndhurst, St Columb Road, |Saint Columb|Cornwall|TR9 6QR|07543404236|Delivery||||1|2025-03-10 12:53:31~25601|PIGEONS|2|highflyerscouriers@gmail.com|admin|11|PETER WATSON |07703062350|11 CORBY END |EDINBURGH|SCOTLAND |EH153RP|STEVE FARROW |36  GLAYSDALE GROVE |HULL|HUMBERSIDE|HU93UU|07538878901|Delivery|&pound;65.00 COD |admin||1|2025-03-10 12:20:32~25602|young pigeons|24|enquiries@tumleylofts.co.uk|Tumley Lofts|11|Tumley Lofts Stud|07969365322|Blackhill Lane|Beaworthy|Devon|EX21 5AA|Janice Redmond|21 Avondale drive|Armadale|West Lothian|EH48 3HH |07369280752|Account||||1|2025-03-10 12:20:32~25603|young pigeons|12|enquiries@tumleylofts.co.uk|Tumley Lofts|11|Tumley Lofts Stud|07969365322|Blackhill Lane|Beaworthy|Devon|EX21 5AA|Kevin Miller |21 Bellside Road|Motherwell|LANARKSHIRE|ML1 5NP|07732335813|Account||||1|2025-03-10 12:20:32~25604|young pigeons|12|enquiries@tumleylofts.co.uk|Tumley Lofts|11|Tumley Lofts Stud|07969365322|Blackhill Lane|Beaworthy|Devon|EX21 5AA|AL Kingston        |15 Bakewell Ave|Carlton |Nott|NG4 3NY|07720241190|Account||||1|2025-03-10 12:20:32~25605|young pigeons|18|enquiries@tumleylofts.co.uk|Tumley Lofts|11|Tumley Lofts Stud|07969365322|Blackhill Lane|Beaworthy|Devon|EX21 5AA|Niall Thomas         |79 Cwmamman Road|||SA18 1DJ|07897270149|Account||||1|2025-03-10 12:20:32~25606|young pigeons|10|enquiries@tumleylofts.co.uk|Tumley Lofts|11|Tumley Lofts Stud|07969365322|Blackhill Lane|Beaworthy|Devon|EX21 5AA|Alan Evans|Spring Bank|33 Coventry Road|Kingsbury Tamworth|B78 2LW|07778320390|Account||||1|2025-03-10 12:20:32~25607|young pigeons|6|enquiries@tumleylofts.co.uk|Tumley Lofts|11|Tumley Lofts Stud|07969365322|Blackhill Lane|Beaworthy|Devon|EX21 5AA|Anthony Rose|48 Quenby Road|Billingham||TS23 3AE|07389167728|Account||||1|2025-03-10 12:20:32~25608|young pigeons|6|enquiries@tumleylofts.co.uk|Tumley Lofts|11|Tumley Lofts Stud|07969365322|Blackhill Lane|Beaworthy|Devon|EX21 5AA|William Craig      |12 Rose Bank St|||ML6 7DJ  |07922186317|Account||||1|2025-03-10 12:20:32~25609|young pigeons|12|enquiries@tumleylofts.co.uk|Tumley Lofts|11|Tumley Lofts Stud|07969365322|Blackhill Lane|Beaworthy|Devon|EX21 5AA|Scott Gibbs  |Fosseside|Avonbridge ||FK1 2JW      |07917070083|Account||||1|2025-03-10 12:20:32~25610|young pigeons|6|enquiries@tumleylofts.co.uk|Tumley Lofts|11|Tumley Lofts Stud|07969365322|Blackhill Lane|Beaworthy|Devon|EX21 5AA|Ian Dye |7 Nightingale Close|||PE38 0DT|07566255141|Delivery||||1|2025-03-10 12:20:32~25611|Tortoise |2|sales@wiltonpets.co.uk|Wilton Pets|11|Jack or Olivia|01268726216|95-97 Pound Lane |Wilton Pet Centre|Bowers Gifford|SS13 2HN|Sarah Field |23 South Street|Lymington|Hampshire|SO41 8EB|07833276752|Account|||676|1|2025-03-10 12:20:32~25612|Tortoise|2|sales@wiltonpets.co.uk|Wilton Pets|11|Jack or Olivia|01268726216|95-97 Pound Lane |Wilton Pet Centre|Bowers Gifford|SS13 2HN|Francis Sanders|16 Stow Park Crescent|Newport|Newport|NP20 4HD|07717171199|Account|||675|1|2025-03-10 12:29:31~25613|Tortoise|1|sales@wiltonpets.co.uk|Wilton Pets|11|Jack or Olivia|01268726216|95-97 Pound Lane |Wilton Pet Centre|Bowers Gifford|SS13 2HN|Samantha Dowell|Windwhistle, Touchstone Lane|Chard|Somerset |TA20 1RB|07709510933|Account|||674|1|2025-03-10 12:29:31~25614|Tortoise|1|sales@wiltonpets.co.uk|Wilton Pets|11|Jack or Olivia|01268726216|95-97 Pound Lane |Wilton Pet Centre|Bowers Gifford|SS13 2HN|Joshwah Thompson|7 Dobbin Close|Harrow|Greater London|HA3 7LP|07492117720|Account|||673|1|2025-03-10 12:29:31~25615|Tortoise |2|sales@wiltonpets.co.uk|Wilton Pets|11|Jack or Olivia|01268726216|95-97 Pound Lane |Wilton Pet Centre|Bowers Gifford|SS13 2HN|Timothy Brow|42 Glendale Drive|Wimbledon, London|Greater London|SW19 7BG|07758822409|Account|||672|1|2025-03-10 12:29:31~25616|Tortoise|2|sales@wiltonpets.co.uk|Wilton Pets|11|Jack or Olivia|01268726216|95-97 Pound Lane |Wilton Pet Centre|Bowers Gifford|SS13 2HN|Claire Sandiford |10 Wold Gardens|Market Rasen|Lincolnshire|LN7 6EE|07535979029|Account|||671|1|2025-03-10 12:29:31~25617|Tortoise |2|sales@wiltonpets.co.uk|Wilton Pets|11|Jack or Olivia|01268726216|95-97 Pound Lane |Wilton Pet Centre|Bowers Gifford|SS13 2HN|Yi Zou|Echo Jewellery, unit 10 |Basepoint Business Centre|Romsey, Hampshire |SO51 9AQ|07726475316|Account|||670|1|2025-03-10 12:29:31~25618|PIGEONS YBS|5|highflyerscouriers@gmail.com|admin|11|CONSTIN|07448075430|35 CECIL AVE |WEMBLEY|LONDON|HA97DU|TOMLINSION |WDW|PLAINS LANE |...|DE562DD|07368307667|Collection|&pound;60.00 COC|admin||1|2025-03-10 12:29:31~25619|PIGEONS|4|highflyerscouriers@gmail.com|admin|11|MR MARK EVANS|07958163915|32 WOODROAD EAST|WEDNESBURY|WEST MIDS|WS100RG|MR CATTLING|3 CASTLE HILL|beccles|SUFFOLK|NR347BQ|01502716465|Delivery|&pound;60.00 COD |admin||1|2025-03-10 12:29:31~25620|PIGEONS|2|highflyerscouriers@gmail.com|admin|11|SMART|01902653973|190 HAWKSFORD CRES|BUSHBURY|WOLVERHAMPTON|WV109SN|CHRIS WILLIAMS|16 CHALBURY CLOSE|WETYMOUTH|DORSET|DT36LE|01305834183|Delivery|&pound;60.00 COC |admin||1|2025-03-10 12:29:31~25621|YB PIgeon|30|info@louella.co.uk|Louella|11|Louella Pigeon World|01530242255|Louella Farms|Copt Oak Road|Loughborough|LE129XL|Mr Flint|6 Tyle Glas|Bridgend|Bridgend County Borough|CF33 4ED|07596991529|Account||||1|2025-03-10 12:29:31~25622|YB Pigeon|10|info@louella.co.uk|Louella|11|Louella Pigeon World|01530242255|Louella Farms|Copt Oak Road|Loughborough|LE129XL|Mr Walker|20 Travis Road|Cottingham|East Riding of Yorkshire|HU16 5EU|01482875933|Account||||1|2025-03-10 12:29:31~25623|YB Pigeon|6|info@louella.co.uk|Louella|11|Louella Pigeon World|01530242255|Louella Farms|Copt Oak Road|Loughborough|LE129XL|Mr Whitley|181 Beeches Road|Oldbury|West Midlands|B68 9TY|07776462356|Account||||1|2025-03-10 12:29:31~25624|YB Pigeon|6|info@louella.co.uk|Louella|11|Louella Pigeon World|01530242255|Louella Farms|Copt Oak Road|Loughborough|LE129XL|Mr Snell|Columbo, Station Road|Reedham, Norwich|Norfolk|NR13 2TB|01493701411|Account||||1|2025-03-10 12:29:31~25625|YB Pigeon|1|info@louella.co.uk|Louella|11|Louella Pigeon World|01530242255|Louella Farms|Copt Oak Road|Loughborough|LE129XL|Mr Longridge|23 Longridge Crescent|Bolton|Greater Manchester|BL1 5QZ|01204846210|Account||||1|2025-03-10 12:29:31~25626|OB Pigeon|2|info@louella.co.uk|Louella|11|Louella Pigeon World|01530242255|Louella Farms|Copt Oak Road|Loughborough|LE129XL|Mr Hicks|Lyndhurst|St Columbo Rd|Cornwall|TR9 6QR|07543404236|Account||||1|2025-03-10 12:29:31~25627|PIGEONS YBS|5|highflyerscouriers@gmail.com|admin|11|STEPHEN LLOYD|07733104417|DENBY - LON - Y FELIN|LLANFACHRAETH|ANGLESEY|LL654UU|TENNY TIPPERS   WELSH ELITE OLR|9A VICTORA SQ|ABERDARE||CF447LA|07723919167|Collection||admin||1|2025-03-10 12:29:31~25628|PIGEONS YBS ABERDEEN|6|highflyerscouriers@gmail.com|admin|13|STEPHEN LLOYD|07733104417|DENBY - LON - Y FELIN|LLANFACHRAETH|ANGLESEY|LL654UU|MORAY FIRTH OLR |BRANKUMLEYS|MARCH RD|BUCKIE|AB564DB|07422855167|Collection||admin||0|2025-03-10 10:38:04~25629|DOVES|10|highflyerscouriers@gmail.com|ADMIN|11|.|07732404886|40 SEATON LANE|HARTLEPOOL||TS251HG|.|WOOTTON MANOR|HIGHBICKINGTON|UMBERLEIGH|EX379BH|07583048666|Delivery|BANK PAYMENT from maris umboja 

PLEASE CHECK |admin||1|2025-03-10 12:29:31~25630|CONURES - 1 BOX|1|highflyerscouriers@gmail.com|admin|11|KHALLEEL|07926127146|420 HALLPACK DRIVE|||G432QS|NIAM RICHARDS|11 Snowdrop Mead|Highbridge|Somerset|TA94FG|07598205667|Collection||admin||1|2025-03-10 12:29:31~25631|PIGEONS YBS - WEEK 12|3|highflyerscouriers@gmail.com|admin|12|VICTOR COOPER|01324815440|38 DENNY ROAD|DENNYLOANHEAD||FK41RP|IAN FRADLEY|HOLLYWOOD FARM|CRACKEY GATES|STOKE ON TRENT|ST56AW|07849124640|Collection||admin||1|2025-03-12 21:45:49~25632|PIGEONS YBS|5|highflyerscouriers@gmail.com|admin|11|JULIAN HOLMES|07584498439|7 BEACON CROFT|SHEFFIELD||S91EG|NORTH WEST OLR|CHURCH STREET|NEWHEY|ROCHDALE|OL163QS|07800524721|Collection||admin||1|2025-03-10 12:29:31~25633|PIGEON|1|highflyerscouriers@gmail.com|admin|11|ADAM COCKROFT|07446846224|7 Tudor Court|Durham|County Durham|DH6 2RE|TONY COOMBS|17 LLYS LLEWELYN|LLANTWIT FARDRE|PONTYPRIDD|CF382HQ|07547490910|Delivery||admin||1|2025-03-10 12:29:31~25634|PIGEONS|2|highflyerscouriers@gmail.com|admin|11|ADAM SALT|07540704106|12 BELPER ROAD|ASHBOURNE|DERBYSHIRE|DE61BB|TONY COOMBS|17 LLYS LLEWELYN|LLANTWIT FARDRE|PONTYPRIDD|CF382HQ|07457490910|Delivery||admin||1|2025-03-10 12:29:31~25635|CONURES|2|highflyerscouriers@gmail.com|admin|11|ANDREW SEELEY|07958654158|1 Beard Road|Bury Saint Edmunds|Suffolk|IP32 6SA|JOESEPH CARRERA|6 Catherington Way|Havant|Hampshire|PO9 2BS|07510897269|Delivery||admin||1|2025-03-10 12:29:31~25636|CANARIES - 1 BOX|1|highflyerscouriers@gmail.com|admin|11|MARCO FRAGA|07950287197|41 Goldsmith Avenue|London||NW97HD|JOESEPH CARRERA|6 Catherington Way|||PO92BS|07510897269|Delivery||admin||1|2025-03-10 12:29:31~25637|PIGEON|1|highflyerscouriers@gmail.com|admin|11|CHRIS HOLLOWAY|07783077521|100 DUMBUCK RD|DUMBARTON||G823NA|MATT BRAZIL|STRETTON OLD RECTORY DRIVE|ASH|ALDERSHOT|GU126EX|07501122898|Delivery||admin||1|2025-03-10 12:29:31~25638|PIGEON|1|elimarbookings@gmail.com|ELIMAR 91375|11|MARK LYFORD|07805050909|40 ASHBY ROAD|SWADLINCOTE||DE126DJ|DUNCAN ELLIOTT|46 MILL ROAD |DEVIZES|WILTSHIRE|SN105SF|07980013638|Account|ELIMAR 91375|admin|GB22N38261|1|2025-03-10 12:30:23~25639|GOLD FINCH  - 1 BOX|13|highflyerscouriers@gmail.com|admin|11|CALLUM WILLIAMS|07715102165|11 Orchard Way|Chesterfield|Derbyshire|S45 9GZ|DANNY MARQUISS|9 WELLBECK COURT|WELLBECK AVE|HAYES|UB49EY|07462635422|Collection||admin||1|2025-03-10 12:30:23~25640|finches|10|ianow775@gmail.com||11|chris green|07760140128|10 foxwood lane|Bradwell grove,|Burford, oxford|OX18 4JH|ian offer|35-36 church road|ton pentre, pentre|R. C.T|CF 41 7EB|07548189048|Delivery|can birds be delivred between 9 to 4.50 as it is a shop, as we closes  at 5 pm.|||1|2025-03-10 12:30:23~25641|PIGEONS YBS  WEEK 12|6|highflyerscouriers@gmail.com|admin|12|GAVIN COWELL|07958682540|HILLGATE FARM|STATION RD |GEDNEY HILL, SPALDING|PE120NP|PAUL BATES|55 HEOL - Y - FELIN|NEATH||SA107SL|07709505992|Delivery||admin||0|2025-03-10 12:18:46~25642|PIGEON|1|elimarbookings@gmail.com|ELIMAR 91373|11|MARK LYFORD|07805050909|40 ASHBY ROAD|SWADLINCOTE||DE126DJ|TERRY MOORE|49 BRIERS RD |SITTINGBOURNE |KENT|ME101YJ|07950275605|Account|ELIMAR 91373|admin|GB16C32414|1|2025-03-10 12:30:23~25643|Doves|2|liambenz160@gmail.com||11|D Niederkorn|07541509809|Chapel cottage|Mill road|Banningham|NR117DT|Liam Benz|70 treclago view|70 treclago view|camelford|PL32 7AD|07813533303|Delivery||||1|2025-03-10 12:30:23~25644|PIGEONS|4|highflyerscouriers@gmail.com|admin|11|DARREN MAY |07511952556|MOONRAKER|NEWELLS LANE |WEST ASHLING|PO188DD|DEAN MCKEE|17 WOODLANDS TERRACE|EDLINGTON|DONCASTER|DN121LG|07538657427|Delivery||admin||1|2025-03-10 12:30:23~25645|PIGEONS|4|highflyerscouriers@gmail.com|admin|11|DARREN MAY |00000000000|MOONRAKER|||PO188DD|TIM SMITH|11 ROAWN GARTH|SKIDBY|EAST RIDING|HU165TT|07888891814|Delivery||admin||1|2025-03-10 12:30:23~25646|PIGEONS|4|highflyerscouriers@gmail.com|admin|11|DARREN MAY |00000000000|MOONRAKER|||PO188DD|JOHN MILLS|59 HEATHFIELD AVE |ST HELENS|MERSEYSIDE|WA95HW|07786306408|Delivery||admin||1|2025-03-10 12:30:23~25647|PIGEONS|4|highflyerscouriers@gmail.com|admin|11|DARREN MAY |00000000000|MOONRAKER|||PO188DD|BILLIE MACKIE|10 Orwell Close|South Shields|Tyne and Wear|NE34 9JT|07552752841|Delivery||admin||1|2025-03-10 12:30:23~25648|PIGEON|1|highflyerscouriers@gmail.com|admin|11|ADAM WEAPHALL|01214291282|138 HURST ROAD|SMETHWICK||B676NB|MICHAEL MIDDLEMISS|12 STEAD LANE|BEDLINGTON ||NE225LY|07516623893|Delivery||admin||1|2025-03-10 12:42:06~25649|doves|4|Joe.Small@jameshay.co.uk||11|joe small|07818114890|4 Saint Ursula's Close|Salisbury|Wiltshire|SP1 3FY|paul wilkins|Trefynon|sibsey|lincolnshire|PE22 0TN|07958000876|Delivery||||1|2025-03-10 12:54:03~25650|Pigeon|4|james.barron@jisc.ac.uk||12|Halle Budden|07572527715|23 Hillview Drive|Wirral, Merseyside|Upton|CH49 6JT|James Barron|1 The Paddock|Bicester|Somerton|OX25 6LL|07572527715|Delivery||||1|2025-03-12 21:43:58~25651|PIGEON|1|elimarbookings@gmail.com|ELIMAR 91273|11|GLYNN STONE|07812895581|3 UPPER HARTSHAY|NR BELPER|DERBYSHIRE|DE562HW|GEORGE RIMMER|12 MAX RD |LIVERPOOL||L144BH|01512284247|Account|ELIMAR 91273|admin| GB 24 D 64745|1|2025-03-10 12:58:29~25652|Pigeon|1|hbw.lofts@hotmail.com||11|Chris holloway|07546610774|100 Dumbuck Road|Dumbarton|West Dunbartonshire Council|G82 3NA|Kev spiers |2 Welwyn Road|Nottingham|Nottingham|NG8 2DD|07930155667|Delivery||||1|2025-03-10 13:31:03~25653|PIGEONS YBS|4|highflyerscouriers@gmail.com|admin|11|MR ARMSTRONG|07594217172|12 CHELMSFORD STREET||SUNDERLAND |SR31BJ|MR M GAITER|11 DRYLAND HOUSE|THE MEDWAY||RG30PJ|01189413664|Delivery||admin||1|2025-03-10 13:44:31~25654|PIGEONS YBS - WEEK 12|6|highflyerscouriers@gmail.com|admin|12|RICHARD TURNELL|07925035428|57 PENTON DRIVE|CHESANT|HERTS|EN89RT|PETER EVANS|1C CHURCH LANE|NORTH BRADLEY|TROWBRIDGE|BA140TF|07460226775|Delivery||admin||0|2025-03-10 13:48:40~25655|Amazon parrot |1|Sandwellbirds@outlook.com|Jay The Pet Shop |11|Jay|07742427787|The pet shop|32b Queen Street|Wolverhampton |WV1 3JW |Maryam Farzamara |Flat 3 northchapel country store  Northchapel Petworth|||GU28 9HL|07479075346|Account|Customer to pay driver &pound;650 cash on delivery. This includes delivery fee 

|||0|2025-03-10 14:44:21~25656|Reptile|2|bristolreptileemporium@hotmail.com||11|Oliver Reville|07862178488|12 Grove Road|Melton Constable|Norfolk|NR24 2DE|James golledge|Jarretts Garden Centre|Bristol|South Gloucestershire|BS30 6EE|07894542747|Delivery|2 x sand boas in 1 box.|||1|2025-03-10 15:02:47~25657|PIGEONS|1|elimarbookings@gmail.com|ELIMAR|11|GYNN STONE |07812895581|3 UPPER HARTSHAY|NR BELPER|DERBYSHIRE|DE562HW|RAYMOND PORTER|128 DEAN RD |CO DURHAM|...|DL178ES|07766327363|Account|ACCOUNT 
ELIMAR PAID
91271
GB24S00259|admin||1|2025-03-10 15:11:10~25658|REPTILE|1|highflyerscouriers@gmail.com|admin|11|DUDLEY PINSON |07967671931|3 THE STABLES |NORTON CANES |STAFFS|WS119UT|ALAN SMITH|9 GLENWOOD CLOSE|SWINDON|WILTS|SN14EB|07947514516|Account|PAID
490|admin||1|2025-03-10 15:11:10~25659|Conure Parrot|1|moe@parrotcaregroup.org||11|Parrot Care Group|07759912587|15 Northbourne Street|Newcastle upon Tyne|Tyne and Wear|NE4 6TA|JULIE HARDY|19 Old Farm Close|Haywards Heath|West Sussex|RH17 7GA|07488266268|Pickup||PaulM||1|2025-03-10 15:56:59~25660|PIGEONS|8|highflyerscouriers@gmail.com|admin|11|FARMAN|07415162223|15 B DEVONSHIRE RD |ATHERTON|MANCHESTER|M469WE|ALI|31 JAMES REID WAY|AYR|SCOTLAND |KA216FJ|07713325551|Delivery|&pound;65.00 COD|admin||0|2025-03-10 17:03:02~25661|PIGEON|1|highflyerscouriers@gmail.com|admin|11|CUSTOMER A|07950201534|SEAT HOUSE FM|BARROW IN FURNESS|CUMBRIA|LA141LN|BOB |LORETO|ROSEHILL RD |WALLSEND|NE286LD|07949004813|Delivery|&pound;55.00 COD|admin||1|2025-03-10 17:08:51~25662|Pigeon|2|alunmaull@aol.com||11|Alun Maull|07581204185|Maesycoed Cwmhwnt Rhigos Nr Aberdare|Maesycoed Cwmhwnt Rhigos Nr Aberdare|South Wales. CF44 9HX|CF44 9HX|D Adams|38 Saint Gregory's Road|Canterbury|Kent|CT1 1NU|01227455814|Delivery||||1|2025-03-10 17:50:16~25663|PIGEON|1|highflyerscouriers@gmail.com|admin|11|CHRIS HALLOWAY|07783077521|10 DUNBUCK RD |DUNBARTON|SCOTLAND |G823NA|MARK BAMBRIDGE |10 BROOMHILL WALK|KNOTTINGLEY |WEST YORKSHIRE |WF110DS|07917762411|Delivery|&pound;65.00 COD

SU24L11234|admin||1|2025-03-10 17:50:16~25664|FINCHES|1|highflyerscouriers@gmail.com|admin|11|RYAN|07979688801|FLAT 5 49 LISSON ST|LONDON|...|NW15DA|CUSTOMER B|45 VOEWOOD HOUSE|HALL STREET |VICTORIA PARK|SK14ES |07399464808|Delivery|&pound;60.00 COD |admin||1|2025-03-10 17:54:14~25665|REPTILE|1|highflyerscouriers@gmail.com|admin|11|ZOOLOGOICAL|07768765903|OAKWOOD|CORNWALL RD |BOWERS GIFFORD|SS132JZ|REPTILE |UNIT 10 FREEMANS PARC|PENARTH RD |CARDIFF |CF118EQ|07804044075|Collection|PAID |admin||1|2025-03-10 18:16:17~25666|REPTILE|1|highflyerscouriers@gmail.com|admin|11|ZOOLOGOICAL|00000000000|...|...|...|SS132JZ|COAST EXOTICS |122 -124 NORTH RD |DARLINGTON |N EAST |DL12EJ|07519325340|Account|PAID |admin||1|2025-03-10 18:16:17~25667|REPTILE|1|highflyerscouriers@gmail.com|admin|11|ZOOLOGOICAL|00000000000|..|..|..|SS132JZ|WOODHOUSE LANE |BOTLEY |SOUTHAMPTON |HAMPS |SO302EZ|07706791577|Account|PAID|admin||1|2025-03-10 18:16:17~25668|REPTILE|1|highflyerscouriers@gmail.com|admin|11|ZOOLOGOICAL|00000000000|...|...|...|SS132JZ|JAPINESE WATER DS|251 TOTON LANE |STABLEFORD  |NOTTINGHAM|NG97JA|07968419215|Delivery|PAID|admin||1|2025-03-10 18:16:17~25669|REPTILE|1|highflyerscouriers@gmail.com|admin|11|ZOOLOGOICAL|00000000000|...|...|...|SS132JZ|SOUTHERN AQUATICS|NORTHMEAD DRIVE |PARK STONE |....|BH....|07741243761|Account|PAID|admin||1|2025-03-10 18:16:17~25670|REPTILE|1|highflyerscouriers@gmail.com|admin|11|ZOOLOGOICAL|00000000000|...|....|...|SS132JZ|ADLINGTON PET CENTRE|52 MARKET STREET|ADINGTON|LANCASHIRE |PR74HF|01257480249|Account|PAID |admin||1|2025-03-10 18:16:17~25671|Pigeon|6|enquiries@tumleylofts.co.uk|Tumley Lofts|11|Tumley Lofts Stud|07969365322|Blackhill Lane|Beaworthy|Devon|EX21 5AA|David Brown|26 Kippielaw Drive|Dalkeith|Midlothian|EH22 4HT|07595326554|Account|Email: dave.brown@esksystems.co.uk

|||1|2025-03-10 18:21:48~25672|PIGEONS|1|highflyerscouriers@gmail.com|admin|11|STEFF BROWN|07546610774|100 DUNBOOK RD |DUNBUK|DUNDARTON|G823NA|MARK WALTON|7 ELM RD |GUISBOUGH|NORTH EAST |TS146JF|07980894550|Delivery|&pound;65.00 COD 

25SU....51|admin||1|2025-03-10 18:20:12~25673|pigeon|4|Wattssteve009@gmail.com||11|13 sunny bank|07845589823|fitzwilliam||pontefract|WF9 5DJ|Mr Jeremy Davies|Rye street|Malvern|Worcestershire|WR13 6AS|07739148679|Pickup||||1|2025-03-10 18:54:32~25674|PIGEONS YBS|16|highflyerscouriers@gmail.com|admin|11|JOHN SHORT |07950373113|31 COLTNESS AVE |ALLANTON |SCOTLAND |ML75AT|POP|SNOOKER|HOLLYWOOD LOFTS|STOKE|ST56AW|00000000000|Collection|&pound;73.00 COC - &pound;5 DISCOUNT 

&pound;68.00 COC|admin||1|2025-03-10 19:15:02~25675|PIGEON|1|highflyerscouriers@gmail.com|admin|11|MOSAN ALI |07983700897|ANDY COLBY   \\ALI | ...|....  |HU138JJ |CHRISTOS NTINOU|10 MELLERS CLOSE|SOUTHPORT|LANCS|PR86EN|07723021125|Delivery|&pound;55.00 COD 

WHU23E00264 

MR ALI BIRD|admin||1|2025-03-10 19:15:02~25676|PIGEONS YBS|6|highflyerscouriers@gmail.com|admin|11|GARY |07359453269|16A PITSOW GREEN LANE |TIBENHAM|NORWICH|NR161PX|SCOTT MORRISON |THE CAMBIR |48 C DALGRAIN RD |GRANGEMOUTH|FK38EL|07702157900|Delivery|&pound;65.00 COD|admin||1|2025-03-10 19:31:33~25677|Bourke |1|Lee@itsabirdsthing.co.uk|Its a Bird Thing|11|Lee|07962099830|90 Weggs Farm Road|Duston|Northampton|NN5 6HZ|Ian Crickett |16 Thorn Way|Felixstowe ||IP11 2LT|07513870258|Account||||1|2025-03-11 09:22:52~25678|Pigeons yb|4|juliespad14@aol.com||11|Shaun Saunders |07923518125|24 Sinodun Road|Didcot|Oxfordshire|OX11 8HN|Alan Mile |88 Sefton Avenue|Wisbech|Cambridgeshire|PE13 3QW|07787423681|Delivery||JulieB||1|2025-03-11 09:23:04~25679|2025 Young Birds |2|AshOak0922@outlook.com||12|Ashley|07909868873|71 Bark Road|Liverpool|Merseyside|L21 7QW|Errol |30 Toynbee Road|London|Greater London|SW20 8SS|07956870780|Delivery||||1|2025-03-12 21:09:44~25680|2025 Young Birds |2|AshOak0922@outlook.com||12|Ashley |07909868873|71 Bark Road|Liverpool|Merseyside|L21 7QW|Lee |64A Fibbersley|Willenhall|West Midlands|WV13 3AD|07378308289|Delivery||||1|2025-03-12 21:08:03~25681|Complete Indoor Set Up with One hermanns tortoise hatched 2024|2|iancrosby668@gmail.com|Tortoises 4 You|11|Tortoises4you|07375143987|15 Escott Court, Chilton street|Bridgwater|Somerset|TA6 3HU|Carla Griffiths|3 Heol Y Coed|Gwersyllt|Wrexham|LL11 4ET|07956272601|Account||||1|2025-03-11 09:33:52~25682|OB Pigeon|1|info@louella.co.uk|Louella|11|Louella Pigeon World|01530242255|Louella Farms|Copt Oak Road|Loughborough|LE129XL|Mr Radu|Far Westfield Farm|Moreton Morrell Lane|Lighthorne|CV35 9D8|07340250215|Account||||1|2025-03-11 09:34:08~25683|Tortoise - week 12|3|richard.mcneill79@virginmedia.com||12|Kirsty mahony|07951103633|233 colyer road|Northfleet||DA11 8AT|Richard mcneill|20 silverwood grove|Kilmarnock|East ayrshire|KA37FA|07501219334|Delivery|3 tortoises in 1 box and 'm in a new build house and doesn't show up on satnav, but if driver uses this postcode I'm just off here KA3 7SZ  and can call me if gets stuck thanks|||0|2025-03-11 09:51:43~25684|PIGEON|1|highflyerscouriers@gmail.com|admin|11|FENWORLD VETEINARY PRACTICE|01507478182|110 HIGH ST|MABLETHORPE||LN121BG|TOM LAMB|EAST FLEETHAM FARM|SEAHOUSES|NORTHUMBLAND |NE687UX|07572787795|Delivery|NEHU24Z5001|admin||1|2025-03-11 09:42:13~25685|Pigeons ybs|6|janenield61@hotmail.com||11|Lee Qwen|07841106756|31. California Close|Warrington ||WA58WU|John Cooper |69. Sandringham Road |Redcar||TS101ER|07790572304|Collection||Jane ||1|2025-03-11 09:53:32~25686|Tortoise |1|sales@wiltonpets.co.uk|Wilton Pets|11|Jack or Olivia|01268726216|95-97 Pound Lane |Wilton Pet Centre|Bowers Gifford|SS13 2HN|Marian Chappenden|8 Selborne Close|Longfield|Kent|DA3 7HQ|01474706570|Account|||677|1|2025-03-11 10:23:16~25687|Hamster - WEEK 12|3|owetegcor@googlemail.com||12|Dani|07380746400|23 Heol Llansantffraid|Bridgend|Pen-y-bont ar Ogwr|CF32 9NH|Lisa|10 Ash Close|Wells|Somerset|BA5 2QR|07544378858|Delivery|2 cages included
1 carrier required|||0|2025-03-11 10:53:50~25688|PIGEONS YBS - WEEK 12|60|highflyerscouriers@gmail.com|admin|12|MIKE PARKER - NEEDS 12 SQUEAKER BOXES|07877507129|18 EWENNY RD |MYSTAAG||CF349TR|MR SCOTT RUSSELL|BONNYSIDE ENGINEERING|BONNYSIDE ROAD|BONNY BRIDGE|FK42AG|07719123144|Delivery|COD &pound;151|admin||0|2025-03-11 10:37:00~25689|FINCHES|3|highflyerscouriers@gmail.com|admin|12|MR C BANERJEE - WORKS AS A GP SO NEEDS PICK UP BEFORE 7;30AM|07921829981|100 CHAIN LANE|LITTLEOVER|DERBY|DE234EB|MR JACOBS|43 PRINCES AVENUE|||N136HA|07377147010|Delivery||admin||0|2025-03-11 13:25:47~25690|PIGEONS YBS - WEEK 12|6|highflyerscouriers@gmail.com|admin|12|K. GILLAM|07733416737|8 KINGS WALK|SANDERSTEAD|CROYDON|CR29BS|.|18 RYDAL DRIVE|FLANSHAW|WAKEFIELD|WF29HL|01924366297|Collection||admin||0|2025-03-11 11:11:30~25691|Pigeons|6|james@wishingwelldoves.co.uk||11|Jim Mullan|07713359386|317 Main Road|Ipswich|Suffolk|IP5 2PT|Jane Harley|Eastern Cottage|Mill Plain, New Road| Ringmer, East Sussex|BN8 5UG|07545904565|Pickup|I can pay by bank transfer as I normally do if it's easier. Jim|admin||1|2025-03-11 11:22:41~25692|PIGEONS YBS|2|highflyerscouriers@gmail.com|admin|11|SHAUN CROCKER|00000000000|.|.|.|PLYMOUTH|DAMIEN HUGHES |16 NANTHIR RD |BLAENGARW|BRIDGEND|CF328BL|07476809490|Collection||admin||1|2025-03-11 11:16:06~25693|PIGEONS YBS|2|highflyerscouriers@gmail.com|admin|11|SHAUN CROCKER|00000000000|..|..||PLYMOUTH|KENNY NESBITT|37 THE LANES|DARLINGTON||DL22BF|07544880840|Collection||admin||1|2025-03-11 11:16:06~25694|PIGEONS YBS|6|highflyerscouriers@gmail.com|admin|11|SHAUN CROCKER|00000000000|.|.|.|PLYMOUTH|DAVE BOULTON|1 WREKIN CLOSE|KIDDERMINSTER||DY117BX|07720627171|Collection||admin||1|2025-03-11 11:16:06~25695|PIGEON|1|highflyerscouriers@gmail.com|admin|11|KEVIN SMITH|07986161451|71 AVONDALE RD|WIDNES||WA87XD|PHIL KENT|53 SOLLY CRES |BLAH|BLAH|BLAH|00000000000|Delivery|GB19F20273|admin||1|2025-03-11 11:18:26~25696|PIGEONS YBS (6) &amp; OBS (6) - WEEK 12|12|highflyerscouriers@gmail.com|admin|12|MR PHIL NICHOLLS|01584872192|62 GREENACRES|LUDLOW|SHROPSHIRE|SY81LZ|ERIC HALL|12 VALE HOUSE|LANSDOWN GARDENS|NEWCASTLE ON TYNE|NE21HF|01912819993|Delivery||admin||0|2025-03-11 11:39:09~25697|Pigeon|1|mattmunz@hotmail.co.uk||11|Derrick Nichols |07725238211|Journeys End Stables|Hensol||CF72 8JY|Matthew Munslow|66 Elmdon Lane|Marston green |Birmingham|B37 7EQ|07301549465|Delivery||||1|2025-03-11 11:55:02~25698|Pigeon|15|hamidrooky6@gmail.com||12|Mihai|07841420535|24 Stifford Clays Road|Grays|Thurrock|RM16 2DU|Hamid|76 Birdwell Drive|Warrington|Warrington|WA5 1XB|07939013784|Delivery|Need to know the confirmation today so that i can mange the other side. And will i be charged if i add 2or3more bird on the top if 12?|||0|2025-03-11 12:22:49~25699|PIGEONS |6|highflyerscouriers@gmail.com|admin|12|MR DIAMOND CARSON|07813265311|11 MOUNT PLEASANT |BANDBRIDGE|CO. DOWN|BT324DD|GAIL (WELSH HOMING)|1A LLANWONNO RD|STANLEYTOWN|FERNDALE|CF433HA|07926037234|Delivery||admin||1|2025-03-11 16:39:27~25700|Pigeon (young birds) - WEEK 12|16|svelte.wolf@gmail.com||12|Rab Davis|00780827423|18 Castleford Walk|Manchester|Greater Manchester|M21 7UL|Paul Daly|342 Kildare Road|Dublin 12|undefined|D12 A89K|00353086215|Delivery|Hi there,

I need 16 young  birds to be collected between the 18th and the 20th of March from Mr Rab Davis, 18 Castle Ford walk, Chorlton, Manchester, M21 7UL.
His Phone number is 0044 7808274723.

Could you please confirm ASAP when the birds will be collected and when and where we can pick them up from you in Northern Ireland. 

Kind regards
Paul 
00353 862150310 or 00353 0876254897|||0|2025-03-11 12:59:11~25701|PIGEONS|2|highflyerscouriers@gmail.com|admin|11|TONY BRISTOL|00000000000|.|.||BS309AD|.|191A NAGSHEAD RD|||EN37AD|07449823428|Delivery||admin||1|2025-03-11 12:58:54~25702|Pigeons ybs - WEEK 12|7|janenield61@hotmail.com||12|Mark|07729666402|44. Cheriton Avenue |Adwick le Street |Doncaster |DN67BT|Mr. Davis|Kings Meadow ( house name)|Henllan|LLandydsal|SA445TG|07818040408|Delivery||Jane ||0|2025-03-11 14:02:03~25703|Pigeons ybs - WEEK 12|6|janenield61@hotmail.com||12|Bob Langrish|07831775983|14. Chorley Road |Whittle le Woods|Lancs|PR67LB|Mr Dark|199. Downs Road |Warmer|Deal|CT147TL|07541091435|Collection||Jane ||0|2025-03-11 14:01:49~25704|Parrotlet|1|Sandwellbirds@outlook.com|Jay The Pet Shop |11|Jay|07742427787|The pet shop|32b Queen Street|Wolverhampton |WV1 3JW |Gemma|11 Hewitt Avenue  Hollycarside|||SR2 0DP|07594951405|Account|

|||1|2025-03-11 14:02:33~25705|pigeon  WEEK 12|1|grahamfoster94@yahoo.com||12|peter fox|07836334954|Ty Mawr Cottage|tal y bont|talybont bangor|LL573UR|ian fradley|hollywood farm|hollywood farm|lysett|ST56AW|07849214640|Delivery|Please pick up Wednesday 19th march.
 many thanks|||0|2025-03-11 15:21:00~25706|pigeon - WEEK 12|1|highflyerscouriers@gmail.com|admin|12|PAUL STOWEELL  |07802883699|SORRISO |FARLEIGH RD|CILDDESDEN|RG252JL|TONY COOMBS|17 LLYS LLEWELYN|LLANTWIT FARDRE||CF382HQ|07457490910|Delivery||admin||0|2025-03-11 15:25:47~25707|PIGEONS YBS|3|highflyerscouriers@gmail.com|admin|11|WADE DAVIES |07794430038|SHROPSHIRE OLR|...|...|DY149NZ|M MCGEE|IRELAND |IRELAND |IRELAND|BT88|00000000000|Delivery|&pound;120.00 COD|admin||1|2025-03-11 16:37:16~25708|REPTILE|1|highflyerscouriers@gmail.com|admin|11|DUDLEY PINSON |07967671931|3 THE STABLES |NORTON CANES|STAFFS|WS119UT|AGSHIN CARASPIN|FLAT 17 OAKBANK|WATLING STREET|RADLIT |WD77JG|07565252425|Account|PAID |admin||1|2025-03-11 16:44:08~25709|pigeon |1|pigeonsofoxford@gmail.com||12|Michael Middlemiss|07516623893|12 Stead Lane|Bedlington|Northumberland|NE22 5LY|Mark O'Brien|24 Lambton Close|Oxford|Oxfordshire|OX4 2PS|07706017515|Delivery|thanks again gang see you soon tvm|||0|2025-03-11 16:50:20~25710|Pigeon|1|mattmunz@hotmail.co.uk||11|Matt munslow |07301549465|66 elmdon lane|Marston green|Birmingham |B377EQ|Duncan eliott|46 mill rd  |Wiltshire||SN105SF|07980013638|Pickup||||1|2025-03-11 21:24:56~25711|pigeon|2|steve29366@sky.com||12|CHRIS HOLLOWAY|07783077521|100 DUMBUCK ROAD|DUMBARTON|SCOTLAND|G82 3NA|steven john tilley|7 Magwitch Close, |Rochester|Kent|ME1 1RU|07957164392|Delivery|SU24L11261 &amp; SU24L11289|||0|2025-03-11 19:31:29~25712|Weavers |6|lisastewart69@talktalk.net||12|Lisa Clingan |07813756318|25 Spire View |Sleaford |Lincolnshire |NG34 7RN |Nick Ash|Stoke Beara|Stoke Rivers|Barnstaple Devon |EX32 7LF|07779029003|Pickup||||0|2025-03-11 21:26:32~25713|Budgies|10|grahamwallbutton18@gmail.com||12|Graham Wallbutton|07727264500|23, Dennis Road|Liskeard|Cwll|PL143NS|David Baker|7, Aultone Way|Sutton||SM13LD|07493111984|Pickup||||0|2025-03-12 07:35:19~25714|Tortoise |1|llivings2409@gmail.com||12|Stephen graffham|07833087329|10 Firs Road|West mersea|Colchester|CO58JS|Lisa Livings|8C Forrester Park Avenue|Edinburgh|Edinburgh|EH12 9AH|07473987810|Delivery|Breeder will package tprtoise with a 40 hour heat pack. It may need changing if the external temp drops too much. 

Please give him as much notice as possible for collection as he works 20 mins away from home so can be sure to be there |||0|2025-03-12 09:41:18~25715|Chicken|3|drummondspc@yahoo.co.uk||12|Linda Fletcher|07769347294|Siddalfold Farm|Manchester Road|Heywood|OL102QB|Phil Overton|Pickhurst|Pickhurst Road|Chiddingfold |GU84TG|07961416748|Delivery|24hr Security on site please call 15-30mins before arrival |||0|2025-03-12 12:08:29~25716|Fancy pigeons|16|lloydjb@hotmail.co.uk||12|John|07708142573|16 Eversley Way|Folkstone||CT20 3QP|Lloyd|24 Garry Place|Grangemouth||FK3 0HU|07534471921|Delivery||||0|2025-03-12 12:17:39~25717|Pigeons ybs|7|janenield61@hotmail.com||12|Martin Bradley|07818550371|93. Ashley Road|South Shields||NE340PQ|J. Davies|UK premier |One loft||WR136AS|07739148679|Collection||Jane ||0|2025-03-12 13:41:45~25718|Pigeons ybs|12|janenield61@hotmail.com||12|Mrs Walker |01274662567|248 Dick Lane |Bradford||BD38QD|Tony Dye|The Willows|Edith Mead|High Bridge|TA94HB|07943300976|Delivery||Jane ||0|2025-03-12 13:49:21~25719|Reptile |1|slitherinreptiles@outlook.com||12|Slitherin Reptiles Ltd |07708944692|The Springboard CentreBusiness CentreMantle Lane|Coalville|Leicestershire|LE67 3DW|Emma&rsquo;s Pet Fair |5 Merchant Street|Peterhead|Aberdeenshire|AB42 1BU|07588855276|Delivery|Collection from Slitherin only during shop opening hours 8:30am-5:00pm 

Delivery to Emmas Pet Fair shop opening hours 10:00am-5:00pm 

|||0|2025-03-12 13:54:48~25720|Pigeons ob|5|juliespad14@aol.com||12|Eddie Faulkner|01132282892|5 Ramshead Approach|Leeds|West Yorkshire|LS14 1HH|Brian Peet |Hazlewood|81 Roods|Kirriemuir Muir , Angus|DD8 4HQ|07964542469|Delivery||JulieB||0|2025-03-12 14:39:17~25721|Pigeons ob|2|juliespad14@aol.com||12|Eddie Faulkner|01132282892|5 Ramshead Approach|Leeds|West Yorkshire|LS14 1HH|Brian Hickman|43 Tennison Road |Dudley|West Midlands|DY3 3BH|01902663775|Delivery||JulieB||0|2025-03-12 14:42:21~25722|Pigeon|2|dbell365@aol.com||12|David Bell|07764709237|Greenacres |Sneckyeat Road|Whitehaven Cumbria|CA288JQ|OLR Pride of the potteries|Hollywood farm|Hollywood lane|Leycett|ST56AW|07849214640|Pickup||||0|2025-03-12 14:43:28~25723|Pigeons ob|2|juliespad14@aol.com||12|Eddie Faulkner|01132282892|5 Ramshead Approach|Leeds|West Yorkshire|LS14 1HH|Paul Snelgrove|2 Nant-Y-Croft|Ebbw Vale|Gwent|NP23 5BY|07582254331|Delivery||JulieB||0|2025-03-12 14:48:59~25724|Conures |2|juliespad14@aol.com||12|J Edwards|07930586100|2 Grange Park Ave|Bedlington||NE22 7EF|Glyn Froggott|3 Clos-y-onnen|Kidwelly |Carmarthenshire |SA17 4ST|07508002066|Delivery||JulieB||0|2025-03-12 14:55:31~25725|Pigeons yb|4|juliespad14@aol.com||12|Jim Robinson|07979006353|28 Beech Grove|Trimdon Station|County Durham|TS29 6BQ|Trevor Cox|3 Pound Lane|Buckingham|Buckinghamshire|MK18 4LX|01280848206|Delivery||JulieB||0|2025-03-12 14:58:05~25726|Pigeon|1|juliespad14@aol.com||12|Chris Holloway |07783077521|100 Dumbuck Road|Dumbarton|West Dunbartonshire Council|G82 3NA|Scott|13 Townfield Lane|Hebden Bridge|West Yorkshire|HX7 7NR|07308129409|Delivery||JulieB||0|2025-03-12 15:00:06~25727|Pigeons|4|intorsura_aurel_2006@yahoo.com||12|Aurel intorsura|07465204742|34 Dovewells Drive|Brechin|Angus|DD9 6BW|Jeremy Davies|Pigeon house |Malvern|Worcestershire|WR13 6AS|07739148679|Pickup||||0|2025-03-12 16:38:24~25728|Canaries|5|juliespad14@aol.com||12|Unit 1|07894915497|Unit 1 Wright Street|Netherfield|Nottingham |NG4 2PG|Joseph, VW Office, Valet Area|Tremaine Road|Bridgend||CF31 1TZ|07402463463|Delivery||JulieB||0|2025-03-12 17:06:38~25729| RAINBOW LORIKEET PARROTS|2|moe@parrotcaregroup.org||12|David Fawcett|07708434727|31 Churchill Avenue|Bourne|Lincolnshire|PE10 9QA|Moe|15 Northbourne Street|Newcastle upon Tyne|Tyne and Wear|NE4 6TA|07759912587|Delivery||||0|2025-03-12 17:32:53~25730|Chicken |1|pippanicol@hotmail.co.uk||12|Sharon|07801628712|Bath Road|Cheltenham|Gloucestershire|GL53 7LD|Pippa nicol|Wonham Way |Guildford |Peaslake |GU5 9PA |07801628712|Delivery|Please can I have a quote for this? 
Thank you |||0|2025-03-12 18:19:25~25731|PIGEON|1|highflyerscouriers@gmail.com|admin|12|cae ffridd nebo|07970134822|CAERNAFON|GWYNEDD|N WALES |LL546EN|NOEMAR|TREWITHIAN DOWNS |CAMBOURNE|CORNWALL|TR140PU|01209715828|Delivery|&pound;60.00 COD 
GB23N57598|admin||0|2025-03-12 21:13:15~25732|PIGEONS|7|elimarbookings@gmail.com|ELIMAR|12|ADRIAN HICKS|07543404236|LYNDHURST  |ST COUMBS RD |CORNWALL|TR96QR|BILL GREEN|74 ADLAM RD |LIVERPOOL|MERSEYSIDE|L101LQ|07804831303|Account|ELIMAR PAID
91403
7 YBS|admin||0|2025-03-12 21:16:02~25733|PIGEONS|1|elimarbookings@gmail.com|ELIMAR|12|ADAM OHARA|07583207917|22 DOVER RD |LIVERPOOL|MERSEYSIDE|L315JH|JACK LAIDLER|26 RUPERT ST|SUNDERLAND |T AND W |SR67AZ|07952185838|Account|ELIMAR PAID
91318
NEHU22NY2576|admin||0|2025-03-12 21:18:39~25734|PIGEONS|1|elimarbookings@gmail.com|ELIMAR|12|NEIL HOPKINS |07834845554|8 MEADOW BANK RD |BOLTON |LANCS |BL33SA|ERIC MARK HODGSON|7 MASON TERR |FLIMBY|MARYPORT|CA158QT|07717180148|Account|ELIMAR PAID 
31310
GB25V|admin||0|2025-03-12 21:22:08~25735|PIGEONS|2|elimarbookings@gmail.com|ELIMAR|12|MARK LYFORD|07805050909|40 ASHBY RD |SWADLINCOTE|DERBYSHIRE|DE126DJ|SCOTT CUNNINGHAM|13 TOWNSFIELD |HEBDON BRIDGE |WEST YORKS|HX77NR|07308129409|Account|ELIMAR PAID
91357
GB23N65210
GB23N61363|admin||0|2025-03-12 21:25:11~25736|PIGEONS|1|elimarbookings@gmail.com|ELIMAR|12|MARK LYFORD|07805050909|40 ASHBY ROAD|SWADLINCOE|DERBYSHIRE|DE126DJ|ROBERT WOOD |8 LLOYDS TERR|DUNSCROFT|DONCASTER|DN74EL|07908512560|Account|ELIMAR PAID 
91355
DV1606348 930|admin||0|2025-03-12 21:27:55~25737|PIGEONS|1|highflyerscouriers@gmail.com|admin|12|OSMAN|07923617054|62 ELBA STREET |AYR |SCOTLAND |KA80DG|CELAL AKGUL|28 GUILDFORD|BECKTON |LONDON|E65QS|07415795354|Delivery|&pound;60.00 COD|admin||0|2025-03-12 21:31:19~25738|PIGEONS YBS|7|highflyerscouriers@gmail.com|admin|12|MARTIN BRADLEY |07818550371|93 ASHLEY RD |SOUTH SHIELDS|N EAST|NE340PQ|J DAVIES |UK PREMIER OLR|BIRTSMORTON|WORCS|WR136AS|07739148679|Delivery|&pound;60.00 COC|admin||0|2025-03-12 21:33:39~25739|PIGEONS YBS|6|highflyerscouriers@gmail.com|admin|14|CUSTOMER A|00000000000|5 WRIGHT RD |UPPER RISSINGTON|CHELTENHAM|GL542NP|WDW|PLAINS LANE |DERBYSIRE|...|DE562DD|00000000000|Collection|&pound;50.00 COC|admin||0|2025-03-12 21:41:04~25740|PIGEONS YBS|4|highflyerscouriers@gmail.com|admin|14|CUSTOMER A|00000000000|5 WRIGHT RD |UPPER RISSINGTON|CHELTENHAM|GL542NP|SNOOKER|POP LOFTS|STOKE ON TRENT |STAFFS|ST56AW|00000000000|Collection|&pound;50.00 COC|admin||0|2025-03-12 21:40:52~25741|Pigeons|2|juliespad14@aol.com||12|Customer A |07405635820|189 Blackhill Avenue|Wallsend|Tyne and Wear|NE28 9XR|Customer B|38 Cherwell Drive|Oxford|Oxfordshire|OX3 0LZ|07435260470|Delivery||JulieB||0|2025-03-12 22:40:55~