[2023-01-17T00:34:01.415750+01:00] logger.ERROR: Doctrine Error ["An exception occurred in the driver: SQLSTATE[HY000] [1045] Access denied for user 'root'@'localhost' (using password: YES)"] []
[2023-01-17T00:34:17.987596+01:00] logger.ERROR: Doctrine Error ["An exception occurred in the driver: SQLSTATE[HY000] [1045] Access denied for user 'root'@'localhost' (using password: YES)"] []
[2023-01-17T00:34:53.238345+01:00] logger.ERROR: Doctrine Error ["An exception occurred in the driver: SQLSTATE[HY000] [1045] Access denied for user 'root'@'localhost' (using password: YES)"] []
[2023-01-17T00:37:17.707079+01:00] logger.ERROR: Doctrine Error ["An exception occurred in the driver: SQLSTATE[HY000] [1045] Access denied for user 'user'@'localhost' (using password: YES)"] []
[2023-01-17T00:55:21.656120+01:00] logger.ERROR: Doctrine Error ["An exception occurred in the driver: SQLSTATE[HY000] [1045] Access denied for user 'root'@'localhost' (using password: YES)"] []
[2023-01-17T00:55:38.768413+01:00] logger.ERROR: Doctrine Error ["An exception occurred in the driver: SQLSTATE[HY000] [1045] Access denied for user 'root'@'localhost' (using password: YES)"] []
[2023-01-17T01:10:36.367506+01:00] logger.ERROR: Doctrine Error ["An exception occurred in the driver: SQLSTATE[HY000] [1045] Access denied for user 'root'@'localhost' (using password: YES)"] []
[2023-01-17T01:11:55.375904+01:00] logger.ERROR: Doctrine Error ["An exception occurred in the driver: SQLSTATE[HY000] [1045] Access denied for user 'root'@'localhost' (using password: YES)"] []
[2023-01-17T01:15:21.473271+01:00] logger.ERROR: Doctrine Error ["An exception occurred in the driver: SQLSTATE[HY000] [1045] Access denied for user 'root'@'localhost' (using password: YES)"] []
[2023-01-17T01:16:26.945817+01:00] logger.NOTICE: User Authentication ["telemetry_user"] []
[2023-01-17T01:18:07.138846+01:00] logger.NOTICE: User Authentication ["telemetry_user"] []
[2023-01-17T01:18:21.070419+01:00] logger.NOTICE: User Authentication ["telemetry_user"] []
[2023-01-17T01:20:33.396033+01:00] logger.NOTICE: User Authentication ["telemetry_user"] []
[2023-01-17T01:31:19.159218+01:00] logger.NOTICE: User Authentication ["telemetry_user"] []
[2023-01-17T01:35:09.344947+01:00] logger.NOTICE: User Authentication ["telemetry_user"] []
[2023-01-17T01:38:31.281327+01:00] logger.NOTICE: User Authentication ["telemetry_user"] []
[2023-01-17T01:38:44.634010+01:00] logger.NOTICE: User Authentication ["telemetry_user"] []
[2023-01-17T02:56:55.739771+01:00] logger.NOTICE: User Authentication ["telemetry_user"] []
[2023-01-17T03:08:02.305339+01:00] logger.NOTICE: User Authentication ["telemetry_user"] []
[2023-01-17T03:27:15.786364+01:00] logger.NOTICE: User Authentication ["telemetry_user"] []
[2023-01-18T06:24:13.369435+01:00] logger.NOTICE: User Authentication ["telemetry_user"] []
[2023-01-18T07:34:20.590580+01:00] logger.NOTICE: User Authentication ["telemetry_user"] []
[2023-01-18T07:40:50.529466+01:00] logger.NOTICE: User Authentication ["telemetry_user"] []
[2023-01-18T07:41:59.550724+01:00] logger.NOTICE: User Authentication ["telemetry_user"] []
[2023-01-18T07:42:08.450376+01:00] logger.NOTICE: User Authentication ["telemetry_user"] []
[2023-01-18T20:59:42.768973+01:00] logger.NOTICE: User Authentication ["telemetry_user"] []
[2023-01-18T21:22:01.573013+01:00] logger.NOTICE: User Authentication ["telemetry_user"] []
[2023-01-18T21:52:45.620052+01:00] logger.NOTICE: User Authentication ["telemetry_user"] []
[2023-01-18T21:53:22.149047+01:00] logger.NOTICE: User Authentication ["telemetry_user"] []
[2023-01-19T01:21:03.452511+01:00] logger.NOTICE: User Authentication ["telemetry_user"] []
[2023-01-19T01:49:14.021785+01:00] logger.ERROR: Doctrine Error ["An exception occurred while executing a query: SQLSTATE[23000]: Integrity constraint violation: 1048 Column 'animal_type' cannot be null"] []
[2023-01-19T01:52:12.304982+01:00] logger.ERROR: Doctrine Error ["An exception occurred while executing a query: SQLSTATE[23000]: Integrity constraint violation: 1048 Column 'animal_type' cannot be null"] []
[2023-01-19T02:03:39.988992+01:00] logger.ERROR: Doctrine Error ["An exception occurred while executing a query: SQLSTATE[23000]: Integrity constraint violation: 1048 Column 'animal_type' cannot be null"] []
[2023-01-19T05:56:54.609365+01:00] logger.ERROR: Doctrine Error ["An exception occurred while executing a query: SQLSTATE[23000]: Integrity constraint violation: 1048 Column 'delivery_phone_number' cannot be null"] []
[2023-01-19T05:57:34.215561+01:00] logger.ERROR: Doctrine Error ["An exception occurred while executing a query: SQLSTATE[23000]: Integrity constraint violation: 1048 Column 'delivery_phone_number' cannot be null"] []
[2023-01-19T05:59:21.138552+01:00] logger.ERROR: Doctrine Error ["An exception occurred while executing a query: SQLSTATE[23000]: Integrity constraint violation: 1048 Column 'delivery_phone_number' cannot be null"] []
[2023-01-19T06:00:01.475887+01:00] logger.ERROR: Doctrine Error ["An exception occurred while executing a query: SQLSTATE[23000]: Integrity constraint violation: 1048 Column 'delivery_phone_number' cannot be null"] []
[2023-01-19T06:05:35.687606+01:00] logger.ERROR: Doctrine Error ["An exception occurred while executing a query: SQLSTATE[23000]: Integrity constraint violation: 1048 Column 'delivery_phone_number' cannot be null"] []
[2023-01-19T06:06:00.016068+01:00] logger.ERROR: Doctrine Error ["An exception occurred while executing a query: SQLSTATE[23000]: Integrity constraint violation: 1048 Column 'delivery_phone_number' cannot be null"] []
[2023-01-19T06:06:32.497879+01:00] logger.ERROR: Doctrine Error ["An exception occurred while executing a query: SQLSTATE[23000]: Integrity constraint violation: 1048 Column 'delivery_phone_number' cannot be null"] []
[2023-01-19T06:07:18.603994+01:00] logger.ERROR: Doctrine Error ["An exception occurred while executing a query: SQLSTATE[23000]: Integrity constraint violation: 1048 Column 'delivery_phone_number' cannot be null"] []
[2023-01-19T06:08:16.701030+01:00] logger.ERROR: Doctrine Error ["An exception occurred while executing a query: SQLSTATE[23000]: Integrity constraint violation: 1048 Column 'delivery_phone_number' cannot be null"] []
[2023-01-19T06:09:18.188499+01:00] logger.ERROR: Doctrine Error ["An exception occurred while executing a query: SQLSTATE[23000]: Integrity constraint violation: 1048 Column 'delivery_phone_number' cannot be null"] []
[2023-01-19T06:09:55.516608+01:00] logger.ERROR: Doctrine Error ["An exception occurred while executing a query: SQLSTATE[23000]: Integrity constraint violation: 1048 Column 'delivery_phone_number' cannot be null"] []
[2023-01-19T06:33:59.544270+01:00] logger.NOTICE: User Authentication ["telemetry_user"] []
[2023-01-19T06:53:06.469764+01:00] logger.ERROR: Doctrine Error ["An exception occurred while executing a query: SQLSTATE[42000]: Syntax error or access violation: 1064 You have an error in your SQL syntax; check the manual that corresponds to your MariaDB server version for the right syntax to use near 'id DESC' at line 1"] []
[2023-01-19T06:53:56.401141+01:00] logger.ERROR: Doctrine Error ["An exception occurred while executing a query: SQLSTATE[42S22]: Column not found: 1054 Unknown column 'o' in 'field list'"] []
[2023-01-19T07:43:10.697046+01:00] logger.NOTICE: User Authentication ["telemetry_user"] []
[2023-01-19T07:43:50.192188+01:00] logger.NOTICE: User Authentication ["telemetry_user"] []
[2023-01-19T07:50:20.643070+01:00] logger.NOTICE: User Authentication ["telemetry_user"] []
[2023-01-20T01:20:58.675313+01:00] logger.NOTICE: User Authentication ["telemetry_user"] []
[2023-01-20T01:26:40.142876+01:00] logger.NOTICE: User Authentication ["telemetry_user"] []
[2023-01-20T07:20:24.619989+01:00] logger.ERROR: Doctrine Error ["An exception occurred while executing a query: SQLSTATE[23000]: Integrity constraint violation: 1048 Column 'email' cannot be null"] []
[2023-01-20T07:21:32.222640+01:00] logger.ERROR: Doctrine Error ["An exception occurred while executing a query: SQLSTATE[23000]: Integrity constraint violation: 1048 Column 'email' cannot be null"] []
[2023-01-20T07:21:38.599350+01:00] logger.ERROR: Doctrine Error ["An exception occurred while executing a query: SQLSTATE[23000]: Integrity constraint violation: 1048 Column 'email' cannot be null"] []
[2023-01-20T07:22:02.872247+01:00] logger.ERROR: Doctrine Error ["An exception occurred while executing a query: SQLSTATE[23000]: Integrity constraint violation: 1048 Column 'email' cannot be null"] []
[2023-01-20T07:22:21.858180+01:00] logger.ERROR: Doctrine Error ["An exception occurred while executing a query: SQLSTATE[23000]: Integrity constraint violation: 1048 Column 'email' cannot be null"] []
[2023-01-20T07:22:29.343567+01:00] logger.ERROR: Doctrine Error ["An exception occurred while executing a query: SQLSTATE[23000]: Integrity constraint violation: 1048 Column 'email' cannot be null"] []
[2023-01-20T07:22:56.194222+01:00] logger.ERROR: Doctrine Error ["An exception occurred while executing a query: SQLSTATE[23000]: Integrity constraint violation: 1048 Column 'email' cannot be null"] []
[2023-01-20T07:23:08.380379+01:00] logger.ERROR: Doctrine Error ["An exception occurred while executing a query: SQLSTATE[23000]: Integrity constraint violation: 1048 Column 'email' cannot be null"] []
[2023-01-20T07:24:04.567501+01:00] logger.ERROR: Doctrine Error ["An exception occurred while executing a query: SQLSTATE[23000]: Integrity constraint violation: 1048 Column 'email' cannot be null"] []
[2023-01-20T07:24:10.730070+01:00] logger.ERROR: Doctrine Error ["An exception occurred while executing a query: SQLSTATE[23000]: Integrity constraint violation: 1048 Column 'delivery_phone_number' cannot be null"] []
[2023-01-20T07:24:30.266959+01:00] logger.ERROR: Doctrine Error ["An exception occurred while executing a query: SQLSTATE[23000]: Integrity constraint violation: 1048 Column 'delivery_phone_number' cannot be null"] []
[2023-01-20T07:27:23.318822+01:00] logger.ERROR: Doctrine Error ["An exception occurred while executing a query: SQLSTATE[42S22]: Column not found: 1054 Unknown column 'email' in 'field list'"] []
[2023-01-20T07:27:58.066680+01:00] logger.NOTICE: User Authentication ["telemetry_user"] []
[2023-01-20T07:29:11.609437+01:00] logger.ERROR: Doctrine Error ["An exception occurred while executing a query: SQLSTATE[42S22]: Column not found: 1054 Unknown column 'email' in 'field list'"] []
[2023-01-20T07:30:48.013241+01:00] logger.ERROR: Doctrine Error ["An exception occurred while executing a query: SQLSTATE[42S22]: Column not found: 1054 Unknown column 'email' in 'field list'"] []
[2023-01-20T07:31:56.746660+01:00] logger.NOTICE: User Authentication ["telemetry_user"] []
[2023-01-20T07:32:56.740399+01:00] logger.NOTICE: User Authentication ["telemetry_user"] []
[2023-01-20T07:36:49.326750+01:00] logger.NOTICE: User Authentication ["telemetry_user"] []
[2023-01-20T07:39:11.432063+01:00] logger.NOTICE: User Authentication ["telemetry_user"] []
[2023-01-20T07:46:00.434889+01:00] logger.NOTICE: User Authentication ["telemetry_user"] []
[2023-01-20T07:46:15.821268+01:00] logger.NOTICE: User Authentication ["telemetry_user"] []
[2023-01-20T07:47:33.427989+01:00] logger.NOTICE: User Authentication ["telemetry_user"] []
[2023-01-20T07:55:28.228303+01:00] logger.ERROR: Doctrine Error ["An exception occurred while executing a query: SQLSTATE[23000]: Integrity constraint violation: 1048 Column 'collection_phone_number' cannot be null"] []
[2023-01-20T07:55:38.281334+01:00] logger.ERROR: Doctrine Error ["An exception occurred while executing a query: SQLSTATE[23000]: Integrity constraint violation: 1048 Column 'collection_phone_number' cannot be null"] []
[2023-01-20T08:08:34.702336+01:00] logger.NOTICE: User Authentication ["telemetry_user"] []
[2023-01-20T08:16:24.582514+01:00] logger.NOTICE: User Authentication ["telemetry_user"] []
[2023-01-20T08:22:01.554072+01:00] logger.ERROR: Doctrine Error ["Named parameter \"quantity\" does not have a bound value."] []
[2023-01-20T08:22:22.180906+01:00] logger.ERROR: Doctrine Error ["Named parameter \"id\" does not have a bound value."] []
[2023-01-20T08:23:14.678359+01:00] logger.ERROR: Doctrine Error ["Named parameter \"id\" does not have a bound value."] []
[2023-01-20T08:23:24.836824+01:00] logger.ERROR: Doctrine Error ["Named parameter \"id\" does not have a bound value."] []
[2023-01-20T19:20:09.877481+01:00] logger.NOTICE: User Authentication ["telemetry_user"] []
[2023-01-20T19:30:08.262495+01:00] logger.NOTICE: User Authentication ["telemetry_user"] []
[2023-01-20T19:32:24.252840+01:00] logger.NOTICE: User Authentication ["telemetry_user"] []
[2023-01-20T20:18:33.883214+01:00] logger.NOTICE: User Authentication ["telemetry_user"] []
[2023-01-20T20:54:59.793307+01:00] logger.NOTICE: User Authentication ["telemetry_user"] []
[2023-01-20T21:41:13.414893+01:00] logger.NOTICE: User Authentication ["telemetry_user"] []
[2023-01-24T23:59:19.092274+01:00] logger.NOTICE: User Authentication ["telemetry_user"] []
[2023-01-25T03:10:07.211311+01:00] logger.ERROR: Doctrine Error ["An exception occurred while executing a query: SQLSTATE[42000]: Syntax error or access violation: 1064 You have an error in your SQL syntax; check the manual that corresponds to your MariaDB server version for the right syntax to use near ':$tainted_field' at line 1"] []
[2023-01-25T03:12:28.599174+01:00] logger.ERROR: Doctrine Error ["An exception occurred while executing a query: SQLSTATE[42000]: Syntax error or access violation: 1064 You have an error in your SQL syntax; check the manual that corresponds to your MariaDB server version for the right syntax to use near ':$tainted_field' at line 1"] []
[2023-01-25T03:12:41.035115+01:00] logger.ERROR: Doctrine Error ["An exception occurred while executing a query: SQLSTATE[42000]: Syntax error or access violation: 1064 You have an error in your SQL syntax; check the manual that corresponds to your MariaDB server version for the right syntax to use near ':$tainted_field' at line 1"] []
[2023-01-25T04:30:20.869385+01:00] logger.NOTICE: User Authentication ["telemetry_user"] []
[2023-01-27T02:52:29.581547+01:00] logger.NOTICE: User Authentication ["telemetry_user"] []
[2023-01-27T02:53:01.736162+01:00] logger.NOTICE: User Authentication ["telemetry_user"] []
[2023-01-27T02:56:43.516137+01:00] logger.NOTICE: User Authentication ["telemetry_user"] []
[2023-01-27T03:01:36.703404+01:00] logger.NOTICE: User Authentication ["telemetry_user"] []
[2023-01-27T07:54:38.900727+01:00] logger.NOTICE: User Authentication ["telemetry_user"] []
[2023-01-28T19:07:37.651589+01:00] logger.NOTICE: User Authentication ["telemetry_user"] []
[2023-01-31T01:04:56.914638+01:00] logger.NOTICE: User Authentication ["telemetry_user"] []
[2023-01-31T17:47:17.195679+01:00] logger.NOTICE: User Authentication ["telemetry_user"] []
[2023-01-31T18:28:53.251523+01:00] logger.NOTICE: User Authentication ["telemetry_user"] []
[2023-01-31T18:31:19.821163+01:00] logger.NOTICE: User Authentication ["telemetry_user"] []
[2023-01-31T18:32:23.555446+01:00] logger.NOTICE: User Authentication ["telemetry_user"] []
[2023-01-31T18:58:38.037609+01:00] logger.NOTICE: User Authentication ["telemetry_user"] []
[2023-02-01T01:58:02.694029+01:00] logger.NOTICE: User Authentication ["telemetry_user"] []
[2023-02-01T05:38:53.927121+01:00] logger.NOTICE: User Authentication ["telemetry_user"] []
[2023-02-01T06:49:05.163564+01:00] logger.NOTICE: User Authentication ["telemetry_user"] []
[2023-02-01T19:59:42.643582+01:00] logger.NOTICE: User Authentication ["telemetry_user"] []
[2023-02-01T23:43:20.216105+01:00] logger.NOTICE: User Authentication ["telemetry_user"] []
[2023-02-02T06:22:03.177115+01:00] logger.NOTICE: User Authentication ["telemetry_user"] []
[2023-02-02T07:22:53.749580+01:00] logger.NOTICE: User Authentication ["telemetry_user"] []
[2023-02-02T07:23:55.536863+01:00] logger.NOTICE: User Authentication ["telemetry_user"] []
[2023-02-02T07:24:10.508278+01:00] logger.NOTICE: User Authentication ["telemetry_user"] []
[2023-02-02T07:24:35.650508+01:00] logger.NOTICE: User Authentication ["telemetry_user"] []
[2023-02-02T07:26:37.609948+01:00] logger.NOTICE: User Authentication ["telemetry_user"] []
[2023-02-02T07:30:28.260959+01:00] logger.NOTICE: User Authentication ["telemetry_user"] []
[2023-02-02T07:31:22.821191+01:00] logger.NOTICE: User Authentication ["telemetry_user"] []
[2023-02-02T19:20:10.377634+01:00] logger.NOTICE: User Authentication ["telemetry_user"] []
[2023-02-03T01:02:17.905758+01:00] logger.NOTICE: User Authentication ["telemetry_user"] []
[2023-02-03T01:51:09.354014+01:00] logger.NOTICE: User Authentication ["telemetry_user"] []
[2023-02-03T02:26:38.917876+01:00] logger.NOTICE: User Authentication ["telemetry_user"] []
[2023-02-03T03:40:45.634942+01:00] logger.NOTICE: User Authentication ["telemetry_user"] []
[2023-02-03T19:18:26.592331+01:00] logger.NOTICE: User Authentication ["telemetry_user"] []
[2023-02-04T19:53:19.887142+01:00] logger.NOTICE: User Authentication ["telemetry_user"] []
[2023-02-04T19:54:02.015412+01:00] logger.NOTICE: User Authentication ["telemetry_user"] []
[2023-02-04T20:00:17.963176+01:00] logger.NOTICE: User Authentication ["telemetry_user"] []
[2023-02-04T20:40:32.336241+01:00] logger.NOTICE: User Authentication ["telemetry_user"] []
[2023-02-05T19:28:58.600929+01:00] logger.NOTICE: User Authentication ["telemetry_user"] []
[2023-02-06T19:31:00.655480+01:00] logger.NOTICE: User Authentication ["telemetry_user"] []
[2023-02-06T19:58:25.379961+01:00] logger.NOTICE: User Authentication ["telemetry_user"] []
[2023-02-06T22:51:34.548519+01:00] logger.NOTICE: User Authentication ["telemetry_user"] []
[2023-02-06T22:52:04.642221+01:00] logger.NOTICE: User Authentication ["telemetry_user"] []
[2023-02-06T23:37:58.563888+01:00] logger.NOTICE: User Authentication ["telemetry_user"] []
[2023-02-07T05:27:35.004000+01:00] logger.NOTICE: User Authentication ["telemetry_user"] []
[2023-02-07T05:27:49.247303+01:00] logger.NOTICE: User Authentication ["telemetry_user"] []
[2023-02-07T05:30:47.450205+01:00] logger.NOTICE: User Authentication ["telemetry_user"] []
[2023-02-07T05:40:37.919943+01:00] logger.NOTICE: User Authentication ["telemetry_user"] []
[2023-02-07T07:26:51.044542+01:00] logger.NOTICE: User Authentication ["telemetry_user"] []
[2023-02-07T07:28:50.868788+01:00] logger.NOTICE: User Authentication ["telemetry_user"] []
[2023-02-07T07:40:50.409643+01:00] logger.NOTICE: User Authentication ["telemetry_user"] []
[2023-02-07T08:21:07.484614+01:00] logger.NOTICE: User Authentication ["telemetry_user"] []
[2023-02-07T08:27:50.323771+01:00] logger.NOTICE: User Authentication ["telemetry_user"] []
[2023-02-07T17:52:11.114882+01:00] logger.NOTICE: User Authentication ["telemetry_user"] []
[2023-02-08T09:27:17.151436+01:00] logger.NOTICE: User Authentication ["telemetry_user"] []
[2023-02-08T19:29:21.816856+01:00] logger.NOTICE: User Authentication ["telemetry_user"] []
[2023-02-08T22:48:21.189998+01:00] logger.NOTICE: User Authentication ["telemetry_user"] []
[2023-02-08T22:52:47.028692+01:00] logger.NOTICE: User Authentication ["telemetry_user"] []
[2023-02-08T22:53:09.493048+01:00] logger.NOTICE: User Authentication ["telemetry_user"] []
[2023-02-08T22:54:47.971745+01:00] logger.NOTICE: User Authentication ["telemetry_user"] []
[2023-02-08T23:03:17.462036+01:00] logger.NOTICE: User Authentication ["telemetry_user"] []
[2023-02-08T23:51:58.042466+01:00] logger.NOTICE: User Authentication ["telemetry_user"] []
[2023-02-09T02:42:20.204352+01:00] logger.NOTICE: User Authentication ["telemetry_user"] []
[2023-02-09T02:44:22.714531+01:00] logger.NOTICE: User Authentication ["telemetry_user"] []
[2023-02-09T02:45:42.387607+01:00] logger.NOTICE: User Authentication ["telemetry_user"] []
[2023-02-09T03:30:21.061442+01:00] logger.NOTICE: User Authentication ["telemetry_user"] []
[2023-02-09T03:31:27.609411+01:00] logger.NOTICE: User Authentication ["telemetry_user"] []
[2023-02-09T05:40:47.743723+01:00] logger.NOTICE: User Authentication ["telemetry_user"] []
[2023-02-09T19:59:31.648344+01:00] logger.NOTICE: User Authentication ["telemetry_user"] []
[2023-02-09T22:41:32.772992+01:00] logger.NOTICE: User Authentication ["telemetry_user"] []
[2023-02-10T19:29:36.630034+01:00] logger.NOTICE: User Authentication ["telemetry_user"] []
[2023-02-11T19:31:10.170920+01:00] logger.NOTICE: User Authentication ["telemetry_user"] []
[2023-02-12T19:19:56.285309+01:00] logger.NOTICE: User Authentication ["telemetry_user"] []
[2023-02-12T19:26:58.947229+01:00] logger.NOTICE: User Authentication ["telemetry_user"] []
[2023-02-13T21:14:30.709403+01:00] logger.NOTICE: User Authentication ["telemetry_user"] []
[2023-02-13T21:18:27.693253+01:00] logger.NOTICE: User Authentication ["telemetry_user"] []
[2023-02-13T21:23:20.460231+01:00] logger.NOTICE: User Authentication ["telemetry_user"] []
[2023-02-13T21:24:06.038038+01:00] logger.NOTICE: User Authentication ["telemetry_user"] []
[2023-02-13T21:54:51.138550+01:00] logger.NOTICE: User Authentication ["telemetry_user"] []
[2023-02-14T00:28:39.235054+01:00] logger.NOTICE: User Authentication ["telemetry_user"] []
[2023-02-14T02:55:26.895813+01:00] logger.NOTICE: User Authentication ["telemetry_user"] []
[2023-02-14T04:22:15.402499+01:00] logger.NOTICE: User Authentication ["telemetry_user"] []
[2023-02-14T07:10:15.761182+01:00] logger.NOTICE: User Authentication ["telemetry_user"] []
[2023-02-14T20:18:26.874634+01:00] logger.NOTICE: User Authentication ["telemetry_user"] []
[2023-02-14T20:19:28.444220+01:00] logger.NOTICE: User Authentication ["telemetry_user"] []
[2023-02-14T20:20:04.294909+01:00] logger.NOTICE: User Authentication ["telemetry_user"] []
[2023-02-14T20:20:14.059422+01:00] logger.NOTICE: User Authentication ["telemetry_user"] []
[2023-02-14T20:21:10.916233+01:00] logger.NOTICE: User Authentication ["telemetry_user"] []
[2023-02-14T20:22:04.918167+01:00] logger.NOTICE: User Authentication ["telemetry_user"] []
[2023-02-14T20:22:31.190758+01:00] logger.NOTICE: User Authentication ["telemetry_user"] []
[2023-02-14T20:30:59.717034+01:00] logger.NOTICE: User Authentication ["telemetry_user"] []
[2023-02-14T20:31:14.935540+01:00] logger.NOTICE: User Authentication ["NewUser"] []
[2023-02-14T20:32:21.967078+01:00] logger.NOTICE: User Authentication ["NewUser"] []
[2023-02-14T20:32:30.758435+01:00] logger.NOTICE: User Authentication ["telemetry_user"] []
[2023-02-14T20:33:32.671037+01:00] logger.NOTICE: User Authentication ["NewUser"] []
[2023-02-14T20:33:49.953046+01:00] logger.NOTICE: User Authentication ["NewUser"] []
[2023-02-14T20:33:59.375627+01:00] logger.NOTICE: User Authentication ["telemetry_user"] []
[2023-02-14T20:36:21.745099+01:00] logger.NOTICE: User Authentication ["telemetry_user"] []
[2023-02-14T23:22:04.266504+01:00] logger.ERROR: Doctrine Error ["Named parameter \"id\" does not have a bound value."] []
[2023-02-14T23:22:28.920505+01:00] logger.ERROR: Doctrine Error ["Named parameter \"id\" does not have a bound value."] []
[2023-02-14T23:24:06.287756+01:00] logger.NOTICE: User Authentication ["anotheruser"] []
[2023-02-15T00:55:07.374666+01:00] logger.NOTICE: User Authentication ["oioi"] []
[2023-02-15T00:55:22.837705+01:00] logger.NOTICE: User Authentication ["telemetry_user"] []
[2023-02-15T02:22:46.627641+01:00] logger.ERROR: Doctrine Error ["An exception occurred while executing a query: SQLSTATE[42S02]: Base table or view not found: 1146 Table 'highflyersukcouriers.user' doesn't exist"] []
[2023-02-15T02:23:00.018113+01:00] logger.ERROR: Doctrine Error ["An exception occurred while executing a query: SQLSTATE[42S02]: Base table or view not found: 1146 Table 'highflyersukcouriers.user' doesn't exist"] []
[2023-02-15T02:23:02.932503+01:00] logger.ERROR: Doctrine Error ["An exception occurred while executing a query: SQLSTATE[42S02]: Base table or view not found: 1146 Table 'highflyersukcouriers.user' doesn't exist"] []
[2023-02-15T02:35:51.845454+01:00] logger.ERROR: Doctrine Error ["An exception occurred in the driver: SQLSTATE[HY000] [2002] No connection could be made because the target machine actively refused it"] []
[2023-02-15T02:35:57.239488+01:00] logger.ERROR: Doctrine Error ["An exception occurred in the driver: SQLSTATE[HY000] [2002] No connection could be made because the target machine actively refused it"] []
[2023-02-15T02:36:06.181538+01:00] logger.NOTICE: User Authentication ["telemetry_user"] []
[2023-02-15T09:13:10.882237+01:00] logger.NOTICE: User Authentication ["telemetry_user"] []
[2023-02-15T20:01:28.243316+01:00] logger.NOTICE: User Authentication ["telemetry_user"] []
[2023-02-16T00:59:21.160000+01:00] logger.NOTICE: User Authentication ["telemetry_user"] []
[2023-02-16T01:39:37.438772+01:00] logger.NOTICE: User Authentication ["telemetry_user"] []
[2023-02-16T03:08:07.955409+01:00] logger.ERROR: Doctrine Error ["An exception occurred while executing a query: SQLSTATE[23000]: Integrity constraint violation: 1048 Column 'collection_name' cannot be null"] []
[2023-02-16T03:09:48.700409+01:00] logger.ERROR: Doctrine Error ["An exception occurred while executing a query: SQLSTATE[23000]: Integrity constraint violation: 1048 Column 'collection_name' cannot be null"] []
[2023-02-16T03:10:35.682503+01:00] logger.ERROR: Doctrine Error ["An exception occurred while executing a query: SQLSTATE[23000]: Integrity constraint violation: 1048 Column 'collection_name' cannot be null"] []
[2023-02-16T03:10:48.002373+01:00] logger.ERROR: Doctrine Error ["An exception occurred while executing a query: SQLSTATE[23000]: Integrity constraint violation: 1048 Column 'collection_name' cannot be null"] []
[2023-02-16T03:11:03.708730+01:00] logger.ERROR: Doctrine Error ["An exception occurred while executing a query: SQLSTATE[23000]: Integrity constraint violation: 1048 Column 'collection_name' cannot be null"] []
[2023-02-16T03:11:14.496519+01:00] logger.ERROR: Doctrine Error ["An exception occurred while executing a query: SQLSTATE[23000]: Integrity constraint violation: 1048 Column 'collection_name' cannot be null"] []
[2023-02-16T03:12:48.595794+01:00] logger.ERROR: Doctrine Error ["An exception occurred while executing a query: SQLSTATE[23000]: Integrity constraint violation: 1048 Column 'collection_name' cannot be null"] []
[2023-02-16T03:13:20.774529+01:00] logger.ERROR: Doctrine Error ["An exception occurred while executing a query: SQLSTATE[23000]: Integrity constraint violation: 1048 Column 'collection_name' cannot be null"] []
[2023-02-16T03:14:04.982469+01:00] logger.ERROR: Doctrine Error ["An exception occurred while executing a query: SQLSTATE[23000]: Integrity constraint violation: 1048 Column 'collection_name' cannot be null"] []
[2023-02-16T05:31:49.072192+01:00] logger.NOTICE: User Authentication ["telemetry_user"] []
[2023-02-16T06:04:16.481760+01:00] logger.NOTICE: User Authentication ["telemetry_user"] []
[2023-02-17T05:47:46.625043+01:00] logger.NOTICE: User Authentication ["telemetry_user"] []
[2023-02-17T06:11:58.078006+01:00] logger.NOTICE: User Authentication ["telemetry_user"] []
[2023-02-17T06:15:48.697933+01:00] logger.NOTICE: User Authentication ["telemetry_user"] []
[2023-02-17T07:38:25.361227+01:00] logger.NOTICE: User Authentication ["telemetry_user"] []
[2023-02-17T19:17:16.856143+01:00] logger.NOTICE: User Authentication ["telemetry_user"] []
[2023-02-17T19:17:59.100078+01:00] logger.NOTICE: User Authentication ["user"] []
[2023-02-17T19:37:31.417866+01:00] logger.NOTICE: User Authentication ["user"] []
[2023-02-17T20:03:54.562687+01:00] logger.NOTICE: User Authentication ["telemetry_user"] []
[2023-02-17T20:19:08.765889+01:00] logger.NOTICE: User Authentication ["telemetry_user"] []
[2023-02-17T20:21:08.874411+01:00] logger.NOTICE: User Authentication ["staff"] []
[2023-02-17T20:22:17.885031+01:00] logger.NOTICE: User Authentication ["telemetry_user"] []
[2023-02-17T20:50:34.090061+01:00] logger.NOTICE: User Authentication ["telemetry_user"] []
[2023-02-17T20:58:25.126577+01:00] logger.NOTICE: User Authentication ["telemetry_user"] []
[2023-02-20T20:33:54.321085+01:00] logger.NOTICE: User Authentication ["telemetry_user"] []
[2023-02-20T23:22:47.943326+01:00] logger.NOTICE: User Authentication ["telemetry_user"] []
[2023-02-20T23:40:25.078799+01:00] logger.NOTICE: User Authentication ["root"] []
[2023-02-20T23:40:28.409110+01:00] logger.NOTICE: User Authentication ["root"] []
[2023-02-20T23:40:42.607360+01:00] logger.NOTICE: User Authentication ["telemetry_user"] []
[2023-02-20T23:40:56.887099+01:00] logger.NOTICE: User Authentication ["staff"] []
[2023-02-20T23:41:07.739035+01:00] logger.NOTICE: User Authentication ["root"] []
[2023-02-20T23:42:11.140742+01:00] logger.NOTICE: User Authentication ["telemetry_user"] []
[2023-02-20T23:43:08.441255+01:00] logger.NOTICE: User Authentication ["telemetry_user"] []
[2023-02-20T23:43:50.186805+01:00] logger.NOTICE: User Authentication ["telemetry_user"] []
[2023-02-20T23:49:38.257809+01:00] logger.NOTICE: User Authentication ["user"] []
[2023-02-20T23:49:58.023640+01:00] logger.NOTICE: User Authentication ["staff"] []
[2023-02-20T23:50:05.782403+01:00] logger.NOTICE: User Authentication ["telemetry_user"] []
[2023-02-20T23:56:07.194305+01:00] logger.NOTICE: User Authentication ["newcustomer"] []
[2023-02-20T23:57:39.322955+01:00] logger.NOTICE: User Authentication ["newcustomer"] []
[2023-02-20T23:57:49.537230+01:00] logger.NOTICE: User Authentication ["newcustomer"] []
[2023-02-21T00:00:10.308870+01:00] logger.NOTICE: User Authentication ["newcustomer"] []
[2023-02-21T00:02:34.624575+01:00] logger.NOTICE: User Authentication ["newcustomer"] []
[2023-02-21T00:02:48.191834+01:00] logger.NOTICE: User Authentication ["anothernewcustomer"] []
[2023-02-21T00:02:57.464867+01:00] logger.NOTICE: User Authentication ["telemetry_user"] []
[2023-02-21T00:04:16.957380+01:00] logger.NOTICE: User Authentication ["telemetry_user"] []
[2023-02-21T00:07:40.755977+01:00] logger.NOTICE: User Authentication ["telemetry_user"] []
[2023-02-21T00:07:52.890578+01:00] logger.NOTICE: User Authentication ["staff"] []
[2023-02-21T00:09:03.350135+01:00] logger.NOTICE: User Authentication ["telemetry_user"] []
[2023-02-21T00:19:47.412406+01:00] logger.NOTICE: User Authentication ["staff"] []
[2023-02-21T00:20:01.619161+01:00] logger.NOTICE: User Authentication ["staff"] []
[2023-02-21T00:20:23.388768+01:00] logger.NOTICE: User Authentication ["staff"] []
[2023-02-21T00:21:33.070354+01:00] logger.NOTICE: User Authentication ["staff"] []
[2023-02-21T00:22:32.940071+01:00] logger.NOTICE: User Authentication ["telemetry_user"] []
[2023-02-21T00:22:51.920929+01:00] logger.NOTICE: User Authentication ["staff"] []
[2023-02-21T00:22:57.701918+01:00] logger.NOTICE: User Authentication ["staff"] []
[2023-02-21T00:23:22.196419+01:00] logger.NOTICE: User Authentication ["newcustomer"] []
[2023-02-21T00:24:05.603627+01:00] logger.NOTICE: User Authentication ["anothernewcustomer"] []
[2023-02-21T00:24:25.856886+01:00] logger.NOTICE: User Authentication ["staff"] []
[2023-02-21T00:24:36.565105+01:00] logger.NOTICE: User Authentication ["staff"] []
[2023-02-21T00:24:57.353285+01:00] logger.NOTICE: User Authentication ["telemetry_user"] []
[2023-02-21T00:41:21.232197+01:00] logger.NOTICE: User Authentication ["telemetry_user"] []
[2023-02-21T00:41:27.882228+01:00] logger.NOTICE: User Authentication ["staff"] []
[2023-02-21T00:42:39.338183+01:00] logger.NOTICE: User Authentication ["staff"] []
[2023-02-21T00:44:10.494462+01:00] logger.NOTICE: User Authentication ["staff"] []
[2023-02-21T00:44:41.590323+01:00] logger.NOTICE: User Authentication ["staff"] []
[2023-02-21T00:44:47.012174+01:00] logger.NOTICE: User Authentication ["staff"] []
[2023-02-21T00:45:11.073812+01:00] logger.NOTICE: User Authentication ["staff"] []
[2023-02-21T00:46:40.164493+01:00] logger.NOTICE: User Authentication ["telemetry_user"] []
[2023-02-21T00:47:13.641654+01:00] logger.NOTICE: User Authentication ["newstaff"] []
[2023-02-21T00:47:22.982589+01:00] logger.NOTICE: User Authentication ["newstaff"] []
[2023-02-21T00:47:27.106889+01:00] logger.NOTICE: User Authentication ["newstaff"] []
[2023-02-21T00:47:30.256007+01:00] logger.NOTICE: User Authentication ["newstaff"] []
[2023-02-21T00:47:34.087455+01:00] logger.NOTICE: User Authentication ["newstaff"] []
[2023-02-21T00:47:41.642003+01:00] logger.NOTICE: User Authentication ["newstaff"] []
[2023-02-21T00:49:05.592312+01:00] logger.NOTICE: User Authentication ["staff"] []
[2023-02-21T00:53:09.819624+01:00] logger.NOTICE: User Authentication ["staff"] []
[2023-02-21T00:53:17.692558+01:00] logger.NOTICE: User Authentication ["staff"] []
[2023-02-21T00:53:25.204552+01:00] logger.NOTICE: User Authentication ["staff"] []
[2023-02-21T00:53:33.777820+01:00] logger.NOTICE: User Authentication ["telemetry_user"] []
[2023-02-21T00:53:46.556889+01:00] logger.NOTICE: User Authentication ["telemetry_user"] []
[2023-02-21T00:54:20.118784+01:00] logger.NOTICE: User Authentication ["anothernewcustomer"] []
[2023-02-21T00:56:52.858393+01:00] logger.NOTICE: User Authentication ["anothernewcustomer"] []
[2023-02-21T00:57:00.406006+01:00] logger.NOTICE: User Authentication ["staff"] []
[2023-02-21T00:57:10.831037+01:00] logger.NOTICE: User Authentication ["telemetry_user"] []
[2023-02-21T00:57:22.268972+01:00] logger.NOTICE: User Authentication ["telemetry_user"] []
[2023-02-21T00:57:31.366760+01:00] logger.NOTICE: User Authentication ["staff"] []
[2023-02-21T01:00:34.965293+01:00] logger.NOTICE: User Authentication ["staff"] []
[2023-02-21T01:01:35.895411+01:00] logger.NOTICE: User Authentication ["staff"] []
[2023-02-21T01:08:08.794064+01:00] logger.NOTICE: User Authentication ["staff"] []
[2023-02-21T01:08:25.510016+01:00] logger.NOTICE: User Authentication ["staff"] []
[2023-02-21T01:08:28.992987+01:00] logger.NOTICE: User Authentication ["staff"] []
[2023-02-21T01:08:43.138920+01:00] logger.NOTICE: User Authentication ["staff"] []
[2023-02-21T01:09:23.283467+01:00] logger.NOTICE: User Authentication ["staff"] []
[2023-02-21T01:13:08.880771+01:00] logger.ERROR: Doctrine Error ["An exception occurred while executing a query: SQLSTATE[42S22]: Column not found: 1054 Unknown column 'u.admin' in 'field list'"] []
[2023-02-21T01:13:08.882011+01:00] logger.NOTICE: User Authentication ["root"] []
[2023-02-21T01:13:55.915558+01:00] logger.ERROR: Doctrine Error ["An exception occurred while executing a query: SQLSTATE[42S22]: Column not found: 1054 Unknown column 'u.admin' in 'field list'"] []
[2023-02-21T01:13:55.916640+01:00] logger.NOTICE: User Authentication ["root"] []
[2023-02-21T01:14:04.606837+01:00] logger.ERROR: Doctrine Error ["An exception occurred while executing a query: SQLSTATE[42S22]: Column not found: 1054 Unknown column 'u.admin' in 'field list'"] []
[2023-02-21T01:14:04.607741+01:00] logger.NOTICE: User Authentication ["root"] []
[2023-02-21T01:14:19.298202+01:00] logger.ERROR: Doctrine Error ["An exception occurred while executing a query: SQLSTATE[42S22]: Column not found: 1054 Unknown column 'u.admin' in 'field list'"] []
[2023-02-21T01:14:19.299138+01:00] logger.NOTICE: User Authentication ["root"] []
[2023-02-21T01:16:50.231278+01:00] logger.ERROR: Doctrine Error ["An exception occurred while executing a query: SQLSTATE[42S22]: Column not found: 1054 Unknown column 'admin' in 'field list'"] []
[2023-02-21T01:16:52.939762+01:00] logger.ERROR: Doctrine Error ["An exception occurred while executing a query: SQLSTATE[42S22]: Column not found: 1054 Unknown column 'admin' in 'field list'"] []
[2023-02-21T01:21:03.634911+01:00] logger.ERROR: Doctrine Error ["An exception occurred while executing a query: SQLSTATE[42S22]: Column not found: 1054 Unknown column 'u.admin' in 'field list'"] []
[2023-02-21T01:21:03.636050+01:00] logger.NOTICE: User Authentication ["admin"] []
[2023-02-21T01:22:29.857449+01:00] logger.NOTICE: User Authentication ["admin"] []
[2023-02-21T01:22:45.077150+01:00] logger.NOTICE: User Authentication ["admin"] []
[2023-02-21T01:23:28.203660+01:00] logger.NOTICE: User Authentication ["admin"] []
[2023-02-21T01:23:38.842506+01:00] logger.NOTICE: User Authentication ["admin"] []
[2023-02-21T01:23:43.283024+01:00] logger.NOTICE: User Authentication ["admin"] []
[2023-02-21T01:23:57.735514+01:00] logger.NOTICE: User Authentication ["admin"] []
[2023-02-21T01:24:22.113952+01:00] logger.NOTICE: User Authentication ["admin"] []
[2023-02-21T01:24:31.553126+01:00] logger.NOTICE: User Authentication ["admin"] []
[2023-02-21T01:24:53.421748+01:00] logger.NOTICE: User Authentication ["admin"] []
[2023-02-21T01:27:07.063699+01:00] logger.NOTICE: User Authentication ["admin"] []
[2023-02-21T01:27:32.455836+01:00] logger.NOTICE: User Authentication ["staff"] []
[2023-02-21T01:28:03.102395+01:00] logger.NOTICE: User Authentication ["admin"] []
[2023-02-21T01:31:09.939164+01:00] logger.ERROR: Doctrine Error ["An exception occurred while executing a query: SQLSTATE[42S22]: Column not found: 1054 Unknown column 'u.admin' in 'where clause'"] []
[2023-02-21T01:32:08.326295+01:00] logger.ERROR: Doctrine Error ["An exception occurred while executing a query: SQLSTATE[42S22]: Column not found: 1054 Unknown column 'u.admin' in 'where clause'"] []
[2023-02-21T01:33:37.059383+01:00] logger.NOTICE: User Authentication ["customer"] []
[2023-02-21T01:33:57.032728+01:00] logger.NOTICE: User Authentication ["admin"] []
[2023-02-21T01:34:38.452745+01:00] logger.NOTICE: User Authentication ["staff"] []
[2023-02-21T01:34:47.084689+01:00] logger.NOTICE: User Authentication ["admin"] []
[2023-02-21T01:35:13.972715+01:00] logger.NOTICE: User Authentication ["admin"] []
[2023-02-21T01:46:25.740028+01:00] logger.NOTICE: User Authentication ["admin"] []
[2023-02-21T02:04:01.496283+01:00] logger.NOTICE: User Authentication ["admin"] []
[2023-02-21T02:04:16.944874+01:00] logger.NOTICE: User Authentication ["staff"] []
[2023-02-21T02:04:24.244277+01:00] logger.NOTICE: User Authentication ["customer"] []
[2023-02-21T02:05:03.722076+01:00] logger.NOTICE: User Authentication ["admin"] []
[2023-02-21T02:06:08.806638+01:00] logger.NOTICE: User Authentication ["customer"] []
[2023-02-21T02:14:59.752400+01:00] logger.NOTICE: User Authentication ["staff"] []
[2023-02-21T02:16:34.190909+01:00] logger.NOTICE: User Authentication ["admin"] []
[2023-02-21T02:17:55.102305+01:00] logger.NOTICE: User Authentication ["staff"] []
[2023-02-21T02:18:17.177931+01:00] logger.NOTICE: User Authentication ["admin"] []
[2023-02-21T02:51:35.341696+01:00] logger.NOTICE: User Authentication ["admin"] []
[2023-02-21T02:52:23.485804+01:00] logger.NOTICE: User Authentication ["admin"] []
[2023-02-21T02:53:44.174881+01:00] logger.NOTICE: User Authentication ["admin"] []
[2023-02-21T19:49:07.884435+01:00] logger.NOTICE: User Authentication ["admin"] []
[2023-02-21T19:58:49.898744+01:00] logger.NOTICE: User Authentication ["customer"] []
[2023-02-21T19:59:30.004345+01:00] logger.NOTICE: User Authentication ["admin"] []
[2023-02-21T20:15:55.299527+01:00] logger.NOTICE: User Authentication ["admin"] []
[2023-02-21T23:25:29.248125+01:00] logger.ERROR: Doctrine Error ["An exception occurred while executing a query: SQLSTATE[42000]: Syntax error or access violation: 1064 You have an error in your SQL syntax; check the manual that corresponds to your MariaDB server version for the right syntax to use near ''Array'' at line 1"] []
[2023-02-21T23:27:25.201983+01:00] logger.ERROR: Doctrine Error ["An exception occurred while executing a query: SQLSTATE[42000]: Syntax error or access violation: 1064 You have an error in your SQL syntax; check the manual that corresponds to your MariaDB server version for the right syntax to use near ''Array'' at line 1"] []
[2023-02-21T23:29:03.071716+01:00] logger.ERROR: Doctrine Error ["An exception occurred while executing a query: SQLSTATE[42000]: Syntax error or access violation: 1064 You have an error in your SQL syntax; check the manual that corresponds to your MariaDB server version for the right syntax to use near ''Array'' at line 1"] []
[2023-02-21T23:30:11.829967+01:00] logger.ERROR: Doctrine Error ["An exception occurred while executing a query: SQLSTATE[42000]: Syntax error or access violation: 1370 execute command denied to user 'user'@'localhost' for routine 'o.idIN'"] []
[2023-02-21T23:30:38.806501+01:00] logger.ERROR: Doctrine Error ["An exception occurred while executing a query: SQLSTATE[42000]: Syntax error or access violation: 1370 execute command denied to user 'user'@'localhost' for routine 'o.idIN'"] []
[2023-02-21T23:34:58.909576+01:00] logger.ERROR: Doctrine Error ["An exception occurred while executing a query: SQLSTATE[42000]: Syntax error or access violation: 1370 execute command denied to user 'user'@'localhost' for routine 'o.idIN'"] []
[2023-02-21T23:35:35.755695+01:00] logger.ERROR: Doctrine Error ["An exception occurred while executing a query: SQLSTATE[42000]: Syntax error or access violation: 1064 You have an error in your SQL syntax; check the manual that corresponds to your MariaDB server version for the right syntax to use near '' at line 1"] []
[2023-02-21T23:36:00.267505+01:00] logger.ERROR: Doctrine Error ["An exception occurred while executing a query: SQLSTATE[42000]: Syntax error or access violation: 1064 You have an error in your SQL syntax; check the manual that corresponds to your MariaDB server version for the right syntax to use near '' at line 1"] []
[2023-02-22T02:06:30.009046+01:00] logger.NOTICE: User Authentication ["admin"] []
[2023-02-22T05:19:42.687913+01:00] logger.ERROR: Doctrine Error ["An exception occurred while executing a query: SQLSTATE[42S22]: Column not found: 1054 Unknown column 'u.id' in 'order clause'"] []
[2023-02-22T05:20:01.530479+01:00] logger.ERROR: Doctrine Error ["An exception occurred while executing a query: SQLSTATE[42S22]: Column not found: 1054 Unknown column 'u.id' in 'order clause'"] []
[2023-02-22T05:21:05.488328+01:00] logger.ERROR: Doctrine Error ["An exception occurred while executing a query: SQLSTATE[42S22]: Column not found: 1054 Unknown column 'u.id' in 'order clause'"] []
[2023-02-23T02:03:53.575534+01:00] logger.NOTICE: User Authentication ["admin"] []
[2023-02-23T02:12:18.958285+01:00] logger.NOTICE: User Authentication ["admin"] []
[2023-02-23T02:30:04.481042+01:00] logger.NOTICE: User Authentication ["admin"] []
[2023-02-23T02:49:35.075641+01:00] logger.ERROR: Doctrine Error ["An exception occurred while executing a query: SQLSTATE[HY093]: Invalid parameter number: parameter was not defined"] []
[2023-02-23T02:49:35.181241+01:00] logger.ERROR: Doctrine Error ["An exception occurred while executing a query: SQLSTATE[42000]: Syntax error or access violation: 1064 You have an error in your SQL syntax; check the manual that corresponds to your MariaDB server version for the right syntax to use near ''().)(\"),= :id,'().)(\"),' at line 1"] []
[2023-02-23T02:49:35.257111+01:00] logger.ERROR: Doctrine Error ["An exception occurred while executing a query: SQLSTATE[42000]: Syntax error or access violation: 1064 You have an error in your SQL syntax; check the manual that corresponds to your MariaDB server version for the right syntax to use near ''IOQZrN<'\">WItjng= :id'IOQZrN<'\">WItjng' at line 1"] []
[2023-02-23T02:49:35.380049+01:00] logger.ERROR: Doctrine Error ["Named parameter \"id\" does not have a bound value."] []
[2023-02-23T02:49:35.447779+01:00] logger.ERROR: Doctrine Error ["Named parameter \"id\" does not have a bound value."] []
[2023-02-23T02:49:35.518129+01:00] logger.ERROR: Doctrine Error ["Named parameter \"id\" does not have a bound value."] []
[2023-02-23T02:49:35.586015+01:00] logger.ERROR: Doctrine Error ["Named parameter \"id\" does not have a bound value."] []
[2023-02-23T02:49:35.651916+01:00] logger.ERROR: Doctrine Error ["Named parameter \"id\" does not have a bound value."] []
[2023-02-23T02:49:35.696588+01:00] logger.ERROR: Doctrine Error ["Named parameter \"id\" does not have a bound value."] []
[2023-02-23T02:49:35.730970+01:00] logger.ERROR: Doctrine Error ["Named parameter \"id\" does not have a bound value."] []
[2023-02-23T02:49:35.775812+01:00] logger.ERROR: Doctrine Error ["Named parameter \"id\" does not have a bound value."] []
[2023-02-23T02:49:35.956460+01:00] logger.ERROR: Doctrine Error ["An exception occurred while executing a query: SQLSTATE[42000]: Syntax error or access violation: 1064 You have an error in your SQL syntax; check the manual that corresponds to your MariaDB server version for the right syntax to use near '(SELECT (CASE WHEN (7838=2729) THEN 'id' ELSE (SELECT 2729 UNION SELECT 4430)...' at line 1"] []
[2023-02-23T02:49:35.992732+01:00] logger.ERROR: Doctrine Error ["An exception occurred while executing a query: SQLSTATE[42000]: Syntax error or access violation: 1064 You have an error in your SQL syntax; check the manual that corresponds to your MariaDB server version for the right syntax to use near '(SELECT (CASE WHEN (6982=6982) THEN 'id' ELSE (SELECT 1519 UNION SELECT 3862)...' at line 1"] []
[2023-02-23T02:49:36.038043+01:00] logger.ERROR: Doctrine Error ["Named parameter \"id\" does not have a bound value."] []
[2023-02-23T02:49:36.079806+01:00] logger.ERROR: Doctrine Error ["Named parameter \"id\" does not have a bound value."] []
[2023-02-23T02:49:36.122391+01:00] logger.ERROR: Doctrine Error ["Named parameter \"id\" does not have a bound value."] []
[2023-02-23T02:49:36.165184+01:00] logger.ERROR: Doctrine Error ["Named parameter \"id\" does not have a bound value."] []
[2023-02-23T02:49:36.217252+01:00] logger.ERROR: Doctrine Error ["An exception occurred while executing a query: SQLSTATE[HY000]: General error: 1105 XPATH syntax error: '\\qzkjq1qxvpq'"] []
[2023-02-23T02:49:36.265037+01:00] logger.ERROR: Doctrine Error ["Named parameter \"id\" does not have a bound value."] []
[2023-02-23T02:49:36.309250+01:00] logger.ERROR: Doctrine Error ["Named parameter \"id\" does not have a bound value."] []
[2023-02-23T02:49:36.351723+01:00] logger.ERROR: Doctrine Error ["Named parameter \"id\" does not have a bound value."] []
[2023-02-23T02:49:36.395513+01:00] logger.ERROR: Doctrine Error ["Named parameter \"id\" does not have a bound value."] []
[2023-02-23T02:49:36.440015+01:00] logger.ERROR: Doctrine Error ["An exception occurred while executing a query: SQLSTATE[42000]: Syntax error or access violation: 1064 You have an error in your SQL syntax; check the manual that corresponds to your MariaDB server version for the right syntax to use near '::text||(CHR(113)||CHR(120)||CHR(118)||CHR(112)||CHR(113)) AS NUMERIC)-- wOnQ...' at line 1"] []
[2023-02-23T02:49:36.478191+01:00] logger.ERROR: Doctrine Error ["Named parameter \"id\" does not have a bound value."] []
[2023-02-23T02:49:36.524207+01:00] logger.ERROR: Doctrine Error ["Named parameter \"id\" does not have a bound value."] []
[2023-02-23T02:49:36.569155+01:00] logger.ERROR: Doctrine Error ["Named parameter \"id\" does not have a bound value."] []
[2023-02-23T02:49:36.605489+01:00] logger.ERROR: Doctrine Error ["Named parameter \"id\" does not have a bound value."] []
[2023-02-23T02:49:36.707790+01:00] logger.ERROR: Doctrine Error ["Named parameter \"id\" does not have a bound value."] []
[2023-02-23T02:49:36.755531+01:00] logger.ERROR: Doctrine Error ["Named parameter \"id\" does not have a bound value."] []
[2023-02-23T02:49:36.802307+01:00] logger.ERROR: Doctrine Error ["Named parameter \"id\" does not have a bound value."] []
[2023-02-23T02:49:36.837662+01:00] logger.ERROR: Doctrine Error ["Named parameter \"id\" does not have a bound value."] []
[2023-02-23T02:49:36.898173+01:00] logger.ERROR: Doctrine Error ["An exception occurred while executing a query: SQLSTATE[42000]: Syntax error or access violation: 1370 execute command denied to user 'user'@'localhost' for routine 'highflyersukcouriers.XMLType'"] []
[2023-02-23T02:49:36.944566+01:00] logger.ERROR: Doctrine Error ["An exception occurred while executing a query: SQLSTATE[42000]: Syntax error or access violation: 1064 You have an error in your SQL syntax; check the manual that corresponds to your MariaDB server version for the right syntax to use near '(SELECT CONCAT(CONCAT('qzkjq',(CASE WHEN (4992=4992) THEN '1' ELSE '0' END)),...' at line 1"] []
[2023-02-23T02:49:36.990647+01:00] logger.ERROR: Doctrine Error ["An exception occurred while executing a query: SQLSTATE[42000]: Syntax error or access violation: 1064 You have an error in your SQL syntax; check the manual that corresponds to your MariaDB server version for the right syntax to use near '');SELECT PG_SLEEP(5)--= :id');SELECT PG_SLEEP(5)--' at line 1"] []
[2023-02-23T02:49:37.039352+01:00] logger.ERROR: Doctrine Error ["An exception occurred while executing a query: SQLSTATE[42000]: Syntax error or access violation: 1064 You have an error in your SQL syntax; check the manual that corresponds to your MariaDB server version for the right syntax to use near '';SELECT PG_SLEEP(5)--= :id';SELECT PG_SLEEP(5)--' at line 1"] []
[2023-02-23T02:49:37.085184+01:00] logger.ERROR: Doctrine Error ["An exception occurred while executing a query: SQLSTATE[42000]: Syntax error or access violation: 1064 You have an error in your SQL syntax; check the manual that corresponds to your MariaDB server version for the right syntax to use near ');SELECT PG_SLEEP(5)--= :id);SELECT PG_SLEEP(5)--' at line 1"] []
[2023-02-23T02:49:37.194337+01:00] logger.ERROR: Doctrine Error ["Named parameter \"0\" does not have a bound value."] []
[2023-02-23T02:49:37.239311+01:00] logger.ERROR: Doctrine Error ["Named parameter \"0\" does not have a bound value."] []
[2023-02-23T02:49:37.282560+01:00] logger.ERROR: Doctrine Error ["An exception occurred while executing a query: SQLSTATE[42000]: Syntax error or access violation: 1064 You have an error in your SQL syntax; check the manual that corresponds to your MariaDB server version for the right syntax to use near ');WAITFOR DELAY '0:0:5'--= :id);WAITFOR DELAY '0:0:5'--' at line 1"] []
[2023-02-23T02:49:37.387624+01:00] logger.ERROR: Doctrine Error ["An exception occurred while executing a query: SQLSTATE[42000]: Syntax error or access violation: 1064 You have an error in your SQL syntax; check the manual that corresponds to your MariaDB server version for the right syntax to use near '');SELECT DBMS_PIPE.RECEIVE_MESSAGE(CHR(82)||CHR(105)||CHR(81)||CHR(119),5) F...' at line 1"] []
[2023-02-23T02:49:37.431485+01:00] logger.ERROR: Doctrine Error ["An exception occurred while executing a query: SQLSTATE[42000]: Syntax error or access violation: 1064 You have an error in your SQL syntax; check the manual that corresponds to your MariaDB server version for the right syntax to use near '';SELECT DBMS_PIPE.RECEIVE_MESSAGE(CHR(82)||CHR(105)||CHR(81)||CHR(119),5) FR...' at line 1"] []
[2023-02-23T02:49:37.465545+01:00] logger.ERROR: Doctrine Error ["An exception occurred while executing a query: SQLSTATE[42000]: Syntax error or access violation: 1064 You have an error in your SQL syntax; check the manual that corresponds to your MariaDB server version for the right syntax to use near ');SELECT DBMS_PIPE.RECEIVE_MESSAGE(CHR(82)||CHR(105)||CHR(81)||CHR(119),5) FR...' at line 1"] []
[2023-02-23T02:49:37.566878+01:00] logger.ERROR: Doctrine Error ["Named parameter \"id\" does not have a bound value."] []
[2023-02-23T02:49:37.609336+01:00] logger.ERROR: Doctrine Error ["Named parameter \"id\" does not have a bound value."] []
[2023-02-23T02:49:37.651105+01:00] logger.ERROR: Doctrine Error ["Named parameter \"id\" does not have a bound value."] []
[2023-02-23T02:49:37.694176+01:00] logger.ERROR: Doctrine Error ["Named parameter \"id\" does not have a bound value."] []
[2023-02-23T02:49:47.985316+01:00] logger.ERROR: Doctrine Error ["An exception occurred while executing a query: SQLSTATE[21000]: Cardinality violation: 1222 The used SELECT statements have a different number of columns"] []
[2023-02-23T02:49:48.033779+01:00] logger.ERROR: Doctrine Error ["An exception occurred while executing a query: SQLSTATE[21000]: Cardinality violation: 1222 The used SELECT statements have a different number of columns"] []
[2023-02-23T02:49:48.071485+01:00] logger.ERROR: Doctrine Error ["An exception occurred while executing a query: SQLSTATE[21000]: Cardinality violation: 1222 The used SELECT statements have a different number of columns"] []
[2023-02-23T02:49:48.108854+01:00] logger.ERROR: Doctrine Error ["An exception occurred while executing a query: SQLSTATE[21000]: Cardinality violation: 1222 The used SELECT statements have a different number of columns"] []
[2023-02-23T02:49:48.147741+01:00] logger.ERROR: Doctrine Error ["An exception occurred while executing a query: SQLSTATE[21000]: Cardinality violation: 1222 The used SELECT statements have a different number of columns"] []
[2023-02-23T02:49:48.189096+01:00] logger.ERROR: Doctrine Error ["An exception occurred while executing a query: SQLSTATE[21000]: Cardinality violation: 1222 The used SELECT statements have a different number of columns"] []
[2023-02-23T02:49:48.233811+01:00] logger.ERROR: Doctrine Error ["An exception occurred while executing a query: SQLSTATE[21000]: Cardinality violation: 1222 The used SELECT statements have a different number of columns"] []
[2023-02-23T02:49:48.273621+01:00] logger.ERROR: Doctrine Error ["An exception occurred while executing a query: SQLSTATE[21000]: Cardinality violation: 1222 The used SELECT statements have a different number of columns"] []
[2023-02-23T02:49:48.320712+01:00] logger.ERROR: Doctrine Error ["An exception occurred while executing a query: SQLSTATE[21000]: Cardinality violation: 1222 The used SELECT statements have a different number of columns"] []
[2023-02-23T02:49:48.361122+01:00] logger.ERROR: Doctrine Error ["An exception occurred while executing a query: SQLSTATE[21000]: Cardinality violation: 1222 The used SELECT statements have a different number of columns"] []
[2023-02-23T02:49:48.400667+01:00] logger.ERROR: Doctrine Error ["An exception occurred while executing a query: SQLSTATE[21000]: Cardinality violation: 1222 The used SELECT statements have a different number of columns"] []
[2023-02-23T02:49:48.442164+01:00] logger.ERROR: Doctrine Error ["An exception occurred while executing a query: SQLSTATE[21000]: Cardinality violation: 1222 The used SELECT statements have a different number of columns"] []
[2023-02-23T02:49:48.490410+01:00] logger.ERROR: Doctrine Error ["An exception occurred while executing a query: SQLSTATE[21000]: Cardinality violation: 1222 The used SELECT statements have a different number of columns"] []
[2023-02-23T02:49:48.524983+01:00] logger.ERROR: Doctrine Error ["An exception occurred while executing a query: SQLSTATE[21000]: Cardinality violation: 1222 The used SELECT statements have a different number of columns"] []
[2023-02-23T02:49:48.569635+01:00] logger.ERROR: Doctrine Error ["An exception occurred while executing a query: SQLSTATE[21000]: Cardinality violation: 1222 The used SELECT statements have a different number of columns"] []
[2023-02-23T02:49:48.614592+01:00] logger.ERROR: Doctrine Error ["An exception occurred while executing a query: SQLSTATE[21000]: Cardinality violation: 1222 The used SELECT statements have a different number of columns"] []
[2023-02-23T02:49:48.658493+01:00] logger.ERROR: Doctrine Error ["An exception occurred while executing a query: SQLSTATE[21000]: Cardinality violation: 1222 The used SELECT statements have a different number of columns"] []
[2023-02-23T02:49:48.704057+01:00] logger.ERROR: Doctrine Error ["An exception occurred while executing a query: SQLSTATE[21000]: Cardinality violation: 1222 The used SELECT statements have a different number of columns"] []
[2023-02-23T02:49:48.797358+01:00] logger.ERROR: Doctrine Error ["An exception occurred while executing a query: SQLSTATE[21000]: Cardinality violation: 1222 The used SELECT statements have a different number of columns"] []
[2023-02-23T02:58:58.805684+01:00] logger.NOTICE: User Authentication ["admin"] []
[2023-02-23T03:28:16.311619+01:00] logger.NOTICE: User Authentication ["admin"] []
[2023-02-23T03:28:54.226456+01:00] logger.ERROR: Doctrine Error ["An exception occurred while executing a query: SQLSTATE[HY093]: Invalid parameter number: parameter was not defined"] []
[2023-02-23T03:28:54.305455+01:00] logger.ERROR: Doctrine Error ["An exception occurred while executing a query: SQLSTATE[42000]: Syntax error or access violation: 1064 You have an error in your SQL syntax; check the manual that corresponds to your MariaDB server version for the right syntax to use near '.,\")',),(= :id,.,\")',),(' at line 1"] []
[2023-02-23T03:28:54.374059+01:00] logger.ERROR: Doctrine Error ["An exception occurred while executing a query: SQLSTATE[42000]: Syntax error or access violation: 1064 You have an error in your SQL syntax; check the manual that corresponds to your MariaDB server version for the right syntax to use near ''AxWVWQ<'\">IVbPBl= :id'AxWVWQ<'\">IVbPBl' at line 1"] []
[2023-02-23T03:28:54.484511+01:00] logger.ERROR: Doctrine Error ["Named parameter \"id\" does not have a bound value."] []
[2023-02-23T03:28:54.558321+01:00] logger.ERROR: Doctrine Error ["Named parameter \"id\" does not have a bound value."] []
[2023-02-23T03:28:54.624582+01:00] logger.ERROR: Doctrine Error ["Named parameter \"id\" does not have a bound value."] []
[2023-02-23T03:28:54.694524+01:00] logger.ERROR: Doctrine Error ["Named parameter \"id\" does not have a bound value."] []
[2023-02-23T03:28:54.761610+01:00] logger.ERROR: Doctrine Error ["Named parameter \"id\" does not have a bound value."] []
[2023-02-23T03:28:54.807515+01:00] logger.ERROR: Doctrine Error ["Named parameter \"id\" does not have a bound value."] []
[2023-02-23T03:28:54.848749+01:00] logger.ERROR: Doctrine Error ["Named parameter \"id\" does not have a bound value."] []
[2023-02-23T03:28:54.890728+01:00] logger.ERROR: Doctrine Error ["Named parameter \"id\" does not have a bound value."] []
[2023-02-23T03:28:55.057607+01:00] logger.ERROR: Doctrine Error ["An exception occurred while executing a query: SQLSTATE[42000]: Syntax error or access violation: 1064 You have an error in your SQL syntax; check the manual that corresponds to your MariaDB server version for the right syntax to use near '(SELECT (CASE WHEN (7993=7163) THEN 'id' ELSE (SELECT 7163 UNION SELECT 8671)...' at line 1"] []
[2023-02-23T03:28:55.101417+01:00] logger.ERROR: Doctrine Error ["An exception occurred while executing a query: SQLSTATE[42000]: Syntax error or access violation: 1064 You have an error in your SQL syntax; check the manual that corresponds to your MariaDB server version for the right syntax to use near '(SELECT (CASE WHEN (6673=6673) THEN 'id' ELSE (SELECT 9016 UNION SELECT 5857)...' at line 1"] []
[2023-02-23T03:28:55.145411+01:00] logger.ERROR: Doctrine Error ["Named parameter \"id\" does not have a bound value."] []
[2023-02-23T03:28:55.192263+01:00] logger.ERROR: Doctrine Error ["Named parameter \"id\" does not have a bound value."] []
[2023-02-23T03:28:55.238627+01:00] logger.ERROR: Doctrine Error ["Named parameter \"id\" does not have a bound value."] []
[2023-02-23T03:28:55.280130+01:00] logger.ERROR: Doctrine Error ["Named parameter \"id\" does not have a bound value."] []
[2023-02-23T03:28:55.322682+01:00] logger.ERROR: Doctrine Error ["An exception occurred while executing a query: SQLSTATE[HY000]: General error: 1105 XPATH syntax error: '\\qpjbq1qjpkq'"] []
[2023-02-23T03:28:55.364904+01:00] logger.ERROR: Doctrine Error ["Named parameter \"id\" does not have a bound value."] []
[2023-02-23T03:28:55.407763+01:00] logger.ERROR: Doctrine Error ["Named parameter \"id\" does not have a bound value."] []
[2023-02-23T03:28:55.449889+01:00] logger.ERROR: Doctrine Error ["Named parameter \"id\" does not have a bound value."] []
[2023-02-23T03:28:55.491889+01:00] logger.ERROR: Doctrine Error ["Named parameter \"id\" does not have a bound value."] []
[2023-02-23T03:28:55.535170+01:00] logger.ERROR: Doctrine Error ["An exception occurred while executing a query: SQLSTATE[42000]: Syntax error or access violation: 1064 You have an error in your SQL syntax; check the manual that corresponds to your MariaDB server version for the right syntax to use near '::text||(CHR(113)||CHR(106)||CHR(112)||CHR(107)||CHR(113)) AS NUMERIC)-- ahYh...' at line 1"] []
[2023-02-23T03:28:55.580220+01:00] logger.ERROR: Doctrine Error ["Named parameter \"id\" does not have a bound value."] []
[2023-02-23T03:28:55.621818+01:00] logger.ERROR: Doctrine Error ["Named parameter \"id\" does not have a bound value."] []
[2023-02-23T03:28:55.663833+01:00] logger.ERROR: Doctrine Error ["Named parameter \"id\" does not have a bound value."] []
[2023-02-23T03:28:55.704845+01:00] logger.ERROR: Doctrine Error ["Named parameter \"id\" does not have a bound value."] []
[2023-02-23T03:28:55.809267+01:00] logger.ERROR: Doctrine Error ["Named parameter \"id\" does not have a bound value."] []
[2023-02-23T03:28:55.851254+01:00] logger.ERROR: Doctrine Error ["Named parameter \"id\" does not have a bound value."] []
[2023-02-23T03:28:55.893155+01:00] logger.ERROR: Doctrine Error ["Named parameter \"id\" does not have a bound value."] []
[2023-02-23T03:28:55.934292+01:00] logger.ERROR: Doctrine Error ["Named parameter \"id\" does not have a bound value."] []
[2023-02-23T03:28:55.976692+01:00] logger.ERROR: Doctrine Error ["An exception occurred while executing a query: SQLSTATE[42000]: Syntax error or access violation: 1370 execute command denied to user 'user'@'localhost' for routine 'highflyersukcouriers.XMLType'"] []
[2023-02-23T03:28:56.020875+01:00] logger.ERROR: Doctrine Error ["An exception occurred while executing a query: SQLSTATE[42000]: Syntax error or access violation: 1064 You have an error in your SQL syntax; check the manual that corresponds to your MariaDB server version for the right syntax to use near '(SELECT CONCAT(CONCAT('qpjbq',(CASE WHEN (6354=6354) THEN '1' ELSE '0' END)),...' at line 1"] []
[2023-02-23T03:28:56.064891+01:00] logger.ERROR: Doctrine Error ["An exception occurred while executing a query: SQLSTATE[42000]: Syntax error or access violation: 1064 You have an error in your SQL syntax; check the manual that corresponds to your MariaDB server version for the right syntax to use near '');SELECT PG_SLEEP(5)--= :id');SELECT PG_SLEEP(5)--' at line 1"] []
[2023-02-23T03:28:56.107783+01:00] logger.ERROR: Doctrine Error ["An exception occurred while executing a query: SQLSTATE[42000]: Syntax error or access violation: 1064 You have an error in your SQL syntax; check the manual that corresponds to your MariaDB server version for the right syntax to use near '';SELECT PG_SLEEP(5)--= :id';SELECT PG_SLEEP(5)--' at line 1"] []
[2023-02-23T03:28:56.149621+01:00] logger.ERROR: Doctrine Error ["An exception occurred while executing a query: SQLSTATE[42000]: Syntax error or access violation: 1064 You have an error in your SQL syntax; check the manual that corresponds to your MariaDB server version for the right syntax to use near ');SELECT PG_SLEEP(5)--= :id);SELECT PG_SLEEP(5)--' at line 1"] []
[2023-02-23T03:28:56.249878+01:00] logger.ERROR: Doctrine Error ["Named parameter \"0\" does not have a bound value."] []
[2023-02-23T03:28:56.284353+01:00] logger.ERROR: Doctrine Error ["Named parameter \"0\" does not have a bound value."] []
[2023-02-23T03:28:56.328769+01:00] logger.ERROR: Doctrine Error ["An exception occurred while executing a query: SQLSTATE[42000]: Syntax error or access violation: 1064 You have an error in your SQL syntax; check the manual that corresponds to your MariaDB server version for the right syntax to use near ');WAITFOR DELAY '0:0:5'--= :id);WAITFOR DELAY '0:0:5'--' at line 1"] []
[2023-02-23T03:28:56.427359+01:00] logger.ERROR: Doctrine Error ["An exception occurred while executing a query: SQLSTATE[42000]: Syntax error or access violation: 1064 You have an error in your SQL syntax; check the manual that corresponds to your MariaDB server version for the right syntax to use near '');SELECT DBMS_PIPE.RECEIVE_MESSAGE(CHR(97)||CHR(86)||CHR(114)||CHR(88),5) FR...' at line 1"] []
[2023-02-23T03:28:56.469969+01:00] logger.ERROR: Doctrine Error ["An exception occurred while executing a query: SQLSTATE[42000]: Syntax error or access violation: 1064 You have an error in your SQL syntax; check the manual that corresponds to your MariaDB server version for the right syntax to use near '';SELECT DBMS_PIPE.RECEIVE_MESSAGE(CHR(97)||CHR(86)||CHR(114)||CHR(88),5) FRO...' at line 1"] []
[2023-02-23T03:28:56.511907+01:00] logger.ERROR: Doctrine Error ["An exception occurred while executing a query: SQLSTATE[42000]: Syntax error or access violation: 1064 You have an error in your SQL syntax; check the manual that corresponds to your MariaDB server version for the right syntax to use near ');SELECT DBMS_PIPE.RECEIVE_MESSAGE(CHR(97)||CHR(86)||CHR(114)||CHR(88),5) FRO...' at line 1"] []
[2023-02-23T03:28:56.625139+01:00] logger.ERROR: Doctrine Error ["Named parameter \"id\" does not have a bound value."] []
[2023-02-23T03:28:56.666761+01:00] logger.ERROR: Doctrine Error ["Named parameter \"id\" does not have a bound value."] []
[2023-02-23T03:28:56.710690+01:00] logger.ERROR: Doctrine Error ["Named parameter \"id\" does not have a bound value."] []
[2023-02-23T03:28:56.752703+01:00] logger.ERROR: Doctrine Error ["Named parameter \"id\" does not have a bound value."] []
[2023-02-23T03:29:07.028300+01:00] logger.ERROR: Doctrine Error ["An exception occurred while executing a query: SQLSTATE[21000]: Cardinality violation: 1222 The used SELECT statements have a different number of columns"] []
[2023-02-23T03:29:07.072781+01:00] logger.ERROR: Doctrine Error ["An exception occurred while executing a query: SQLSTATE[21000]: Cardinality violation: 1222 The used SELECT statements have a different number of columns"] []
[2023-02-23T03:29:07.129277+01:00] logger.ERROR: Doctrine Error ["An exception occurred while executing a query: SQLSTATE[21000]: Cardinality violation: 1222 The used SELECT statements have a different number of columns"] []
[2023-02-23T03:29:07.230441+01:00] logger.ERROR: Doctrine Error ["An exception occurred while executing a query: SQLSTATE[21000]: Cardinality violation: 1222 The used SELECT statements have a different number of columns"] []
[2023-02-23T03:29:07.275236+01:00] logger.ERROR: Doctrine Error ["An exception occurred while executing a query: SQLSTATE[21000]: Cardinality violation: 1222 The used SELECT statements have a different number of columns"] []
[2023-02-23T03:29:07.318391+01:00] logger.ERROR: Doctrine Error ["An exception occurred while executing a query: SQLSTATE[21000]: Cardinality violation: 1222 The used SELECT statements have a different number of columns"] []
[2023-02-23T03:29:07.361879+01:00] logger.ERROR: Doctrine Error ["An exception occurred while executing a query: SQLSTATE[21000]: Cardinality violation: 1222 The used SELECT statements have a different number of columns"] []
[2023-02-23T03:29:07.407486+01:00] logger.ERROR: Doctrine Error ["An exception occurred while executing a query: SQLSTATE[21000]: Cardinality violation: 1222 The used SELECT statements have a different number of columns"] []
[2023-02-23T03:29:07.450383+01:00] logger.ERROR: Doctrine Error ["An exception occurred while executing a query: SQLSTATE[21000]: Cardinality violation: 1222 The used SELECT statements have a different number of columns"] []
[2023-02-23T03:29:07.493458+01:00] logger.ERROR: Doctrine Error ["An exception occurred while executing a query: SQLSTATE[21000]: Cardinality violation: 1222 The used SELECT statements have a different number of columns"] []
[2023-02-23T03:29:07.526575+01:00] logger.ERROR: Doctrine Error ["An exception occurred while executing a query: SQLSTATE[21000]: Cardinality violation: 1222 The used SELECT statements have a different number of columns"] []
[2023-02-23T03:29:07.570698+01:00] logger.ERROR: Doctrine Error ["An exception occurred while executing a query: SQLSTATE[21000]: Cardinality violation: 1222 The used SELECT statements have a different number of columns"] []
[2023-02-23T03:29:07.613524+01:00] logger.ERROR: Doctrine Error ["An exception occurred while executing a query: SQLSTATE[21000]: Cardinality violation: 1222 The used SELECT statements have a different number of columns"] []
[2023-02-23T03:29:07.656532+01:00] logger.ERROR: Doctrine Error ["An exception occurred while executing a query: SQLSTATE[21000]: Cardinality violation: 1222 The used SELECT statements have a different number of columns"] []
[2023-02-23T03:29:07.699557+01:00] logger.ERROR: Doctrine Error ["An exception occurred while executing a query: SQLSTATE[21000]: Cardinality violation: 1222 The used SELECT statements have a different number of columns"] []
[2023-02-23T03:29:07.742537+01:00] logger.ERROR: Doctrine Error ["An exception occurred while executing a query: SQLSTATE[21000]: Cardinality violation: 1222 The used SELECT statements have a different number of columns"] []
[2023-02-23T03:29:07.785331+01:00] logger.ERROR: Doctrine Error ["An exception occurred while executing a query: SQLSTATE[21000]: Cardinality violation: 1222 The used SELECT statements have a different number of columns"] []
[2023-02-23T03:29:07.827278+01:00] logger.ERROR: Doctrine Error ["An exception occurred while executing a query: SQLSTATE[21000]: Cardinality violation: 1222 The used SELECT statements have a different number of columns"] []
[2023-02-23T03:29:07.870344+01:00] logger.ERROR: Doctrine Error ["An exception occurred while executing a query: SQLSTATE[21000]: Cardinality violation: 1222 The used SELECT statements have a different number of columns"] []
[2023-02-23T04:30:50.506201+01:00] logger.NOTICE: User Authentication ["staff"] []
[2023-02-23T04:38:37.244014+01:00] logger.NOTICE: User Authentication ["customer"] []
[2023-02-23T04:38:53.559157+01:00] logger.NOTICE: User Authentication ["admin"] []
[2023-02-23T04:56:47.759191+01:00] logger.NOTICE: User Authentication ["customer"] []
[2023-02-23T04:57:27.728440+01:00] logger.NOTICE: User Authentication ["customer"] []
[2023-02-23T05:39:45.315263+01:00] logger.NOTICE: User Authentication ["admin"] []
[2023-02-23T06:10:18.813214+01:00] logger.ERROR: Doctrine Error ["An exception occurred while executing a query: SQLSTATE[42S22]: Column not found: 1054 Unknown column 'username' in 'field list'"] []
[2023-02-23T06:23:22.237624+01:00] logger.NOTICE: User Authentication ["customer"] []
[2023-02-23T06:23:25.612928+01:00] logger.ERROR: Doctrine Error ["An exception occurred while executing a query: SQLSTATE[42S02]: Base table or view not found: 1146 Table 'highflyersukcouriers.customer' doesn't exist"] []
[2023-02-23T06:23:34.375956+01:00] logger.ERROR: Doctrine Error ["An exception occurred while executing a query: SQLSTATE[42S02]: Base table or view not found: 1146 Table 'highflyersukcouriers.customer' doesn't exist"] []
[2023-02-23T06:24:55.183264+01:00] logger.ERROR: Doctrine Error ["An exception occurred while executing a query: SQLSTATE[42S02]: Base table or view not found: 1146 Table 'highflyersukcouriers.customer' doesn't exist"] []
[2023-02-23T06:25:21.880446+01:00] logger.NOTICE: User Authentication ["customer"] []
[2023-02-23T06:26:41.222515+01:00] logger.NOTICE: User Authentication ["admin"] []
[2023-02-23T06:27:23.470061+01:00] logger.NOTICE: User Authentication ["customer"] []
[2023-02-23T07:19:42.200142+01:00] logger.ERROR: Doctrine Error ["Named parameter \"username\" does not have a bound value."] []
[2023-02-23T07:19:52.555295+01:00] logger.ERROR: Doctrine Error ["Named parameter \"username\" does not have a bound value."] []
[2023-02-23T07:20:36.093217+01:00] logger.ERROR: Doctrine Error ["Named parameter \"username\" does not have a bound value."] []
[2023-02-23T07:21:06.050763+01:00] logger.ERROR: Doctrine Error ["Named parameter \"username\" does not have a bound value."] []
[2023-02-23T07:21:53.130931+01:00] logger.ERROR: Doctrine Error ["An exception occurred while executing a query: SQLSTATE[42S22]: Column not found: 1054 Unknown column 'c.username' in 'where clause'"] []
[2023-02-23T07:22:40.576599+01:00] logger.ERROR: Doctrine Error ["An exception occurred while executing a query: SQLSTATE[42S22]: Column not found: 1054 Unknown column 'c.collecton_phone_number' in 'field list'"] []
[2023-02-23T07:24:11.329753+01:00] logger.ERROR: Doctrine Error ["Named parameter \"collecton_phone_number\" does not have a bound value."] []
[2023-02-23T07:26:49.746953+01:00] logger.NOTICE: User Authentication ["customer"] []
[2023-02-23T07:27:02.797112+01:00] logger.NOTICE: User Authentication ["admin"] []
[2023-02-23T07:27:23.312087+01:00] logger.NOTICE: User Authentication ["newcustomer"] []
[2023-02-23T07:27:39.438178+01:00] logger.NOTICE: User Authentication ["customer"] []
[2023-02-23T19:48:36.911782+01:00] logger.NOTICE: User Authentication ["admin"] []
[2023-02-24T20:56:36.362027+01:00] logger.NOTICE: User Authentication ["customer"] []
[2023-02-27T19:19:10.278950+01:00] logger.NOTICE: User Authentication ["customer"] []
[2023-02-27T19:19:26.498144+01:00] logger.NOTICE: User Authentication ["admin"] []
[2023-02-27T19:20:21.770885+01:00] logger.NOTICE: User Authentication ["staff"] []
[2023-02-27T23:15:19.819274+01:00] logger.NOTICE: User Authentication ["admin"] []
[2023-02-27T23:17:35.127537+01:00] logger.NOTICE: User Authentication ["admin"] []
[2023-02-27T23:18:02.894868+01:00] logger.NOTICE: User Authentication ["staff"] []
[2023-02-27T23:18:15.952387+01:00] logger.NOTICE: User Authentication ["customer"] []
[2023-02-27T23:19:52.697980+01:00] logger.NOTICE: User Authentication ["admin"] []
[2023-02-27T23:20:10.213461+01:00] logger.NOTICE: User Authentication ["customer"] []
[2023-02-27T23:20:21.622776+01:00] logger.NOTICE: User Authentication ["admin"] []
[2023-02-28T22:37:50.279841+01:00] logger.NOTICE: User Authentication ["customer"] []
[2023-03-01T04:53:13.188583+01:00] logger.NOTICE: User Authentication ["admin"] []
[2023-03-01T04:53:22.513982+01:00] logger.NOTICE: User Authentication ["customer"] []
[2023-03-01T18:44:22.789367+01:00] logger.NOTICE: User Authentication ["customer"] []
[2023-03-01T22:16:07.817459+01:00] logger.NOTICE: User Authentication ["admin"] []
[2023-03-01T22:20:52.219688+01:00] logger.NOTICE: User Authentication ["admin"] []
[2023-03-01T22:21:38.570745+01:00] logger.NOTICE: User Authentication ["admin"] []
[2023-03-01T22:22:31.625136+01:00] logger.NOTICE: User Authentication ["admin"] []
[2023-03-01T22:23:31.211255+01:00] logger.NOTICE: User Authentication ["customer"] []
[2023-03-01T22:24:08.576689+01:00] logger.NOTICE: User Authentication ["admin"] []
[2023-03-01T22:24:27.544543+01:00] logger.NOTICE: User Authentication ["staff"] []
[2023-03-01T22:24:41.733228+01:00] logger.NOTICE: User Authentication ["admin"] []
[2023-03-01T22:51:49.070399+01:00] logger.NOTICE: User Authentication ["customer"] []
[2023-03-03T00:02:41.672414+01:00] logger.NOTICE: User Authentication ["customer"] []
[2023-03-03T07:51:17.558824+01:00] logger.NOTICE: User Authentication ["admin"] []
[2023-03-03T07:51:54.462504+01:00] logger.NOTICE: User Authentication ["customer"] []
[2023-03-03T08:03:36.961552+01:00] logger.NOTICE: User Authentication ["admin"] []
[2023-03-03T08:05:02.718382+01:00] logger.NOTICE: User Authentication ["customer"] []
[2023-03-03T08:25:18.438242+01:00] logger.NOTICE: User Authentication ["customer"] []
[2023-03-03T19:23:55.073569+01:00] logger.NOTICE: User Authentication ["customer"] []
[2023-03-05T19:01:17.213158+01:00] logger.NOTICE: User Authentication ["customer"] []
[2023-03-05T20:50:19.865389+01:00] logger.NOTICE: User Authentication ["admin"] []
[2023-03-05T21:22:14.357839+01:00] logger.NOTICE: User Authentication ["customer"] []
[2023-03-05T22:06:32.343357+01:00] logger.NOTICE: User Authentication ["customer"] []
[2023-03-06T20:24:49.945248+01:00] logger.NOTICE: User Authentication ["customer"] []
[2023-03-06T21:34:29.702364+01:00] logger.NOTICE: User Authentication ["customer"] []
[2023-03-06T23:26:05.920935+01:00] logger.NOTICE: User Authentication ["admin"] []
[2023-03-07T21:10:03.574054+01:00] logger.NOTICE: User Authentication ["admin"] []
[2023-03-07T22:08:54.447589+01:00] logger.NOTICE: User Authentication ["admin"] []
[2023-03-07T22:14:06.867358+01:00] logger.NOTICE: User Authentication ["admin"] []
[2023-03-07T23:20:48.957617+01:00] logger.NOTICE: User Authentication ["admin"] []
[2023-03-08T02:38:03.620072+01:00] logger.NOTICE: User Authentication ["newcustomer"] []
[2023-03-09T12:34:31.159673+01:00] logger.NOTICE: User Authentication ["admin"] []
[2023-03-09T12:42:42.257393+01:00] logger.NOTICE: User Authentication ["admin"] []
[2023-03-09T16:05:45.692246+01:00] logger.NOTICE: User Authentication ["admin"] []
[2023-03-09T16:06:17.728113+01:00] logger.NOTICE: User Authentication ["admin"] []
[2023-03-09T16:06:26.209808+01:00] logger.NOTICE: User Authentication ["customer"] []
[2023-03-09T16:06:40.236007+01:00] logger.NOTICE: User Authentication ["customer"] []
[2023-03-09T16:07:40.045744+01:00] logger.NOTICE: User Authentication ["customer"] []
[2023-03-09T16:07:49.754660+01:00] logger.NOTICE: User Authentication ["admin"] []
[2023-03-09T16:27:41.597408+01:00] logger.NOTICE: User Authentication ["newadmin"] []
[2023-03-09T16:27:49.942296+01:00] logger.NOTICE: User Authentication ["admin"] []
[2023-03-09T16:28:49.698141+01:00] logger.NOTICE: User Authentication ["newadmin"] []
[2023-03-09T16:33:44.794163+01:00] logger.NOTICE: User Authentication ["James"] []
[2023-03-09T17:37:41.862114+01:00] logger.NOTICE: User Authentication ["admin"] []
[2023-03-09T17:49:45.883660+01:00] logger.NOTICE: User Authentication ["admin"] []
[2023-03-09T17:52:45.995819+01:00] logger.NOTICE: User Authentication ["admin"] []
[2023-03-09T17:56:39.150561+01:00] logger.NOTICE: User Authentication ["admin"] []
[2023-03-09T18:41:20.112817+01:00] logger.NOTICE: User Authentication ["admin"] []
[2023-03-09T20:31:35.216300+01:00] logger.NOTICE: User Authentication ["admin"] []
[2023-03-09T21:39:19.568092+01:00] logger.NOTICE: User Authentication ["admin"] []
[2023-03-10T11:54:23.724695+01:00] logger.NOTICE: User Authentication ["customer"] []
[2023-03-10T13:41:17.773316+01:00] logger.ERROR: Doctrine Error ["An exception occurred while executing a query: SQLSTATE[23000]: Integrity constraint violation: 1048 Column 'animal_type' cannot be null"] []
[2023-03-10T13:41:43.403050+01:00] logger.ERROR: Doctrine Error ["An exception occurred while executing a query: SQLSTATE[23000]: Integrity constraint violation: 1048 Column 'animal_type' cannot be null"] []
[2023-03-10T13:41:55.578965+01:00] logger.NOTICE: User Authentication ["admin"] []
[2023-03-10T13:42:56.428613+01:00] logger.NOTICE: User Authentication ["customer"] []
[2023-03-10T13:43:16.334429+01:00] logger.ERROR: Doctrine Error ["An exception occurred while executing a query: SQLSTATE[23000]: Integrity constraint violation: 1048 Column 'animal_type' cannot be null"] []
[2023-03-10T13:43:25.001096+01:00] logger.NOTICE: User Authentication ["admin"] []
[2023-03-10T13:44:07.225558+01:00] logger.NOTICE: User Authentication ["customer"] []
[2023-03-10T13:46:40.406835+01:00] logger.NOTICE: User Authentication ["admin"] []
[2023-03-10T13:47:12.126782+01:00] logger.NOTICE: User Authentication ["customer"] []
[2023-03-10T13:48:55.703872+01:00] logger.NOTICE: User Authentication ["admin"] []
[2023-03-10T13:49:18.566019+01:00] logger.NOTICE: User Authentication ["customer"] []
[2023-03-10T13:49:55.558573+01:00] logger.ERROR: Doctrine Error ["An exception occurred while executing a query: SQLSTATE[23000]: Integrity constraint violation: 1048 Column 'animal_type' cannot be null"] []
[2023-03-10T13:50:08.263966+01:00] logger.NOTICE: User Authentication ["admin"] []
[2023-03-10T13:50:32.420967+01:00] logger.NOTICE: User Authentication ["customer"] []
[2023-03-10T14:45:52.102815+01:00] logger.NOTICE: User Authentication ["admin"] []
[2023-03-10T14:49:51.381915+01:00] logger.NOTICE: User Authentication ["customer"] []
[2023-03-10T16:54:26.478715+01:00] logger.NOTICE: User Authentication ["customer"] []
[2023-03-10T16:59:22.367660+01:00] logger.NOTICE: User Authentication ["customer"] []
[2023-03-10T17:28:52.541815+01:00] logger.NOTICE: User Authentication ["admin"] []
[2023-03-10T17:30:26.199700+01:00] logger.NOTICE: User Authentication ["customer"] []
[2023-03-10T17:42:48.956944+01:00] logger.NOTICE: User Authentication ["customer"] []
[2023-03-10T18:12:23.454505+01:00] logger.NOTICE: User Authentication ["admin"] []
[2023-03-10T18:12:36.233746+01:00] logger.NOTICE: User Authentication ["customer"] []
[2023-03-10T18:13:35.447915+01:00] logger.NOTICE: User Authentication ["admin"] []
[2023-03-10T18:16:10.992122+01:00] logger.NOTICE: User Authentication ["anothercustomer"] []
[2023-03-10T18:17:08.689347+01:00] logger.NOTICE: User Authentication ["admin"] []
[2023-03-10T18:18:08.302225+01:00] logger.NOTICE: User Authentication ["anothercustomer"] []
[2023-03-10T18:26:20.452324+01:00] logger.NOTICE: User Authentication ["admin"] []
[2023-03-10T18:47:29.618954+01:00] logger.NOTICE: User Authentication ["admin"] []
[2023-03-10T19:01:14.012145+01:00] logger.NOTICE: User Authentication ["customer"] []
[2023-03-10T20:08:09.494304+01:00] logger.NOTICE: User Authentication ["admin"] []
[2023-03-11T10:42:30.603158+01:00] logger.NOTICE: User Authentication ["customer"] []
[2023-03-12T21:37:17.642675+01:00] logger.NOTICE: User Authentication ["admin"] []
[2023-03-12T22:25:24.110851+01:00] logger.NOTICE: User Authentication ["admin"] []
[2023-03-12T22:55:33.897390+01:00] logger.NOTICE: User Authentication ["admin"] []
[2023-03-13T09:17:27.844156+01:00] logger.NOTICE: User Authentication ["admin"] []
[2023-03-13T12:44:37.283041+01:00] logger.NOTICE: User Authentication ["admin"] []
[2023-03-13T12:44:48.995771+01:00] logger.NOTICE: User Authentication ["admin"] []
[2023-03-13T12:45:04.165104+01:00] logger.NOTICE: User Authentication ["admin"] []
[2023-03-13T12:45:37.630257+01:00] logger.NOTICE: User Authentication ["admin"] []
[2023-03-13T13:32:01.527706+01:00] logger.NOTICE: User Authentication ["customer"] []
[2023-03-13T13:46:46.586190+01:00] logger.NOTICE: User Authentication ["customer"] []
[2023-03-13T14:03:53.713823+01:00] logger.NOTICE: User Authentication ["customer"] []
[2023-03-13T20:31:48.547112+01:00] logger.NOTICE: User Authentication ["admin"] []
[2023-03-13T21:29:58.600697+01:00] logger.NOTICE: User Authentication ["admin"] []
[2023-03-13T22:04:21.493729+01:00] logger.NOTICE: User Authentication ["customer"] []
[2023-03-13T22:08:46.034236+01:00] logger.NOTICE: User Authentication ["admin"] []
[2023-03-13T22:35:30.354678+01:00] logger.ERROR: Doctrine Error ["Named parameter \"printed\" does not have a bound value."] []
[2023-03-13T22:36:21.931768+01:00] logger.ERROR: Doctrine Error ["Named parameter \"printed\" does not have a bound value."] []
[2023-03-13T22:36:21.933479+01:00] logger.ERROR: Doctrine Error ["Named parameter \"printed\" does not have a bound value."] []
[2023-03-13T22:37:02.399625+01:00] logger.ERROR: Doctrine Error ["Named parameter \"printed\" does not have a bound value."] []
[2023-03-13T22:37:02.400923+01:00] logger.ERROR: Doctrine Error ["Named parameter \"printed\" does not have a bound value."] []
[2023-03-13T22:37:38.831708+01:00] logger.ERROR: Doctrine Error ["Named parameter \"printed\" does not have a bound value."] []
[2023-03-13T22:40:33.284210+01:00] logger.ERROR: Doctrine Error ["Named parameter \"printed\" does not have a bound value."] []
[2023-03-13T22:41:10.553675+01:00] logger.ERROR: Doctrine Error ["Named parameter \"printed\" does not have a bound value."] []
[2023-03-14T08:49:41.809776+01:00] logger.NOTICE: User Authentication ["admin"] []
[2023-03-14T09:30:00.151029+01:00] logger.NOTICE: User Authentication ["customer"] []
[2023-03-14T10:00:32.287202+01:00] logger.NOTICE: User Authentication ["admin"] []
[2023-03-14T10:20:34.136904+01:00] logger.NOTICE: User Authentication ["admin"] []
[2023-03-14T10:26:00.181683+01:00] logger.NOTICE: User Authentication ["admin"] []
[2023-03-14T10:40:37.760150+01:00] logger.NOTICE: User Authentication ["customer"] []
[2023-03-14T10:41:36.593970+01:00] logger.NOTICE: User Authentication ["admin"] []
[2023-03-14T14:27:19.100334+01:00] logger.NOTICE: User Authentication ["customer"] []
[2023-03-14T14:58:31.624494+01:00] logger.NOTICE: User Authentication ["admin"] []
[2023-03-14T15:15:40.510690+01:00] logger.NOTICE: User Authentication ["admin"] []
[2023-03-15T10:00:44.758993+01:00] logger.NOTICE: User Authentication ["customer"] []
[2023-03-15T11:07:53.224621+01:00] logger.NOTICE: User Authentication ["customer"] []
[2023-03-15T14:18:33.355221+01:00] logger.NOTICE: User Authentication ["admin"] []
[2023-03-15T14:18:56.924525+01:00] logger.NOTICE: User Authentication ["anothercustomer"] []
[2023-03-15T22:58:03.873558+01:00] logger.ERROR: Doctrine Error ["An exception occurred while executing a query: SQLSTATE[23000]: Integrity constraint violation: 1048 Column 'animal_type' cannot be null"] []
[2023-03-15T22:58:20.479584+01:00] logger.ERROR: Doctrine Error ["An exception occurred while executing a query: SQLSTATE[23000]: Integrity constraint violation: 1048 Column 'animal_type' cannot be null"] []
[2023-03-15T22:58:56.192216+01:00] logger.ERROR: Doctrine Error ["An exception occurred while executing a query: SQLSTATE[23000]: Integrity constraint violation: 1048 Column 'animal_type' cannot be null"] []
[2023-03-15T22:59:39.741860+01:00] logger.ERROR: Doctrine Error ["An exception occurred while executing a query: SQLSTATE[23000]: Integrity constraint violation: 1048 Column 'animal_type' cannot be null"] []
[2023-03-15T23:12:10.200602+01:00] logger.ERROR: Doctrine Error ["An exception occurred while executing a query: SQLSTATE[23000]: Integrity constraint violation: 1048 Column 'animal_type' cannot be null"] []
[2023-03-15T23:13:20.719245+01:00] logger.ERROR: Doctrine Error ["An exception occurred while executing a query: SQLSTATE[23000]: Integrity constraint violation: 1048 Column 'animal_type' cannot be null"] []
[2023-03-15T23:14:00.745353+01:00] logger.ERROR: Doctrine Error ["An exception occurred while executing a query: SQLSTATE[23000]: Integrity constraint violation: 1048 Column 'animal_type' cannot be null"] []
[2023-03-15T23:14:21.211501+01:00] logger.ERROR: Doctrine Error ["An exception occurred while executing a query: SQLSTATE[23000]: Integrity constraint violation: 1048 Column 'animal_type' cannot be null"] []
[2023-03-15T23:21:37.647426+01:00] logger.ERROR: Doctrine Error ["An exception occurred while executing a query: SQLSTATE[23000]: Integrity constraint violation: 1048 Column 'animal_type' cannot be null"] []
[2023-03-16T09:12:29.136328+01:00] logger.NOTICE: User Authentication ["customer"] []
[2023-03-16T09:21:47.840628+01:00] logger.NOTICE: User Authentication ["customer"] []
[2023-03-16T09:47:34.690548+01:00] logger.NOTICE: User Authentication ["admin"] []
[2023-03-16T10:12:53.491214+01:00] logger.NOTICE: User Authentication ["admin"] []
[2023-03-16T10:48:50.661189+01:00] logger.NOTICE: User Authentication ["customer"] []
[2023-03-16T11:05:33.938541+01:00] logger.NOTICE: User Authentication ["admin"] []
[2023-03-16T11:05:57.419830+01:00] logger.NOTICE: User Authentication ["staff"] []
[2023-03-16T11:26:23.788844+01:00] logger.NOTICE: User Authentication ["customer"] []
[2023-03-16T12:20:19.895424+01:00] logger.NOTICE: User Authentication ["customer"] []
[2023-03-16T12:24:08.708067+01:00] logger.NOTICE: User Authentication ["customer"] []
[2023-03-16T12:28:23.543314+01:00] logger.NOTICE: User Authentication ["customer"] []
[2023-03-16T12:43:55.663833+01:00] logger.NOTICE: User Authentication ["customer"] []
[2023-03-16T12:50:13.244913+01:00] logger.NOTICE: User Authentication ["admin"] []
[2023-03-16T12:51:29.156921+01:00] logger.NOTICE: User Authentication ["customer"] []
[2023-03-16T14:56:34.831376+01:00] logger.NOTICE: User Authentication ["customer"] []
[2023-03-16T16:44:37.444299+01:00] logger.NOTICE: User Authentication ["customer"] []
[2023-03-17T11:24:34.171433+01:00] logger.NOTICE: User Authentication ["customer"] []
[2023-03-17T15:51:39.074552+01:00] logger.NOTICE: User Authentication ["admin"] []
[2023-03-17T16:53:21.379798+01:00] logger.NOTICE: User Authentication ["admin"] []
[2023-04-30T21:49:51.372124+02:00] logger.NOTICE: User Authentication ["admin"] []
[2023-04-30T21:50:26.193358+02:00] logger.NOTICE: User Authentication ["admin"] []
[2023-04-30T22:04:41.940422+02:00] logger.NOTICE: User Authentication ["admin"] []
[2023-04-30T22:08:04.562747+02:00] logger.NOTICE: User Authentication ["admin"] []
[2023-05-20T20:50:34.686296+02:00] logger.ERROR: Doctrine Error ["An exception occurred in the driver: SQLSTATE[HY000] [1044] Access denied for user 'user'@'localhost' to database 'highflyersukcouriers'"] []
[2023-05-20T20:50:40.106645+02:00] logger.ERROR: Doctrine Error ["An exception occurred in the driver: SQLSTATE[HY000] [1044] Access denied for user 'user'@'localhost' to database 'highflyersukcouriers'"] []
[2023-05-20T20:55:55.322594+02:00] logger.ERROR: Doctrine Error ["An exception occurred in the driver: SQLSTATE[HY000] [1044] Access denied for user 'user'@'localhost' to database 'highflyersukcouriers'"] []
[2023-05-20T20:56:01.629130+02:00] logger.ERROR: Doctrine Error ["An exception occurred in the driver: SQLSTATE[HY000] [1044] Access denied for user 'user'@'localhost' to database 'highflyersukcouriers'"] []
[2023-05-20T20:56:14.922969+02:00] logger.ERROR: Doctrine Error ["An exception occurred in the driver: SQLSTATE[HY000] [1044] Access denied for user 'user'@'localhost' to database 'highflyersukcouriers'"] []
[2023-05-20T21:01:31.118955+02:00] logger.ERROR: Doctrine Error ["An exception occurred in the driver: SQLSTATE[HY000] [1044] Access denied for user 'user'@'localhost' to database 'highflyersukcouriers'"] []
[2023-05-20T21:01:46.257110+02:00] logger.ERROR: Doctrine Error ["An exception occurred in the driver: SQLSTATE[HY000] [1044] Access denied for user 'user'@'localhost' to database 'highflyersukcouriers'"] []
[2023-05-20T21:01:57.797095+02:00] logger.ERROR: Doctrine Error ["An exception occurred in the driver: SQLSTATE[HY000] [1044] Access denied for user 'user'@'localhost' to database 'highflyersukcouriers'"] []
[2023-05-20T21:03:03.427434+02:00] logger.ERROR: Doctrine Error ["An exception occurred in the driver: SQLSTATE[HY000] [1044] Access denied for user 'user'@'localhost' to database 'highflyersukcouriers'"] []
[2023-05-20T21:03:09.570744+02:00] logger.ERROR: Doctrine Error ["An exception occurred in the driver: SQLSTATE[HY000] [1044] Access denied for user 'user'@'localhost' to database 'highflyersukcouriers'"] []
[2023-05-20T21:09:23.833977+02:00] logger.ERROR: Doctrine Error ["An exception occurred in the driver: SQLSTATE[HY000] [1044] Access denied for user 'user'@'localhost' to database 'highflyersukcouriers'"] []
[2023-05-20T21:10:34.264281+02:00] logger.ERROR: Doctrine Error ["An exception occurred in the driver: SQLSTATE[HY000] [1044] Access denied for user 'user'@'localhost' to database 'highflyersukcouriers'"] []
[2023-05-20T21:10:39.181035+02:00] logger.ERROR: Doctrine Error ["An exception occurred in the driver: SQLSTATE[HY000] [1044] Access denied for user 'user'@'localhost' to database 'highflyersukcouriers'"] []
[2023-05-20T21:12:50.029403+02:00] logger.ERROR: Doctrine Error ["An exception occurred in the driver: SQLSTATE[HY000] [1044] Access denied for user 'user'@'localhost' to database 'highflyersukcouriers'"] []
[2023-05-20T21:13:06.677935+02:00] logger.ERROR: Doctrine Error ["An exception occurred in the driver: SQLSTATE[HY000] [1044] Access denied for user 'user'@'localhost' to database 'highflyersukcouriers'"] []
[2023-05-20T21:14:50.601186+02:00] logger.ERROR: Doctrine Error ["An exception occurred in the driver: SQLSTATE[HY000] [1044] Access denied for user 'user'@'localhost' to database 'highflyersukcouriers'"] []
[2023-05-20T21:16:40.976972+02:00] logger.ERROR: Doctrine Error ["An exception occurred in the driver: SQLSTATE[HY000] [1044] Access denied for user 'user'@'localhost' to database 'highflyersukcouriers'"] []
[2023-05-20T21:17:29.788656+02:00] logger.ERROR: Doctrine Error ["An exception occurred in the driver: SQLSTATE[HY000] [1044] Access denied for user 'user'@'localhost' to database 'highflyersukcouriers'"] []
[2023-05-20T21:17:40.090296+02:00] logger.ERROR: Doctrine Error ["An exception occurred in the driver: SQLSTATE[HY000] [1044] Access denied for user 'user'@'localhost' to database 'highflyersukcouriers'"] []
[2023-05-20T21:18:02.621220+02:00] logger.ERROR: Doctrine Error ["An exception occurred in the driver: SQLSTATE[HY000] [1044] Access denied for user 'user'@'localhost' to database 'highflyersukcouriers'"] []
[2023-05-20T21:19:56.886122+02:00] logger.ERROR: Doctrine Error ["An exception occurred in the driver: SQLSTATE[HY000] [1044] Access denied for user 'user'@'localhost' to database 'highflyersukcouriers'"] []
[2023-05-20T21:19:56.950985+02:00] logger.ERROR: Doctrine Error ["An exception occurred in the driver: SQLSTATE[HY000] [1044] Access denied for user 'user'@'localhost' to database 'highflyersukcouriers'"] []
[2023-05-20T21:20:15.594203+02:00] logger.ERROR: Doctrine Error ["An exception occurred in the driver: SQLSTATE[HY000] [1044] Access denied for user 'user'@'localhost' to database 'highflyersukcouriers'"] []
[2023-05-20T21:23:28.825035+02:00] logger.ERROR: Doctrine Error ["An exception occurred in the driver: SQLSTATE[HY000] [1044] Access denied for user 'user'@'localhost' to database 'highflyersukcouriers'"] []
[2023-05-20T21:23:51.461785+02:00] logger.ERROR: Doctrine Error ["An exception occurred in the driver: SQLSTATE[HY000] [1044] Access denied for user 'user'@'localhost' to database 'highflyersukcouriers'"] []
[2023-05-20T21:23:51.514741+02:00] logger.ERROR: Doctrine Error ["An exception occurred in the driver: SQLSTATE[HY000] [1044] Access denied for user 'user'@'localhost' to database 'highflyersukcouriers'"] []
[2023-05-20T21:26:39.405615+02:00] logger.ERROR: Doctrine Error ["An exception occurred in the driver: SQLSTATE[HY000] [1044] Access denied for user 'user'@'localhost' to database 'highflyersukcouriers'"] []
[2023-05-20T21:26:39.471105+02:00] logger.ERROR: Doctrine Error ["An exception occurred in the driver: SQLSTATE[HY000] [1044] Access denied for user 'user'@'localhost' to database 'highflyersukcouriers'"] []
[2023-05-20T21:26:59.619403+02:00] logger.ERROR: Doctrine Error ["An exception occurred in the driver: SQLSTATE[HY000] [1044] Access denied for user 'user'@'localhost' to database 'highflyersukcouriers'"] []
[2023-05-20T21:26:59.672438+02:00] logger.ERROR: Doctrine Error ["An exception occurred in the driver: SQLSTATE[HY000] [1044] Access denied for user 'user'@'localhost' to database 'highflyersukcouriers'"] []
[2023-05-20T21:30:52.735969+02:00] logger.ERROR: Doctrine Error ["An exception occurred in the driver: SQLSTATE[HY000] [1044] Access denied for user 'user'@'localhost' to database 'highflyersukcouriers'"] []
[2023-05-20T21:30:52.801790+02:00] logger.ERROR: Doctrine Error ["An exception occurred in the driver: SQLSTATE[HY000] [1044] Access denied for user 'user'@'localhost' to database 'highflyersukcouriers'"] []
[2023-05-20T21:42:27.727915+02:00] logger.ERROR: Doctrine Error ["An exception occurred in the driver: SQLSTATE[HY000] [1045] Access denied for user 'root'@'localhost' (using password: YES)"] []
[2023-05-20T21:42:27.793127+02:00] logger.ERROR: Doctrine Error ["An exception occurred in the driver: SQLSTATE[HY000] [1045] Access denied for user 'root'@'localhost' (using password: YES)"] []
[2023-05-20T21:42:59.687199+02:00] logger.ERROR: Doctrine Error ["An exception occurred in the driver: SQLSTATE[HY000] [1045] Access denied for user 'root'@'localhost' (using password: YES)"] []
[2023-05-20T21:44:34.085749+02:00] logger.ERROR: Doctrine Error ["An exception occurred in the driver: SQLSTATE[HY000] [1045] Access denied for user 'root'@'localhost' (using password: YES)"] []
[2023-05-20T21:44:34.147000+02:00] logger.ERROR: Doctrine Error ["An exception occurred in the driver: SQLSTATE[HY000] [1045] Access denied for user 'root'@'localhost' (using password: YES)"] []
[2023-05-20T21:45:13.245024+02:00] logger.ERROR: Doctrine Error ["An exception occurred in the driver: SQLSTATE[HY000] [1044] Access denied for user 'user'@'localhost' to database 'highflyersukcouriers'"] []
[2023-05-20T21:45:13.307344+02:00] logger.ERROR: Doctrine Error ["An exception occurred in the driver: SQLSTATE[HY000] [1044] Access denied for user 'user'@'localhost' to database 'highflyersukcouriers'"] []
[2023-05-21T18:57:49.105948+02:00] logger.ERROR: Doctrine Error ["An exception occurred in the driver: SQLSTATE[HY000] [1044] Access denied for user 'user'@'localhost' to database 'highflyersukcouriers'"] []
[2023-05-21T18:58:12.600159+02:00] logger.ERROR: Doctrine Error ["An exception occurred in the driver: SQLSTATE[HY000] [1044] Access denied for user 'user'@'localhost' to database 'highflyersukcouriers'"] []
[2023-05-21T18:58:12.663315+02:00] logger.ERROR: Doctrine Error ["An exception occurred in the driver: SQLSTATE[HY000] [1044] Access denied for user 'user'@'localhost' to database 'highflyersukcouriers'"] []
[2023-05-21T19:01:49.475884+02:00] logger.NOTICE: User Authentication ["admin"] []
[2023-05-21T19:40:38.053664+02:00] logger.NOTICE: User Authentication ["admin"] []
[2023-05-21T21:28:40.481450+02:00] logger.ERROR: Doctrine Error ["An exception occurred in the driver: SQLSTATE[HY000] [2002] No connection could be made because the target machine actively refused it"] []
[2023-05-21T21:28:50.832226+02:00] logger.ERROR: Doctrine Error ["An exception occurred in the driver: SQLSTATE[HY000] [2002] No connection could be made because the target machine actively refused it"] []
[2023-05-21T22:59:50.092062+02:00] logger.ERROR: Doctrine Error ["An exception occurred in the driver: SQLSTATE[HY000] [1045] Access denied for user 'user'@'localhost' (using password: YES)"] []
[2023-05-21T22:59:57.967931+02:00] logger.ERROR: Doctrine Error ["An exception occurred in the driver: SQLSTATE[HY000] [1045] Access denied for user 'user'@'localhost' (using password: YES)"] []
[2023-05-21T23:01:20.581924+02:00] logger.ERROR: Doctrine Error ["An exception occurred in the driver: SQLSTATE[HY000] [1045] Access denied for user 'user'@'localhost' (using password: YES)"] []
[2023-05-21T23:01:20.646844+02:00] logger.ERROR: Doctrine Error ["An exception occurred in the driver: SQLSTATE[HY000] [1045] Access denied for user 'user'@'localhost' (using password: YES)"] []
[2023-05-21T23:01:43.772054+02:00] logger.ERROR: Doctrine Error ["An exception occurred in the driver: SQLSTATE[HY000] [1045] Access denied for user 'user'@'localhost' (using password: YES)"] []
[2023-05-21T23:01:48.997870+02:00] logger.ERROR: Doctrine Error ["An exception occurred in the driver: SQLSTATE[HY000] [1045] Access denied for user 'user'@'localhost' (using password: YES)"] []
[2023-05-21T23:01:49.051427+02:00] logger.ERROR: Doctrine Error ["An exception occurred in the driver: SQLSTATE[HY000] [1045] Access denied for user 'user'@'localhost' (using password: YES)"] []
[2023-05-21T23:02:03.871153+02:00] logger.ERROR: Doctrine Error ["An exception occurred in the driver: SQLSTATE[HY000] [1045] Access denied for user 'user'@'localhost' (using password: YES)"] []
[2023-05-21T23:02:15.548191+02:00] logger.ERROR: Doctrine Error ["An exception occurred in the driver: SQLSTATE[HY000] [1045] Access denied for user 'user'@'localhost' (using password: YES)"] []
[2023-05-21T23:02:15.612718+02:00] logger.ERROR: Doctrine Error ["An exception occurred in the driver: SQLSTATE[HY000] [1045] Access denied for user 'user'@'localhost' (using password: YES)"] []
[2023-05-21T23:02:58.643663+02:00] logger.ERROR: Doctrine Error ["An exception occurred in the driver: SQLSTATE[HY000] [1045] Access denied for user 'user'@'localhost' (using password: YES)"] []
[2023-05-21T23:02:58.707783+02:00] logger.ERROR: Doctrine Error ["An exception occurred in the driver: SQLSTATE[HY000] [1045] Access denied for user 'user'@'localhost' (using password: YES)"] []
[2023-05-21T23:06:32.525877+02:00] logger.NOTICE: User Authentication ["admin"] []
[2023-05-21T23:20:19.676410+02:00] logger.NOTICE: User Authentication ["customer"] []
[2023-05-21T23:21:03.004336+02:00] logger.NOTICE: User Authentication ["admin"] []
[2023-05-22T18:53:55.252530+02:00] logger.NOTICE: User Authentication ["admin"] []
[2023-05-22T20:22:34.138032+02:00] logger.NOTICE: User Authentication ["admin"] []
[2023-05-22T20:22:44.001143+02:00] logger.NOTICE: User Authentication ["customer"] []
[2023-05-22T20:24:35.900849+02:00] logger.NOTICE: User Authentication ["admin"] []
[2023-05-22T21:25:24.081775+02:00] logger.NOTICE: User Authentication ["admin"] []
[2023-05-22T21:28:02.612161+02:00] logger.NOTICE: User Authentication ["customer"] []
[2023-05-22T21:29:30.039808+02:00] logger.NOTICE: User Authentication ["admin"] []
[2023-05-22T21:35:36.361739+02:00] logger.NOTICE: User Authentication ["admin"] []
[2023-05-22T21:49:56.957605+02:00] logger.NOTICE: User Authentication ["customer"] []
[2023-05-22T22:20:23.348727+02:00] logger.NOTICE: User Authentication ["admin"] []
[2023-05-22T22:22:13.369794+02:00] logger.NOTICE: User Authentication ["admin"] []
[2023-05-22T22:22:29.651573+02:00] logger.NOTICE: User Authentication ["customer"] []
[2023-05-22T22:28:10.845846+02:00] logger.NOTICE: User Authentication ["admin"] []
[2023-05-22T22:58:29.885126+02:00] logger.NOTICE: User Authentication ["customer"] []
[2023-05-22T23:21:17.798021+02:00] logger.NOTICE: User Authentication ["admin"] []
[2023-05-23T22:11:55.231251+02:00] logger.NOTICE: User Authentication ["customer"] []
[2023-05-23T22:23:57.988068+02:00] logger.NOTICE: User Authentication ["admin"] []
[2023-05-24T00:22:56.261516+02:00] logger.NOTICE: User Authentication ["customer"] []
[2023-05-24T00:54:23.200369+02:00] logger.NOTICE: User Authentication ["customer"] []
[2023-05-24T01:15:11.259041+02:00] logger.NOTICE: User Authentication ["admin"] []
[2023-05-24T03:09:46.385396+02:00] logger.NOTICE: User Authentication ["staff"] []
[2023-05-24T03:18:31.958219+02:00] logger.NOTICE: User Authentication ["admin"] []
[2023-05-24T03:19:39.392883+02:00] logger.NOTICE: User Authentication ["admin"] []
[2023-05-24T03:19:57.643206+02:00] logger.NOTICE: User Authentication ["customer"] []
[2023-05-24T03:21:05.556485+02:00] logger.NOTICE: User Authentication ["admin"] []
[2023-05-31T07:26:06.727733+02:00] logger.NOTICE: User Authentication ["admin"] []
[2023-05-31T23:41:58.743148+02:00] logger.NOTICE: User Authentication ["admin"] []
[2023-06-01T23:41:12.093865+02:00] logger.NOTICE: User Authentication ["customer"] []
[2023-06-01T23:50:58.680741+02:00] logger.NOTICE: User Authentication ["admin"] []
[2023-06-02T01:20:20.006814+02:00] logger.NOTICE: User Authentication ["admin"] []
[2023-06-04T18:05:59.396334+02:00] logger.NOTICE: User Authentication ["staff"] []
[2023-06-04T18:15:38.347764+02:00] logger.NOTICE: User Authentication ["admin"] []
[2023-06-04T18:32:36.659917+02:00] logger.NOTICE: User Authentication ["admin"] []
[2023-06-04T18:33:06.518694+02:00] logger.NOTICE: User Authentication ["staff"] []
[2023-06-04T18:57:24.163797+02:00] logger.NOTICE: User Authentication ["admin"] []
[2023-06-04T19:00:35.717659+02:00] logger.NOTICE: User Authentication ["staff"] []
[2023-06-04T19:01:35.277539+02:00] logger.NOTICE: User Authentication ["admin"] []
[2023-06-04T19:01:54.840932+02:00] logger.NOTICE: User Authentication ["staff"] []
[2023-06-04T19:11:40.486545+02:00] logger.NOTICE: User Authentication ["admin"] []
[2023-06-04T19:12:49.720899+02:00] logger.NOTICE: User Authentication ["staff"] []
[2023-06-04T19:13:20.374906+02:00] logger.NOTICE: User Authentication ["admin"] []
[2023-06-04T19:17:22.938505+02:00] logger.NOTICE: User Authentication ["staff"] []
[2023-06-04T19:18:41.210345+02:00] logger.NOTICE: User Authentication ["admin"] []
[2023-06-04T19:18:53.757493+02:00] logger.NOTICE: User Authentication ["staff"] []
[2023-06-04T19:19:00.180321+02:00] logger.NOTICE: User Authentication ["admin"] []
[2023-06-04T20:11:14.544169+02:00] logger.NOTICE: User Authentication ["admin"] []
[2023-06-04T20:14:21.711079+02:00] logger.NOTICE: User Authentication ["admin"] []
[2023-06-04T20:20:21.912535+02:00] logger.NOTICE: User Authentication ["admin"] []
[2023-06-05T19:43:49.142696+02:00] logger.NOTICE: User Authentication ["admin"] []
[2023-06-05T21:09:31.534787+02:00] logger.NOTICE: User Authentication ["customer"] []
[2023-06-05T21:14:55.654199+02:00] logger.NOTICE: User Authentication ["admin"] []
[2023-06-05T21:21:23.804573+02:00] logger.NOTICE: User Authentication ["staff"] []
[2023-06-05T21:21:38.525534+02:00] logger.NOTICE: User Authentication ["admin"] []
[2023-06-06T02:14:55.392883+02:00] logger.NOTICE: User Authentication ["staff"] []
[2023-06-06T02:16:32.265741+02:00] logger.NOTICE: User Authentication ["admin"] []
[2023-06-06T19:23:46.985992+02:00] logger.NOTICE: User Authentication ["admin"] []
[2023-06-06T19:42:37.446680+02:00] logger.NOTICE: User Authentication ["staff"] []
[2023-06-06T19:42:55.137222+02:00] logger.NOTICE: User Authentication ["admin"] []
[2023-06-06T19:43:06.158210+02:00] logger.NOTICE: User Authentication ["staff"] []
[2023-06-06T19:44:19.481322+02:00] logger.NOTICE: User Authentication ["admin"] []
[2023-06-07T14:37:02.244004+02:00] logger.NOTICE: User Authentication ["admin"] []
[2023-06-07T14:47:55.155484+02:00] logger.NOTICE: User Authentication ["admin"] []
[2023-06-07T14:48:35.725108+02:00] logger.NOTICE: User Authentication ["testuser"] []
[2023-06-07T14:56:29.299897+02:00] logger.NOTICE: User Authentication ["customer"] []
[2023-06-07T15:43:56.223207+02:00] logger.NOTICE: User Authentication ["admin"] []
[2023-06-07T21:19:08.039886+02:00] logger.NOTICE: User Authentication ["admin"] []
[2023-06-08T20:14:08.232576+02:00] logger.NOTICE: User Authentication ["admin"] []
[2023-06-08T21:01:37.216237+02:00] logger.NOTICE: User Authentication ["admin"] []
[2023-06-08T21:03:35.747289+02:00] logger.NOTICE: User Authentication ["staff"] []
[2023-06-08T21:05:24.000173+02:00] logger.NOTICE: User Authentication ["admin"] []
[2023-06-08T21:06:21.236090+02:00] logger.NOTICE: User Authentication ["admin"] []
[2023-06-10T21:47:22.378605+02:00] logger.NOTICE: User Authentication ["admin"] []
[2023-06-11T17:52:10.479392+02:00] logger.NOTICE: User Authentication ["admin"] []
[2023-06-11T18:57:26.872203+02:00] logger.NOTICE: User Authentication ["admin"] []
[2023-06-11T19:35:36.633692+02:00] logger.ERROR: Doctrine Error ["An exception occurred in the driver: SQLSTATE[HY000] [2002] No connection could be made because the target machine actively refused it"] []
[2023-06-11T19:59:27.875105+02:00] logger.ERROR: Doctrine Error ["An exception occurred in the driver: SQLSTATE[HY000] [2002] No connection could be made because the target machine actively refused it"] []
[2023-06-11T19:59:34.365466+02:00] logger.ERROR: Doctrine Error ["An exception occurred in the driver: SQLSTATE[HY000] [2002] No connection could be made because the target machine actively refused it"] []
[2023-06-11T20:01:23.782120+02:00] logger.ERROR: Doctrine Error ["An exception occurred in the driver: SQLSTATE[HY000] [2002] No connection could be made because the target machine actively refused it"] []
[2023-06-11T20:01:31.142836+02:00] logger.ERROR: Doctrine Error ["An exception occurred in the driver: SQLSTATE[HY000] [2002] No connection could be made because the target machine actively refused it"] []
[2023-06-11T20:03:57.088029+02:00] logger.ERROR: Doctrine Error ["An exception occurred in the driver: SQLSTATE[HY000] [2002] No connection could be made because the target machine actively refused it"] []
[2023-06-11T20:04:11.946918+02:00] logger.ERROR: Doctrine Error ["An exception occurred in the driver: SQLSTATE[HY000] [2002] No connection could be made because the target machine actively refused it"] []
[2023-06-11T20:05:08.911869+02:00] logger.ERROR: Doctrine Error ["An exception occurred in the driver: SQLSTATE[HY000] [2002] No connection could be made because the target machine actively refused it"] []
[2023-06-11T20:05:57.911127+02:00] logger.ERROR: Doctrine Error ["An exception occurred in the driver: SQLSTATE[HY000] [2002] No connection could be made because the target machine actively refused it"] []
[2023-06-11T20:06:47.657534+02:00] logger.ERROR: Doctrine Error ["An exception occurred in the driver: SQLSTATE[HY000] [2002] No connection could be made because the target machine actively refused it"] []
[2023-06-11T20:06:53.131114+02:00] logger.ERROR: Doctrine Error ["An exception occurred in the driver: SQLSTATE[HY000] [2002] No connection could be made because the target machine actively refused it"] []
[2023-06-11T20:06:58.689353+02:00] logger.ERROR: Doctrine Error ["An exception occurred in the driver: SQLSTATE[HY000] [2002] No connection could be made because the target machine actively refused it"] []
[2023-06-11T20:07:04.037145+02:00] logger.ERROR: Doctrine Error ["An exception occurred in the driver: SQLSTATE[HY000] [2002] No connection could be made because the target machine actively refused it"] []
[2023-06-11T20:07:52.845656+02:00] logger.NOTICE: User Authentication ["admin"] []
[2023-06-11T20:09:49.411854+02:00] logger.ERROR: Doctrine Error ["An exception occurred in the driver: SQLSTATE[HY000] [2002] No connection could be made because the target machine actively refused it"] []
[2023-06-11T20:09:53.467599+02:00] logger.ERROR: Doctrine Error ["An exception occurred in the driver: SQLSTATE[HY000] [2002] No connection could be made because the target machine actively refused it"] []
[2023-06-11T20:10:06.416287+02:00] logger.ERROR: Doctrine Error ["An exception occurred in the driver: SQLSTATE[HY000] [2002] No connection could be made because the target machine actively refused it"] []
[2023-06-11T20:11:06.110238+02:00] logger.ERROR: Doctrine Error ["An exception occurred in the driver: SQLSTATE[HY000] [2002] No connection could be made because the target machine actively refused it"] []
[2023-06-11T20:12:23.127592+02:00] logger.ERROR: Doctrine Error ["An exception occurred in the driver: SQLSTATE[HY000] [2002] No connection could be made because the target machine actively refused it"] []
[2023-06-11T20:14:08.718617+02:00] logger.ERROR: Doctrine Error ["An exception occurred in the driver: SQLSTATE[HY000] [2002] No connection could be made because the target machine actively refused it"] []
[2023-06-11T20:43:32.227648+02:00] logger.ERROR: Doctrine Error ["An exception occurred in the driver: SQLSTATE[HY000] [2002] No connection could be made because the target machine actively refused it"] []
[2023-06-11T20:46:53.414398+02:00] logger.ERROR: Doctrine Error ["An exception occurred in the driver: SQLSTATE[HY000] [2002] No connection could be made because the target machine actively refused it"] []
[2023-06-11T20:47:50.427433+02:00] logger.ERROR: Doctrine Error ["An exception occurred in the driver: SQLSTATE[HY000] [2002] No connection could be made because the target machine actively refused it"] []
[2023-06-11T21:02:51.921027+02:00] logger.ERROR: Doctrine Error ["An exception occurred in the driver: SQLSTATE[HY000] [2002] No connection could be made because the target machine actively refused it"] []
[2023-06-11T21:02:57.749059+02:00] logger.NOTICE: User Authentication ["admin"] []
[2023-06-11T21:03:21.497753+02:00] logger.ERROR: Doctrine Error ["An exception occurred in the driver: SQLSTATE[HY000] [2002] No connection could be made because the target machine actively refused it"] []
[2023-06-11T21:06:40.773737+02:00] logger.ERROR: Doctrine Error ["An exception occurred in the driver: SQLSTATE[HY000] [2002] No connection could be made because the target machine actively refused it"] []
[2023-06-11T21:06:44.834287+02:00] logger.ERROR: Doctrine Error ["An exception occurred in the driver: SQLSTATE[HY000] [2002] No connection could be made because the target machine actively refused it"] []
[2023-06-11T21:14:47.691657+02:00] logger.ERROR: Doctrine Error ["An exception occurred in the driver: SQLSTATE[HY000] [2002] No connection could be made because the target machine actively refused it"] []
[2023-06-11T21:14:53.636474+02:00] logger.ERROR: Doctrine Error ["An exception occurred in the driver: SQLSTATE[HY000] [2002] No connection could be made because the target machine actively refused it"] []
[2023-06-11T21:15:14.525474+02:00] logger.ERROR: Doctrine Error ["An exception occurred in the driver: SQLSTATE[HY000] [2002] No connection could be made because the target machine actively refused it"] []
[2023-06-11T21:18:35.977889+02:00] logger.ERROR: Doctrine Error ["An exception occurred in the driver: SQLSTATE[HY000] [2002] No connection could be made because the target machine actively refused it"] []
[2023-06-11T21:18:50.478391+02:00] logger.NOTICE: User Authentication ["admin"] []
[2023-06-11T21:21:23.671176+02:00] logger.ERROR: Doctrine Error ["An exception occurred in the driver: SQLSTATE[HY000] [2002] No connection could be made because the target machine actively refused it"] []
[2023-06-11T21:22:00.489348+02:00] logger.ERROR: Doctrine Error ["An exception occurred in the driver: SQLSTATE[HY000] [2002] No connection could be made because the target machine actively refused it"] []
[2023-06-11T21:33:14.813196+02:00] logger.ERROR: Doctrine Error ["An exception occurred in the driver: SQLSTATE[HY000] [2002] No connection could be made because the target machine actively refused it"] []
[2023-06-11T21:33:26.123197+02:00] logger.NOTICE: User Authentication ["admin"] []
[2023-06-11T23:29:50.366016+02:00] logger.NOTICE: User Authentication ["admin"] []
[2023-06-12T22:54:30.411994+02:00] logger.NOTICE: User Authentication ["admin"] []
[2023-06-12T23:49:55.300914+02:00] logger.NOTICE: User Authentication ["admin"] []
[2023-06-12T23:50:05.130662+02:00] logger.NOTICE: User Authentication ["staff"] []
[2023-06-12T23:50:13.747492+02:00] logger.NOTICE: User Authentication ["customer"] []
[2023-06-14T02:23:52.571057+02:00] logger.NOTICE: User Authentication ["admin"] []
[2023-06-19T18:03:35.812045+02:00] logger.NOTICE: User Authentication ["customer"] []
[2023-06-19T18:06:42.208422+02:00] logger.NOTICE: User Authentication ["admin"] []
[2023-06-19T18:16:14.956936+02:00] logger.NOTICE: User Authentication ["customer"] []
[2023-06-19T18:18:39.209307+02:00] logger.NOTICE: User Authentication ["admin"] []
[2023-06-19T18:19:19.694456+02:00] logger.NOTICE: User Authentication ["customer"] []
[2023-06-19T18:19:32.270904+02:00] logger.NOTICE: User Authentication ["admin"] []
[2023-06-19T18:19:40.588047+02:00] logger.NOTICE: User Authentication ["customer"] []
[2023-06-19T18:20:26.959625+02:00] logger.NOTICE: User Authentication ["customer"] []
[2023-06-19T18:28:09.298620+02:00] logger.NOTICE: User Authentication ["customer"] []
[2023-06-19T18:35:03.842245+02:00] logger.NOTICE: User Authentication ["customer"] []
[2023-06-19T20:08:36.206676+02:00] logger.NOTICE: User Authentication ["customer"] []
[2023-06-19T20:16:22.520739+02:00] logger.NOTICE: User Authentication ["admin"] []
[2023-06-19T20:17:06.041632+02:00] logger.NOTICE: User Authentication ["customer"] []
[2023-06-19T20:18:20.439897+02:00] logger.NOTICE: User Authentication ["admin"] []
[2023-06-23T19:42:20.804864+02:00] logger.NOTICE: User Authentication ["admin"] []
[2023-06-24T19:54:31.664877+02:00] logger.NOTICE: User Authentication ["admin"] []
[2023-06-24T20:33:45.095351+02:00] logger.NOTICE: User Authentication ["admin"] []
[2023-06-24T21:54:29.135047+02:00] logger.NOTICE: User Authentication ["admin"] []
[2023-06-28T14:11:56.843451+02:00] logger.NOTICE: User Authentication ["admin"] []
[2023-06-28T14:13:19.820640+02:00] logger.NOTICE: User Authentication ["customer"] []
[2023-06-28T14:16:03.219937+02:00] logger.NOTICE: User Authentication ["customer"] []
[2023-09-28T16:54:32.735501+02:00] logger.NOTICE: User Authentication ["admin"] []
[2023-09-28T17:19:49.641875+02:00] logger.ERROR: Doctrine Error ["An exception occurred while executing a query: SQLSTATE[23000]: Integrity constraint violation: 1048 Column 'animal_type' cannot be null"] []
[2023-09-28T17:39:42.558042+02:00] logger.NOTICE: User Authentication ["admin"] []
[2023-09-28T18:38:06.520169+02:00] logger.NOTICE: User Authentication ["customer"] []
[2023-09-28T18:38:30.682986+02:00] logger.NOTICE: User Authentication ["admin"] []
[2023-09-28T19:11:53.861951+02:00] logger.NOTICE: User Authentication ["customer"] []
[2023-09-28T19:12:15.450955+02:00] logger.NOTICE: User Authentication ["admin"] []
[2023-09-29T01:43:36.571880+02:00] logger.ERROR: Doctrine Error ["An exception occurred in the driver: SQLSTATE[HY000] [1049] Unknown database 'highflyersukcouriers'"] []
[2023-09-29T01:43:43.075126+02:00] logger.ERROR: Doctrine Error ["An exception occurred in the driver: SQLSTATE[HY000] [1049] Unknown database 'highflyersukcouriers'"] []
[2023-09-29T01:46:00.162013+02:00] logger.NOTICE: User Authentication ["admin"] []
[2023-09-29T02:10:00.805820+02:00] logger.NOTICE: User Authentication ["jamestestaccount"] []
[2023-09-29T02:16:48.052817+02:00] logger.NOTICE: User Authentication ["jamestestaccount"] []
[2023-09-29T02:26:56.543242+02:00] logger.NOTICE: User Authentication ["jamestestaccount"] []
[2023-09-29T02:33:07.174962+02:00] logger.ERROR: Doctrine Error ["An exception occurred in the driver: SQLSTATE[HY000] [2002] No connection could be made because the target machine actively refused it"] []
[2023-09-29T03:11:21.194445+02:00] logger.NOTICE: User Authentication ["jamestestaccount"] []
[2023-09-29T03:11:59.645531+02:00] logger.NOTICE: User Authentication ["admin"] []
[2023-09-29T03:12:40.043845+02:00] logger.NOTICE: User Authentication ["jamestestaccount"] []
[2023-09-29T03:35:44.782526+02:00] logger.NOTICE: User Authentication ["jamestestaccount"] []
[2023-09-29T03:50:36.575212+02:00] logger.NOTICE: User Authentication ["admin"] []
[2023-09-29T03:51:00.949840+02:00] logger.NOTICE: User Authentication ["jamestestaccount"] []
[2023-09-29T03:51:24.334433+02:00] logger.NOTICE: User Authentication ["admin"] []
[2023-09-29T03:53:04.525808+02:00] logger.NOTICE: User Authentication ["admin"] []
[2023-09-30T20:49:21.576245+02:00] logger.NOTICE: User Authentication ["jamestestaccount"] []
[2023-09-30T21:53:08.532750+02:00] logger.NOTICE: User Authentication ["jamestestaccount"] []
[2023-09-30T21:53:20.396538+02:00] logger.NOTICE: User Authentication ["admin"] []
[2023-09-30T21:53:54.559660+02:00] logger.NOTICE: User Authentication ["customer"] []
[2023-09-30T21:55:38.748732+02:00] logger.NOTICE: User Authentication ["jamestestaccount"] []
[2023-10-01T17:03:48.329242+02:00] logger.NOTICE: User Authentication ["jamestestaccount"] []
[2023-10-01T17:18:09.775488+02:00] logger.ERROR: Doctrine Error ["An exception occurred in the driver: SQLSTATE[HY000] [2002] No connection could be made because the target machine actively refused it"] []
[2023-10-01T17:21:54.038349+02:00] logger.ERROR: Doctrine Error ["An exception occurred in the driver: SQLSTATE[HY000] [2002] No connection could be made because the target machine actively refused it"] []
[2023-10-01T17:23:20.216814+02:00] logger.ERROR: Doctrine Error ["An exception occurred in the driver: SQLSTATE[HY000] [2002] No connection could be made because the target machine actively refused it"] []
[2023-10-01T17:23:20.217957+02:00] logger.ERROR: uajiwbduijawd [] []
[2023-10-01T17:23:20.217998+02:00] logger.ERROR: 7jamesbrass@ymail.comCollection078421335190784213351941Not PrintedBudgieJames10 Marston CloseBelperDerbyshireLE1 6NUawdwad16 York Street Flat 7wadwadawdawAWDDWAdawdawawd [] []
[2023-10-01T17:23:53.708689+02:00] logger.ERROR: Doctrine Error ["An exception occurred in the driver: SQLSTATE[HY000] [2002] No connection could be made because the target machine actively refused it"] []
[2023-10-01T17:23:53.709588+02:00] logger.ERROR: uajiwbduijawd [] []
[2023-10-01T17:23:53.709628+02:00] logger.ERROR: 7,jamesbrass@ymail.com,Collection,07842133519,07842133519,,,,41,Not Printed,Budgie,James,10 Marston Close,Belper,Derbyshire,LE1 6NU,awdwad,16 York Street Flat 7,wadwad,awdaw,AWDDWA,u hdafr;kjgsDK'L FLKGADFJG'D [] []
[2023-10-01T17:36:49.610937+02:00] logger.ERROR: Doctrine Error ["An exception occurred in the driver: SQLSTATE[HY000] [2002] No connection could be made because the target machine actively refused it"] []
[2023-10-01T17:36:49.612423+02:00] logger.ERROR: 9,jamesbrass@ymail.com,Collection,07842133519,07842133519,,,,41,Not Printed,wdawadawd,awdwad,wawad,Belper,waawd,LE1 6NU,Matthew,16 York Street Flat 7,awdawd,awdawd,LE1 6NU,😊 [] []
[2023-10-01T17:37:14.842779+02:00] logger.NOTICE: User Authentication ["jamestestaccount"] []
[2023-10-01T18:50:53.223729+02:00] logger.ERROR: CONTACT-US-FORM-ERROR {"invalidform":"true"} []
[2023-10-01T18:52:01.332017+02:00] logger.ERROR: CONTACT-US-FORM-ERROR {"name":"James Brass","email":"jamesbrass@ymail.com","phone":"07842133","message":"asf asf esaf esa "} []
[2023-10-01T19:00:06.923257+02:00] logger.ERROR: BOOKING-FORM-ERROR {"email":"jamesbrass@ymail.com","animal_type":"WADADW","quantity":"WADAWD","collection_name":"ADWDAW","collection_address_1":"ADWAWD","collection_address_2":"DWADWA","collection_address_3":"AWDAWD","collection_postcode":"LE1 6NU","collection_phone_number":"07842133519","delivery_name":"WADWAD","delivery_address_1":"16 York Street Flat 7","delivery_address_2":"WAD","delivery_address_3":"WDWDA","delivery_postcode":"WADWAD","delivery_phone_number":"07842133519","payment_option":"Delivery","message":"WDAAWDAWD"} []
[2023-10-01T19:02:21.327366+02:00] logger.NOTICE: User Authentication ["jamestestaccount"] []
[2023-10-01T19:12:41.995700+02:00] logger.NOTICE: User Authentication ["jamestestaccount"] []
[2023-10-02T01:05:11.765351+02:00] logger.NOTICE: User Authentication ["customer"] []
[2023-10-02T01:09:19.417269+02:00] logger.NOTICE: User Authentication ["admin"] []
[2023-10-02T01:48:21.970891+02:00] logger.NOTICE: User Authentication ["jamestestaccount"] []
[2023-10-03T23:17:50.910172+02:00] logger.ERROR: CONTACT-US-FORM-ERROR {"name":"Anatolie Gherasimov","email":"gherasimov.anatolie@mail.ru","phone":"0873940539","message":"Hi ,can you bring some pigeons from England to Ireland? Thanks"} []
[2023-10-03T23:17:56.278514+02:00] logger.ERROR: CONTACT-US-FORM-ERROR {"name":"Anatolie Gherasimov","email":"gherasimov.anatolie@mail.ru","phone":"0873940539 ","message":"Hi ,can you bring some pigeons from England to Ireland? Thanks"} []
[2023-10-03T23:24:58.521203+02:00] logger.ERROR: CONTACT-US-FORM-ERROR {"name":"Anatolie Gherasimov","email":"gherasimovanatolie94@gmail.com","phone":"0873940539","message":"Hi,can you bring some pigeons from England to Ireland?thanks"} []
[2023-10-03T23:25:18.205404+02:00] logger.ERROR: CONTACT-US-FORM-ERROR {"name":"Anatolie Gherasimov","email":"gherasimovanatolie94@mail.ru","phone":"0873940539","message":"Hi,can you bring some pigeons from England to Ireland?thanks"} []
[2023-10-03T23:30:54.855366+02:00] logger.ERROR: BOOKING-FORM-ERROR {"email":"jamesbrass@ymail.com","animal_type":"dwaawd","quantity":"7","collection_name":"awdadw","collection_address_1":"adwadwdaw","collection_address_2":"dawdaw","collection_address_3":"dwa","collection_postcode":"LE1 6NU","collection_phone_number":"07842133519","delivery_name":"dwadaw","delivery_address_1":"daawd","delivery_address_2":"dawdaw","delivery_address_3":"dawaw","delivery_postcode":"LE1 6NU","delivery_phone_number":"0873940539","payment_option":"Collection","message":"dwadaw"} []
[2023-10-03T23:40:54.413734+02:00] logger.ERROR: CONTACT-US-FORM-ERROR {"name":"James Brass","email":"jamesbrass@ymail.com","phone":"0873940539","message":"dwAWADDAW"} []
[2023-10-03T23:51:52.335095+02:00] logger.ERROR: CONTACT-US-FORM-ERROR {"name":"James Brass","email":"jamesbrass@ymail.com","phone":"0873940539","message":"wadwdaadwdaw"} []
[2023-10-03T23:52:36.364526+02:00] logger.ERROR: CONTACT-US-FORM-ERROR {"name":"James Brass","email":"jamesbrass@ymail.com","phone":"0873940539","message":"dwawadawwad"} []
[2023-10-03T23:52:38.826424+02:00] logger.ERROR: CONTACT-US-FORM-ERROR {"name":"James Brass","email":"jamesbrass@ymail.com","phone":"0873940539","message":"dwawadawwad"} []
[2023-10-03T23:52:43.445522+02:00] logger.ERROR: CONTACT-US-FORM-ERROR {"name":"James Brass","email":"jamesbrass@ymail.com","phone":"0873940539","message":"dwawadawwad"} []
[2023-10-03T23:54:28.452410+02:00] logger.ERROR: CONTACT-US-FORM-ERROR {"name":"James Brass","email":"jamesbrass@ymail.com","phone":"0873940539","message":"dwawadawwad"} []
[2023-10-04T00:17:27.501884+02:00] logger.ERROR: BOOKING-FORM-ERROR {"email":"jamesbrass@ymail.com","animal_type":"Budgie","quantity":"11","collection_name":"James","collection_address_1":"10 Marston Close","collection_address_2":"Belper","collection_address_3":"dwadawdaw","collection_postcode":"LE1 6NU","collection_phone_number":"07842133519","delivery_name":"wdadaw","delivery_address_1":"16 York Street Flat 7","delivery_address_2":"dwaawd","delivery_address_3":"Leicestershire","delivery_postcode":"LE1 6NU","delivery_phone_number":"0784213351","payment_option":"Collection","message":"wadawd"} []
[2023-10-04T00:19:04.519665+02:00] logger.ERROR: BOOKING-FORM-ERROR {"email":"jamesbrass@ymail.com","animal_type":"Budgie","quantity":"11","collection_name":"James","collection_address_1":"10 Marston Close","collection_address_2":"Belper","collection_address_3":"dwadawdaw","collection_postcode":"LE1 6NU","collection_phone_number":"07842133519","delivery_name":"wdadaw","delivery_address_1":"16 York Street Flat 7","delivery_address_2":"dwaawd","delivery_address_3":"Leicestershire","delivery_postcode":"LE1 6NU","delivery_phone_number":"0784213351","payment_option":"Collection","message":"wadawd"} []
[2023-10-04T00:19:56.513442+02:00] logger.NOTICE: User Authentication ["jamestestaccount"] []
[2023-11-26T19:34:19.419355+01:00] logger.NOTICE: User Authentication ["customer"] []
[2023-12-19T17:20:33.579040+01:00] logger.ERROR: Doctrine Error ["An exception occurred in the driver: SQLSTATE[HY000] [2002] No connection could be made because the target machine actively refused it"] []
[2023-12-19T17:20:41.734437+01:00] logger.NOTICE: User Authentication ["admin"] []
[2023-12-19T19:02:19.589021+01:00] logger.NOTICE: User Authentication ["jamestestaccount"] []
[2023-12-20T18:59:42.532302+01:00] logger.NOTICE: User Authentication ["jamestestaccount"] []
[2023-12-20T18:59:54.230787+01:00] logger.NOTICE: User Authentication ["admin"] []
[2023-12-20T19:03:53.085489+01:00] logger.NOTICE: User Authentication ["customer"] []
[2023-12-20T19:08:41.641396+01:00] logger.NOTICE: User Authentication ["admin"] []
[2024-01-17T20:04:21.714194+01:00] logger.NOTICE: User Authentication ["admin"] []
[2024-03-18T00:36:29.092409+01:00] logger.ERROR: MAILER-ERROR ["SMTP Error: Could not authenticate."] []
[2024-03-18T00:36:29.682954+01:00] logger.ERROR: MAILER-ERROR ["SMTP Error: Could not authenticate."] []
[2024-03-18T00:40:49.936602+01:00] logger.ERROR: MAILER-ERROR ["SMTP Error: Could not authenticate."] []
[2024-03-18T00:40:50.547627+01:00] logger.ERROR: MAILER-ERROR ["SMTP Error: Could not authenticate."] []
[2024-03-18T00:49:32.481514+01:00] logger.ERROR: MAILER-ERROR ["SMTP Error: Could not authenticate."] []
[2024-03-18T00:49:33.040106+01:00] logger.ERROR: MAILER-ERROR ["SMTP Error: Could not authenticate."] []
[2024-03-18T00:50:48.504370+01:00] logger.ERROR: MAILER-ERROR ["SMTP Error: Could not authenticate."] []
[2024-03-18T00:50:49.057607+01:00] logger.ERROR: MAILER-ERROR ["SMTP Error: Could not authenticate."] []
[2024-03-18T01:22:06.472120+01:00] logger.ERROR: MAILER-ERROR ["SMTP Error: Could not authenticate."] []
[2024-03-18T01:22:07.178628+01:00] logger.ERROR: MAILER-ERROR ["SMTP Error: Could not authenticate."] []
[2024-03-18T02:20:05.075025+01:00] logger.ERROR: MAILER-ERROR ["SMTP Error: Could not connect to SMTP host. Connection failed. stream_socket_enable_crypto(): Peer certificate CN=`smtp.gmail.com' did not match expected CN=`142.250.27.108'SMTP server error: QUIT command failed"] []
[2024-03-18T02:20:05.557322+01:00] logger.ERROR: MAILER-ERROR ["SMTP Error: Could not connect to SMTP host. Connection failed. stream_socket_enable_crypto(): Peer certificate CN=`smtp.gmail.com' did not match expected CN=`142.250.27.108'SMTP server error: QUIT command failed"] []
[2024-03-18T02:29:52.136433+01:00] logger.ERROR: MAILER-ERROR ["SMTP Error: Could not connect to SMTP host. Connection failed. stream_socket_enable_crypto(): Peer certificate CN=`smtp.gmail.com' did not match expected CN=`142.250.27.108'SMTP server error: QUIT command failed"] []
[2024-03-18T02:29:52.615976+01:00] logger.ERROR: MAILER-ERROR ["SMTP Error: Could not connect to SMTP host. Connection failed. stream_socket_enable_crypto(): Peer certificate CN=`smtp.gmail.com' did not match expected CN=`142.250.27.108'SMTP server error: QUIT command failed"] []
[2024-03-18T02:41:50.804260+01:00] logger.ERROR: MAILER-ERROR ["SMTP Error: Could not connect to SMTP host. Connection failed. stream_socket_enable_crypto(): Peer certificate CN=`smtp.gmail.com' did not match expected CN=`142.250.27.108'SMTP server error: QUIT command failed"] []
[2024-03-18T02:41:51.284616+01:00] logger.ERROR: MAILER-ERROR ["SMTP Error: Could not connect to SMTP host. Connection failed. stream_socket_enable_crypto(): Peer certificate CN=`smtp.gmail.com' did not match expected CN=`142.250.27.108'SMTP server error: QUIT command failed"] []
[2024-04-15T18:23:58.462888+02:00] logger.NOTICE: User Authentication ["jamestestaccount"] []
[2024-04-15T18:53:25.779722+02:00] logger.NOTICE: User Authentication ["jamestestaccount"] []
[2024-06-26T17:57:53.410242+02:00] logger.ERROR: Doctrine Error Add ["An exception occurred in the driver: SQLSTATE[HY000] [2002] No connection could be made because the target machine actively refused it"] []
[2024-06-26T17:58:19.607454+02:00] logger.ERROR: MAILER-ERROR ["SMTP Error: Could not authenticate."] []
[2024-06-26T17:58:20.384464+02:00] logger.ERROR: MAILER-ERROR ["SMTP Error: Could not authenticate."] []
[2024-06-26T17:59:30.066570+02:00] logger.ERROR: MAILER-ERROR ["SMTP Error: Could not authenticate."] []
[2024-06-26T17:59:30.737887+02:00] logger.ERROR: MAILER-ERROR ["SMTP Error: Could not authenticate."] []
[2024-06-26T18:12:00.906889+02:00] logger.NOTICE: User Authentication ["admin"] []
[2024-06-26T18:25:55.540218+02:00] logger.NOTICE: User Authentication ["admin"] []
[2024-06-30T17:03:16.827560+02:00] logger.ERROR: MAILER-ERROR ["SMTP Error: Could not connect to SMTP host. Failed to connect to serverSMTP server error: Failed to connect to server SMTP code: 10060 Additional SMTP info: A connection attempt failed because the connected party did not properly respond after a period of time, or established connection failed because connected host has failed to respond"] []
[2024-06-30T17:03:37.896636+02:00] logger.ERROR: MAILER-ERROR ["SMTP Error: Could not connect to SMTP host. Failed to connect to serverSMTP server error: Failed to connect to server SMTP code: 10060 Additional SMTP info: A connection attempt failed because the connected party did not properly respond after a period of time, or established connection failed because connected host has failed to respond"] []
[2024-06-30T17:03:51.454524+02:00] logger.NOTICE: User Authentication ["admin"] []
[2024-06-30T17:17:10.672539+02:00] logger.ERROR: MAILER-ERROR ["SMTP Error: Could not connect to SMTP host. Failed to connect to serverSMTP server error: Failed to connect to server SMTP code: 10060 Additional SMTP info: A connection attempt failed because the connected party did not properly respond after a period of time, or established connection failed because connected host has failed to respond"] []
[2024-06-30T17:17:31.676048+02:00] logger.ERROR: MAILER-ERROR ["SMTP Error: Could not connect to SMTP host. Failed to connect to serverSMTP server error: Failed to connect to server SMTP code: 10060 Additional SMTP info: A connection attempt failed because the connected party did not properly respond after a period of time, or established connection failed because connected host has failed to respond"] []
[2024-07-16T19:03:30.207717+02:00] logger.ERROR: Doctrine Error Add ["An exception occurred in the driver: SQLSTATE[HY000] [2002] No connection could be made because the target machine actively refused it"] []
[2024-07-16T19:21:22.047654+02:00] logger.NOTICE: User Authentication ["customer"] []
[2025-02-01T20:14:44.547047+01:00] logger.ERROR: Doctrine Error ["An exception occurred in the driver: SQLSTATE[HY000] [2002] No connection could be made because the target machine actively refused it"] []
[2025-02-01T20:14:57.366695+01:00] logger.ERROR: Doctrine Error ["An exception occurred in the driver: SQLSTATE[HY000] [2002] No connection could be made because the target machine actively refused it"] []
[2025-02-01T20:15:12.140650+01:00] logger.ERROR: Doctrine Error ["An exception occurred in the driver: SQLSTATE[HY000] [2002] No connection could be made because the target machine actively refused it"] []
[2025-02-01T20:15:22.388775+01:00] logger.ERROR: Doctrine Error ["An exception occurred in the driver: SQLSTATE[HY000] [2002] No connection could be made because the target machine actively refused it"] []
[2025-02-01T20:19:48.311221+01:00] logger.ERROR: Doctrine Error ["An exception occurred in the driver: SQLSTATE[HY000] [2002] No connection could be made because the target machine actively refused it"] []
[2025-02-01T20:19:54.597591+01:00] logger.ERROR: Doctrine Error ["An exception occurred in the driver: SQLSTATE[HY000] [2002] No connection could be made because the target machine actively refused it"] []
[2025-02-01T20:20:07.159653+01:00] logger.ERROR: Doctrine Error ["An exception occurred in the driver: SQLSTATE[HY000] [2002] No connection could be made because the target machine actively refused it"] []
[2025-02-01T20:20:15.196309+01:00] logger.ERROR: Doctrine Error ["An exception occurred in the driver: SQLSTATE[HY000] [2002] No connection could be made because the target machine actively refused it"] []
[2025-02-01T20:20:48.365849+01:00] logger.NOTICE: User Authentication ["admin"] []
