timestamp,message
2026-09-09T19:42:13+00:00,Calculated route THURS SOUTH YORKSHIRE in shipment DELIVERY WEEK 36 (27/08/2026)
2026-09-09T19:41:58+00:00,Calculated route THURS SOUTH YORKSHIRE in shipment DELIVERY WEEK 36 (27/08/2026)
2026-09-09T19:41:42+00:00,Assigned stops
2026-09-09T19:41:22+00:00,Assigned stops
2026-09-09T19:41:02+00:00,Assigned stops
2026-09-09T19:39:34+00:00,Calculated route THURS SOUTH YORKSHIRE 2 in shipment DELIVERY WEEK 36 (27/08/2026)
2026-09-09T19:38:30+00:00,Calculated route THURS SOUTH YORKSHIRE 2 in shipment DELIVERY WEEK 36 (27/08/2026)
2026-09-09T19:38:21+00:00,Assigned stops
2026-09-09T19:36:37+00:00,Assigned stops
2026-09-09T19:29:54+00:00,Calculated route THURS SOUTH YORKSHIRE in shipment DELIVERY WEEK 36 (27/08/2026)
2026-09-09T19:29:32+00:00,Assigned stops
2026-09-09T19:28:59+00:00,Calculated route THURS SOUTH YORKSHIRE in shipment DELIVERY WEEK 36 (27/08/2026)
2026-09-09T19:28:43+00:00,Assigned stops
2026-09-09T19:28:28+00:00,Assigned stops
2026-09-09T19:26:46+00:00,Calculated route THURS SOUTH YORKSHIRE 2 in shipment DELIVERY WEEK 36 (27/08/2026)
2026-09-09T19:26:29+00:00,Assigned stops
2026-09-09T19:25:44+00:00,Assigned stops
2026-09-09T19:24:58+00:00,Assigned stops
2026-09-09T19:23:07+00:00,Calculated route THURS SCOTLAND 2 in shipment DELIVERY WEEK 36 (27/08/2026)
2026-09-09T19:22:42+00:00,Assigned stops
2026-09-09T19:20:01+00:00,Calculated route THURS MERCIA in shipment DELIVERY WEEK 36 (27/08/2026)
2026-09-09T19:19:38+00:00,Calculated route THURS MERCIA in shipment DELIVERY WEEK 36 (27/08/2026)
2026-09-09T19:19:29+00:00,Assigned stops
2026-09-09T19:18:26+00:00,Calculated route THURS MERCIA in shipment DELIVERY WEEK 36 (27/08/2026)
2026-09-09T19:18:00+00:00,Calculated route THURS MERCIA in shipment DELIVERY WEEK 36 (27/08/2026)
2026-09-09T19:17:49+00:00,Assigned stops
2026-09-09T19:16:38+00:00,Calculated route THURS MERCIA in shipment DELIVERY WEEK 36 (27/08/2026)
2026-09-09T19:16:20+00:00,Assigned stops
2026-09-09T19:13:56+00:00,Assigned stops
2026-09-09T19:11:39+00:00,Assigned stops
2026-09-09T19:02:34+00:00,Adding stops to shipment 
2026-09-09T18:57:55+00:00,Adding stops to shipment 
2026-09-09T18:57:35+00:00,Adding stops to shipment 
2026-09-09T12:09:15+00:00,Calculated route MERCIA in shipment DELIVERY WEEK 36 (27/08/2026)
2026-09-09T10:05:01+00:00,Removing stops from shipment 
2026-09-09T10:02:20+00:00,Calculated route THURS SCOTLAND in shipment DELIVERY WEEK 36 (27/08/2026)
2026-09-09T10:01:44+00:00,Assigned stops
2026-09-09T09:53:04+00:00,Calculated route THURS MERCIA in shipment DELIVERY WEEK 36 (27/08/2026)
2026-09-09T09:52:49+00:00,Assigned stops
2026-09-09T09:52:36+00:00,Adding stops to shipment 
2026-09-09T09:52:24+00:00,Removing stops from shipment 
2026-09-09T09:51:57+00:00,Removing stops from shipment 
2026-09-09T09:50:49+00:00,Assigned stops
2026-09-09T09:50:12+00:00,Calculated route THURS MERCIA in shipment DELIVERY WEEK 36 (27/08/2026)
2026-09-09T09:49:50+00:00,Assigned stops
2026-09-09T09:49:33+00:00,Assigned stops
2026-09-09T09:49:13+00:00,Assigned stops
2026-09-09T09:48:47+00:00,Assigned stops
2026-09-09T09:47:46+00:00,Assigned stops
2026-09-09T09:04:07+00:00,Calculated route THURS SOUTH YORKSHIRE 2 in shipment DELIVERY WEEK 36 (27/08/2026)
2026-09-09T09:03:45+00:00,Assigned stops
2026-09-09T09:03:31+00:00,Calculated route THURS SOUTH YORKSHIRE in shipment DELIVERY WEEK 36 (27/08/2026)
2026-09-09T09:03:25+00:00,Assigned stops
2026-09-09T09:02:37+00:00,Calculated route THURS SOUTH YORKSHIRE in shipment DELIVERY WEEK 36 (27/08/2026)
2026-09-09T09:02:19+00:00,Assigned stops
2026-09-09T09:02:06+00:00,Calculated route South Yorkshire in shipment DELIVERY WEEK 36 (27/08/2026)
2026-09-09T09:01:55+00:00,Assigned stops
2026-09-09T09:00:32+00:00,Calculated route THURS SOUTH YORKSHIRE in shipment DELIVERY WEEK 36 (27/08/2026)
2026-09-09T08:59:26+00:00,Assigned stops
2026-09-09T08:59:13+00:00,Calculated route THURS SOUTH YORKSHIRE 2 in shipment DELIVERY WEEK 36 (27/08/2026)
2026-09-09T08:59:07+00:00,Assigned stops
2026-09-09T08:58:34+00:00,Calculated route THURS SOUTH YORKSHIRE 2 in shipment DELIVERY WEEK 36 (27/08/2026)
2026-09-09T08:58:13+00:00,Assigned stops
2026-09-09T08:57:59+00:00,Calculated route THURS SOUTH YORKSHIRE 2 in shipment DELIVERY WEEK 36 (27/08/2026)
2026-09-09T08:57:54+00:00,Assigned stops
2026-09-09T08:57:26+00:00,Calculated route THURS SOUTH YORKSHIRE 2 in shipment DELIVERY WEEK 36 (27/08/2026)
2026-09-09T08:57:06+00:00,Assigned stops
2026-09-09T08:56:51+00:00,Adding stops to shipment 
2026-09-09T08:30:51+00:00,Calculated route THURS SOUTH YORKSHIRE in shipment DELIVERY WEEK 36 (27/08/2026)
2026-09-09T08:29:45+00:00,Calculated route THURS SCOTLAND 2 in shipment DELIVERY WEEK 36 (27/08/2026)
2026-09-09T08:29:06+00:00,Calculated route THURS SCOTLAND in shipment DELIVERY WEEK 36 (27/08/2026)
2026-09-09T08:14:10+00:00,Assigned stops
2026-09-09T08:13:23+00:00,Calculated route Scotland in shipment DELIVERY WEEK 36 (27/08/2026)
2026-09-09T08:13:10+00:00,Assigned stops
2026-09-09T00:08:02+00:00,Calculated route South Yorkshire in shipment DELIVERY WEEK 36 (27/08/2026)
2026-09-09T00:06:50+00:00,Calculated route South Yorkshire in shipment DELIVERY WEEK 36 (27/08/2026)
2026-09-08T23:48:44+00:00,Calculated route South Yorkshire in shipment DELIVERY WEEK 36 (27/08/2026)
2026-09-08T23:48:10+00:00,Assigned stops
2026-09-08T23:47:52+00:00,Calculated route THURS SOUTH YORKSHIRE in shipment DELIVERY WEEK 36 (27/08/2026)
2026-09-08T23:44:33+00:00,Assigned stops
2026-09-08T23:07:13+00:00,Calculated route South Wales in shipment DELIVERY WEEK 36 (27/08/2026)
2026-09-08T23:06:47+00:00,Calculated route South Wales in shipment DELIVERY WEEK 36 (27/08/2026)
2026-09-08T23:05:24+00:00,Calculated route South Wales in shipment DELIVERY WEEK 36 (27/08/2026)
2026-09-08T23:04:23+00:00,Calculated route South Wales in shipment DELIVERY WEEK 36 (27/08/2026)
2026-09-08T23:04:07+00:00,Assigned stops
2026-09-08T23:02:45+00:00,Assigned stops
2026-09-08T23:02:42+00:00,Assigned stops
2026-09-08T23:02:39+00:00,Assigned stops
2026-09-08T23:02:37+00:00,Assigned stops
2026-09-08T23:02:34+00:00,Assigned stops
2026-09-08T23:02:31+00:00,Assigned stops
2026-09-08T23:02:29+00:00,Assigned stops
2026-09-08T23:02:26+00:00,Assigned stops
2026-09-08T23:02:23+00:00,Assigned stops
2026-09-08T23:02:21+00:00,Assigned stops
2026-09-08T23:02:18+00:00,Assigned stops
2026-09-08T23:02:15+00:00,Assigned stops
2026-09-08T23:02:12+00:00,Assigned stops
2026-09-08T23:02:09+00:00,Assigned stops
2026-09-08T23:02:07+00:00,Assigned stops
2026-09-08T23:02:03+00:00,Assigned stops
2026-09-08T23:02:01+00:00,Assigned stops
2026-09-08T23:01:58+00:00,Assigned stops
2026-09-08T23:01:55+00:00,Assigned stops
2026-09-08T23:01:51+00:00,Assigned stops
2026-09-08T23:01:48+00:00,Assigned stops
2026-09-08T23:01:45+00:00,Assigned stops
2026-09-08T23:01:42+00:00,Assigned stops
2026-09-08T23:01:40+00:00,Assigned stops
2026-09-08T23:01:36+00:00,Assigned stops
2026-09-08T23:01:33+00:00,Assigned stops
2026-09-08T23:01:30+00:00,Assigned stops
2026-09-08T23:01:27+00:00,Assigned stops
2026-09-08T23:01:24+00:00,Assigned stops
2026-09-08T23:01:21+00:00,Assigned stops
2026-09-08T23:01:17+00:00,Assigned stops
2026-09-08T23:01:14+00:00,Assigned stops
2026-09-08T23:01:09+00:00,Assigned stops
2026-09-08T23:00:33+00:00,Calculated route South Wales in shipment DELIVERY WEEK 36 (27/08/2026)
2026-09-08T22:58:56+00:00,Calculated route South Yorkshire in shipment DELIVERY WEEK 36 (27/08/2026)
2026-09-08T22:57:24+00:00,Calculated route South Coast in shipment DELIVERY WEEK 36 (27/08/2026)
2026-09-08T22:56:16+00:00,Calculated route Scotland in shipment DELIVERY WEEK 36 (27/08/2026)
2026-09-08T22:54:52+00:00,Calculated route SOUTH YORKSHIRE 2 in shipment DELIVERY WEEK 36 (27/08/2026)
2026-09-08T22:53:24+00:00,Calculated route SCOTLAND 2 in shipment DELIVERY WEEK 36 (27/08/2026)
2026-09-08T22:51:24+00:00,Calculated route North Wales in shipment DELIVERY WEEK 36 (27/08/2026)
2026-09-08T22:50:08+00:00,Calculated route North East in shipment DELIVERY WEEK 36 (27/08/2026)
2026-09-08T22:47:36+00:00,Calculated route Norfolk in shipment DELIVERY WEEK 36 (27/08/2026)
2026-09-08T22:47:12+00:00,Calculated route Norfolk in shipment DELIVERY WEEK 36 (27/08/2026)
2026-09-08T22:45:59+00:00,Calculated route MERCIA in shipment DELIVERY WEEK 36 (27/08/2026)
2026-09-08T22:43:57+00:00,Calculated route London in shipment DELIVERY WEEK 36 (27/08/2026)
2026-09-08T22:43:21+00:00,Calculated route LONDON JOHN in shipment DELIVERY WEEK 36 (27/08/2026)
2026-09-08T22:41:34+00:00,Calculated route LONDON 2   in shipment DELIVERY WEEK 36 (27/08/2026)
2026-09-08T22:40:54+00:00,Calculated route Cumbria in shipment DELIVERY WEEK 36 (27/08/2026)
2026-09-08T22:39:19+00:00,Calculated route Cornwall in shipment DELIVERY WEEK 36 (27/08/2026)
2026-09-08T22:37:19+00:00,Calculated route Birmingham in shipment DELIVERY WEEK 36 (27/08/2026)
2026-09-08T22:36:50+00:00,Removing stops from shipment 
2026-09-08T22:36:41+00:00,Assigned stops
2026-09-08T22:35:18+00:00,Assigned stops
2026-09-08T22:34:56+00:00,Assigned stops
2026-09-08T22:34:40+00:00,Assigned stops
2026-09-08T22:34:27+00:00,Assigned stops
2026-09-08T22:34:14+00:00,Assigned stops
2026-09-08T22:33:38+00:00,Assigned stops
2026-09-08T22:33:14+00:00,Assigned stops
2026-09-08T22:32:57+00:00,Assigned stops
2026-09-08T22:32:34+00:00,Assigned stops
2026-09-08T22:27:51+00:00,Adding stops to shipment 
2026-09-08T21:43:27+00:00,Adding stops to shipment 
2026-09-08T21:41:07+00:00,Adding stops to shipment 
2026-09-08T21:40:36+00:00,Adding stops to shipment 
2026-09-08T21:38:35+00:00,Adding stops to shipment 
2026-09-08T21:37:51+00:00,Adding stops to shipment 
2026-09-08T21:09:06+00:00,Adding stops to shipment 
2026-09-08T20:58:55+00:00,Adding stops to shipment 
2026-09-08T20:58:13+00:00,Adding stops to shipment 
2026-09-08T20:57:11+00:00,Adding stops to shipment 
2026-09-08T19:28:23+00:00,Calculated route North East in shipment DELIVERY WEEK 36 (27/08/2026)
2026-09-08T19:28:15+00:00,Assigned stops
2026-09-08T19:27:29+00:00,Calculated route North West in shipment DELIVERY WEEK 36 (27/08/2026)
2026-09-08T19:27:15+00:00,Assigned stops
2026-09-08T19:26:37+00:00,Assigned stops
2026-09-08T19:26:17+00:00,Assigned stops
2026-09-08T19:25:59+00:00,Assigned stops
2026-09-08T19:25:12+00:00,Adding stops to shipment 
2026-09-08T19:23:49+00:00,Calculated route THURS SOUTH YORKSHIRE 2 in shipment DELIVERY WEEK 36 (27/08/2026)
2026-09-08T19:23:40+00:00,Assigned stops
2026-09-08T19:22:37+00:00,Assigned stops
2026-09-08T19:22:07+00:00,Calculated route THURS SOUTH YORKSHIRE in shipment DELIVERY WEEK 36 (27/08/2026)
2026-09-08T19:21:57+00:00,Assigned stops
2026-09-08T19:21:15+00:00,Calculated route THURS SOUTH YORKSHIRE 2 in shipment DELIVERY WEEK 36 (27/08/2026)
2026-09-08T19:21:10+00:00,Assigned stops
2026-09-08T19:21:04+00:00,Assigned stops
2026-09-08T19:20:52+00:00,Assigned stops
2026-09-08T19:19:37+00:00,Assigned stops
2026-09-08T19:19:16+00:00,Assigned stops
2026-09-08T19:18:48+00:00,Removing stops from shipment 
2026-09-08T19:18:16+00:00,Calculated route South Coast in shipment DELIVERY WEEK 36 (27/08/2026)
2026-09-08T19:17:49+00:00,Assigned stops
2026-09-08T19:16:54+00:00,Assigned stops
2026-09-08T19:16:12+00:00,Assigned stops
2026-09-08T19:15:05+00:00,Calculated route North East in shipment DELIVERY WEEK 36 (27/08/2026)
2026-09-08T19:14:57+00:00,Assigned stops
2026-09-08T17:46:59+00:00,Calculated route South Wales in shipment DELIVERY WEEK 36 (27/08/2026)
2026-09-08T17:46:42+00:00,Assigned stops
2026-09-08T17:46:24+00:00,Calculated route South Yorkshire in shipment DELIVERY WEEK 36 (27/08/2026)
2026-09-08T17:46:13+00:00,Assigned stops
2026-09-08T17:46:01+00:00,Adding stops to shipment 
2026-09-08T17:45:48+00:00,Removing stops from shipment 
2026-09-08T17:45:40+00:00,Assigned stops
2026-09-08T17:45:25+00:00,Assigned stops
2026-09-08T17:43:51+00:00,Removing stops from shipment 
2026-09-08T17:42:07+00:00,Assigned stops
2026-09-08T17:40:24+00:00,Assigned stops
2026-09-08T17:38:51+00:00,Assigned stops
2026-09-08T17:37:22+00:00,Assigned stops
2026-09-08T17:37:10+00:00,Adding stops to shipment 
2026-09-08T17:32:11+00:00,Calculated route Norfolk in shipment DELIVERY WEEK 36 (27/08/2026)
2026-09-08T17:31:52+00:00,Assigned stops
2026-09-08T17:31:40+00:00,Adding stops to shipment 
2026-09-08T17:30:08+00:00,Assigned stops
2026-09-08T17:28:13+00:00,Assigned stops
2026-09-08T17:27:20+00:00,Removing stops from shipment 
2026-09-08T17:27:12+00:00,Assigned stops
2026-09-08T17:24:30+00:00,Assigned stops
2026-09-08T17:22:14+00:00,Assigned stops
2026-09-08T17:20:42+00:00,Calculated route South Yorkshire in shipment DELIVERY WEEK 36 (27/08/2026)
2026-09-08T17:20:30+00:00,Assigned stops
2026-09-08T17:20:12+00:00,Adding stops to shipment 
2026-09-08T17:18:07+00:00,Assigned stops
2026-09-08T17:16:36+00:00,Assigned stops
2026-09-08T17:14:16+00:00,Assigned stops
2026-09-08T17:12:05+00:00,Assigned stops
2026-09-08T17:12:02+00:00,Assigned stops
2026-09-08T17:10:20+00:00,Assigned stops
2026-09-08T17:09:57+00:00,Assigned stops
2026-09-08T17:06:41+00:00,Assigned stops
2026-09-08T17:05:27+00:00,Assigned stops
2026-09-08T17:02:17+00:00,Assigned stops
2026-09-08T17:00:34+00:00,Assigned stops
2026-09-08T16:58:38+00:00,Calculated route LONDON 2   in shipment DELIVERY WEEK 36 (27/08/2026)
2026-09-08T16:58:29+00:00,Assigned stops
2026-09-08T16:57:29+00:00,Calculated route North Wales in shipment DELIVERY WEEK 36 (27/08/2026)
2026-09-08T16:56:30+00:00,Assigned stops
2026-09-08T16:55:23+00:00,Calculated route London in shipment DELIVERY WEEK 36 (27/08/2026)
2026-09-08T16:55:12+00:00,Assigned stops
2026-09-08T16:54:57+00:00,Calculated route Birmingham in shipment DELIVERY WEEK 36 (27/08/2026)
2026-09-08T16:54:45+00:00,Assigned stops
2026-09-08T16:53:49+00:00,Calculated route Cornwall in shipment DELIVERY WEEK 36 (27/08/2026)
2026-09-08T16:53:40+00:00,Assigned stops
2026-09-08T16:53:15+00:00,Removing stops from shipment 
2026-09-08T16:53:05+00:00,Removing stops from shipment 
2026-09-08T16:52:51+00:00,Removing stops from shipment 
2026-09-08T16:52:38+00:00,Removing stops from shipment 
2026-09-08T16:52:00+00:00,Calculated route MERCIA in shipment DELIVERY WEEK 36 (27/08/2026)
2026-09-08T16:51:19+00:00,Assigned stops
2026-09-08T16:49:31+00:00,Calculated route Cornwall in shipment DELIVERY WEEK 36 (27/08/2026)
2026-09-08T16:49:19+00:00,Assigned stops
2026-09-08T16:48:26+00:00,Calculated route Cornwall in shipment DELIVERY WEEK 36 (27/08/2026)
2026-09-08T16:47:56+00:00,Calculated route Cornwall in shipment DELIVERY WEEK 36 (27/08/2026)
2026-09-08T16:47:26+00:00,Calculated route Cornwall in shipment DELIVERY WEEK 36 (27/08/2026)
2026-09-08T16:45:43+00:00,Calculated route Cornwall in shipment DELIVERY WEEK 36 (27/08/2026)
2026-09-08T16:44:46+00:00,Calculated route Cornwall in shipment DELIVERY WEEK 36 (27/08/2026)
2026-09-08T16:44:25+00:00,Assigned stops
2026-09-08T16:43:46+00:00,Assigned stops
2026-09-08T16:43:04+00:00,Calculated route Cornwall in shipment DELIVERY WEEK 36 (27/08/2026)
2026-09-08T16:42:52+00:00,Assigned stops
2026-09-08T16:42:17+00:00,Removing stops from shipment 
2026-09-08T12:58:33+00:00,Calculated route THURS SOUTH YORKSHIRE in shipment DELIVERY WEEK 36 (27/08/2026)
2026-09-08T12:57:12+00:00,Calculated route THURS SOUTH YORKSHIRE 2 in shipment DELIVERY WEEK 36 (27/08/2026)
2026-09-08T12:57:04+00:00,Calculated route THURS SOUTH YORKSHIRE 2 in shipment DELIVERY WEEK 36 (27/08/2026)
2026-09-08T12:56:07+00:00,Calculated route THURS SOUTH YORKSHIRE 2 in shipment DELIVERY WEEK 36 (27/08/2026)
2026-09-08T12:44:32+00:00,Assigned stops
2026-09-08T12:44:02+00:00,Calculated route THURS MERCIA in shipment DELIVERY WEEK 36 (27/08/2026)
2026-09-08T12:43:36+00:00,Assigned stops
2026-09-08T12:43:27+00:00,Assigned stops
2026-09-08T12:09:20+00:00,Calculated route Scotland in shipment DELIVERY WEEK 36 (27/08/2026)
2026-09-08T12:08:20+00:00,Calculated route SCOTLAND 2 in shipment DELIVERY WEEK 36 (27/08/2026)
2026-09-08T12:06:53+00:00,Calculated route MERCIA in shipment DELIVERY WEEK 36 (27/08/2026)
2026-09-08T12:03:20+00:00,Calculated route LONDON 2   in shipment DELIVERY WEEK 36 (27/08/2026)
2026-09-08T12:02:22+00:00,Calculated route Birmingham in shipment DELIVERY WEEK 36 (27/08/2026)
2026-09-08T12:01:51+00:00,Calculated route LONDON 2   in shipment COLLECTION WEEK 36 (26/08/2026)
2026-09-08T06:30:53+00:00,Calculated route MERCIA in shipment DELIVERY WEEK 36 (27/08/2026)
2026-09-08T06:29:32+00:00,Calculated route Cornwall in shipment DELIVERY WEEK 36 (27/08/2026)
2026-09-08T06:28:16+00:00,Calculated route Cornwall in shipment DELIVERY WEEK 36 (27/08/2026)
2026-09-08T06:25:03+00:00,Calculated route Norfolk in shipment DELIVERY WEEK 36 (27/08/2026)
2026-09-08T06:09:22+00:00,Calculated route MERCIA in shipment DELIVERY WEEK 36 (27/08/2026)
2026-09-08T06:09:00+00:00,Assigned stops
2026-09-08T06:07:42+00:00,Calculated route MERCIA in shipment DELIVERY WEEK 36 (27/08/2026)
2026-09-08T06:07:24+00:00,Adding stops to shipment 
2026-09-08T05:59:16+00:00,Calculated route Norfolk in shipment COLLECTION WEEK 36 (26/08/2026)
2026-09-08T05:58:57+00:00,Assigned stops
2026-09-08T05:58:39+00:00,Adding stops to shipment 
2026-09-08T05:51:27+00:00,Calculated route North Wales in shipment DELIVERY WEEK 36 (27/08/2026)
2026-09-08T05:50:59+00:00,Calculated route North Wales in shipment DELIVERY WEEK 36 (27/08/2026)
2026-09-07T22:22:15+00:00,Calculated route MERCIA in shipment DELIVERY WEEK 36 (27/08/2026)
2026-09-07T22:21:39+00:00,Calculated route London in shipment DELIVERY WEEK 36 (27/08/2026)
2026-09-07T22:07:30+00:00,Calculated route LONDON JOHN in shipment DELIVERY WEEK 36 (27/08/2026)
2026-09-07T22:02:46+00:00,Calculated route Cornwall in shipment DELIVERY WEEK 36 (27/08/2026)
2026-09-07T21:49:37+00:00,Removing stops from shipment 
2026-09-07T21:48:57+00:00,Removing stops from shipment 
2026-09-07T21:48:36+00:00,Calculated route Norfolk in shipment DELIVERY WEEK 36 (27/08/2026)
2026-09-07T21:48:26+00:00,Assigned stops
2026-09-07T21:46:42+00:00,Calculated route LONDON 2   in shipment COLLECTION WEEK 36 (26/08/2026)
2026-09-07T21:45:16+00:00,Assigned stops
2026-09-07T21:45:02+00:00,Assigned stops
2026-09-07T21:44:43+00:00,Assigned stops
2026-09-07T21:44:28+00:00,Assigned stops
2026-09-07T21:44:02+00:00,Adding stops to shipment 
2026-09-07T21:42:11+00:00,Calculated route TUES SOUTH WALES in shipment COLLECTION WEEK 36 (26/08/2026)
2026-09-07T21:41:49+00:00,Assigned stops
2026-09-07T21:40:20+00:00,Adding stops to shipment 
2026-09-07T21:31:01+00:00,Calculated route Birmingham in shipment DELIVERY WEEK 36 (27/08/2026)
2026-09-07T21:29:16+00:00,Calculated route North West in shipment DELIVERY WEEK 36 (27/08/2026)
2026-09-07T21:12:08+00:00,Calculated route South Wales in shipment DELIVERY WEEK 36 (27/08/2026)
2026-09-07T21:11:14+00:00,Calculated route Cornwall in shipment DELIVERY WEEK 36 (27/08/2026)
2026-09-07T21:02:37+00:00,Removing stops from shipment 
2026-09-07T21:02:29+00:00,Removing stops from shipment 
2026-09-07T21:02:17+00:00,Calculated route North West in shipment DELIVERY WEEK 36 (27/08/2026)
2026-09-07T21:02:07+00:00,Assigned stops
2026-09-07T20:59:18+00:00,Removing stops from shipment 
2026-09-07T20:59:04+00:00,Adding stops to shipment 
2026-09-07T20:58:17+00:00,Calculated route South Coast in shipment COLLECTION WEEK 36 (26/08/2026)
2026-09-07T20:58:05+00:00,Assigned stops
2026-09-07T20:57:51+00:00,Adding stops to shipment 
2026-09-07T20:52:26+00:00,Calculated route SOUTH YORKSHIRE 2 in shipment COLLECTION WEEK 36 (26/08/2026)
2026-09-07T20:50:55+00:00,Calculated route SOUTH YORKSHIRE 2 in shipment COLLECTION WEEK 36 (26/08/2026)
2026-09-07T20:49:24+00:00,Calculated route SOUTH YORKSHIRE 2 in shipment COLLECTION WEEK 36 (26/08/2026)
2026-09-07T20:49:04+00:00,Assigned stops
2026-09-07T20:29:14+00:00,Calculated route THURS SOUTH YORKSHIRE 2 in shipment DELIVERY WEEK 36 (27/08/2026)
2026-09-07T20:28:53+00:00,Assigned stops
2026-09-07T20:28:03+00:00,Calculated route THURS SOUTH YORKSHIRE in shipment DELIVERY WEEK 36 (27/08/2026)
2026-09-07T20:27:58+00:00,Assigned stops
2026-09-07T20:27:55+00:00,Assigned stops
2026-09-07T20:27:52+00:00,Assigned stops
2026-09-07T20:27:49+00:00,Assigned stops
2026-09-07T20:27:47+00:00,Assigned stops
2026-09-07T20:27:43+00:00,Assigned stops
2026-09-07T20:27:41+00:00,Assigned stops
2026-09-07T20:27:38+00:00,Assigned stops
2026-09-07T20:27:35+00:00,Assigned stops
2026-09-07T20:27:33+00:00,Assigned stops
2026-09-07T20:27:31+00:00,Assigned stops
2026-09-07T20:27:28+00:00,Assigned stops
2026-09-07T20:27:25+00:00,Assigned stops
2026-09-07T20:27:17+00:00,Calculated route THURS SOUTH YORKSHIRE in shipment DELIVERY WEEK 36 (27/08/2026)
2026-09-07T20:26:57+00:00,Calculated route THURS SCOTLAND 2 in shipment DELIVERY WEEK 36 (27/08/2026)
2026-09-07T20:26:50+00:00,Assigned stops
2026-09-07T20:26:29+00:00,Calculated route THURS SCOTLAND in shipment DELIVERY WEEK 36 (27/08/2026)
2026-09-07T20:26:14+00:00,Assigned stops
2026-09-07T20:26:11+00:00,Assigned stops
2026-09-07T20:26:04+00:00,Assigned stops
2026-09-07T20:25:44+00:00,Calculated route THURS SCOTLAND in shipment DELIVERY WEEK 36 (27/08/2026)
2026-09-07T20:25:37+00:00,Assigned stops
2026-09-07T20:25:34+00:00,Assigned stops
2026-09-07T20:25:30+00:00,Assigned stops
2026-09-07T20:25:28+00:00,Assigned stops
2026-09-07T20:25:16+00:00,Calculated route THURS SCOTLAND 2 in shipment DELIVERY WEEK 36 (27/08/2026)
2026-09-07T20:24:55+00:00,Assigned stops
2026-09-07T20:24:02+00:00,Calculated route THURS SCOTLAND in shipment DELIVERY WEEK 36 (27/08/2026)
2026-09-07T20:23:51+00:00,Assigned stops
2026-09-07T20:23:48+00:00,Assigned stops
2026-09-07T20:23:45+00:00,Assigned stops
2026-09-07T20:23:43+00:00,Assigned stops
2026-09-07T20:23:39+00:00,Assigned stops
2026-09-07T20:23:37+00:00,Assigned stops
2026-09-07T20:23:34+00:00,Assigned stops
2026-09-07T20:23:31+00:00,Assigned stops
2026-09-07T20:23:29+00:00,Assigned stops
2026-09-07T20:23:25+00:00,Assigned stops
2026-09-07T20:23:23+00:00,Assigned stops
2026-09-07T20:23:20+00:00,Assigned stops
2026-09-07T20:23:20+00:00,Assigned stops
2026-09-07T20:23:18+00:00,Assigned stops
2026-09-07T20:23:17+00:00,Assigned stops
2026-09-07T20:23:14+00:00,Assigned stops
2026-09-07T20:23:09+00:00,Assigned stops
2026-09-07T20:23:05+00:00,Assigned stops
2026-09-07T20:22:37+00:00,Calculated route THURS MERCIA in shipment DELIVERY WEEK 36 (27/08/2026)
2026-09-07T20:22:28+00:00,Assigned stops
2026-09-07T20:22:14+00:00,Assigned stops
2026-09-07T20:22:09+00:00,Assigned stops
2026-09-07T20:21:45+00:00,Calculated route South Yorkshire in shipment DELIVERY WEEK 36 (27/08/2026)
2026-09-07T20:21:38+00:00,Calculated route South Wales in shipment DELIVERY WEEK 36 (27/08/2026)
2026-09-07T20:21:24+00:00,Calculated route South Coast in shipment DELIVERY WEEK 36 (27/08/2026)
2026-09-07T20:21:09+00:00,Calculated route Scotland in shipment DELIVERY WEEK 36 (27/08/2026)
2026-09-07T20:17:56+00:00,Calculated route SOUTH YORKSHIRE 2 in shipment DELIVERY WEEK 36 (27/08/2026)
2026-09-07T20:17:37+00:00,Calculated route SCOTLAND 2 in shipment DELIVERY WEEK 36 (27/08/2026)
2026-09-07T20:17:25+00:00,Assigned stops
2026-09-07T20:17:14+00:00,Calculated route North West in shipment DELIVERY WEEK 36 (27/08/2026)
2026-09-07T20:17:06+00:00,Assigned stops
2026-09-07T20:16:55+00:00,Calculated route North Wales in shipment DELIVERY WEEK 36 (27/08/2026)
2026-09-07T20:16:44+00:00,Calculated route North East in shipment DELIVERY WEEK 36 (27/08/2026)
2026-09-07T20:16:29+00:00,Calculated route Norfolk in shipment DELIVERY WEEK 36 (27/08/2026)
2026-09-07T20:16:01+00:00,Calculated route MERCIA in shipment DELIVERY WEEK 36 (27/08/2026)
2026-09-07T20:15:45+00:00,Calculated route LONDON JOHN in shipment DELIVERY WEEK 36 (27/08/2026)
2026-09-07T20:15:38+00:00,Assigned stops
2026-09-07T20:15:24+00:00,Calculated route London in shipment DELIVERY WEEK 36 (27/08/2026)
2026-09-07T20:15:19+00:00,Assigned stops
2026-09-07T20:15:05+00:00,Calculated route London in shipment DELIVERY WEEK 36 (27/08/2026)
2026-09-07T20:14:51+00:00,Calculated route LONDON 2   in shipment DELIVERY WEEK 36 (27/08/2026)
2026-09-07T20:14:39+00:00,Calculated route Cumbria in shipment DELIVERY WEEK 36 (27/08/2026)
2026-09-07T20:14:26+00:00,Calculated route Cornwall in shipment DELIVERY WEEK 36 (27/08/2026)
2026-09-07T20:14:14+00:00,Calculated route Birmingham in shipment DELIVERY WEEK 36 (27/08/2026)
2026-09-07T20:14:07+00:00,Assigned stops
2026-09-07T20:13:57+00:00,Assigned stops
2026-09-07T20:13:53+00:00,Assigned stops
2026-09-07T20:13:39+00:00,Calculated route Birmingham in shipment DELIVERY WEEK 36 (27/08/2026)
2026-09-07T20:12:18+00:00,Calculated route LONDON JOHN in shipment DELIVERY WEEK 36 (27/08/2026)
2026-09-07T20:12:04+00:00,Calculated route LONDON JOHN in shipment DELIVERY WEEK 36 (27/08/2026)
2026-09-07T20:11:56+00:00,Assigned stops
2026-09-07T20:11:38+00:00,Calculated route South Yorkshire in shipment COLLECTION WEEK 36 (26/08/2026)
2026-09-07T20:11:02+00:00,Assigned stops
2026-09-07T20:10:32+00:00,Adding stops to shipment 
2026-09-07T20:10:32+00:00,Adding stops to shipment 
2026-09-07T20:10:15+00:00,Adding stops to shipment 
2026-09-07T20:01:34+00:00,Calculated route TUES SOUTH WALES in shipment COLLECTION WEEK 36 (26/08/2026)
2026-09-07T20:00:59+00:00,Calculated route MERCIA in shipment COLLECTION WEEK 36 (26/08/2026)
2026-09-07T20:00:44+00:00,Calculated route LONDON 2   in shipment COLLECTION WEEK 36 (26/08/2026)
2026-09-07T19:59:35+00:00,Removing stops from shipment 
2026-09-07T19:59:25+00:00,Removing stops from shipment 
2026-09-07T19:59:16+00:00,Assigned stops
2026-09-07T19:57:39+00:00,Removing stops from shipment 
2026-09-07T19:57:26+00:00,Removing stops from shipment 
2026-09-07T19:57:19+00:00,Assigned stops
2026-09-07T19:55:12+00:00,Assigned stops
2026-09-07T19:54:50+00:00,Calculated route SOUTH YORKSHIRE 2 in shipment COLLECTION WEEK 36 (26/08/2026)
2026-09-07T19:54:36+00:00,Assigned stops
2026-09-07T19:54:27+00:00,Adding stops to shipment 
2026-09-07T19:53:58+00:00,Adding stops to shipment 
2026-09-07T19:51:24+00:00,Removing stops from shipment 
2026-09-07T19:51:12+00:00,Calculated route LOUELLA in shipment COLLECTION WEEK 36 (26/08/2026)
2026-09-07T19:50:09+00:00,Removing stops from shipment 
2026-09-07T19:50:04+00:00,Removing stops from shipment 
2026-09-07T19:49:58+00:00,Assigned stops
2026-09-07T19:49:34+00:00,Assigned stops
2026-09-07T19:47:35+00:00,Assigned stops
2026-09-07T19:47:14+00:00,Calculated route South Yorkshire in shipment COLLECTION WEEK 36 (26/08/2026)
2026-09-07T19:47:03+00:00,Assigned stops
2026-09-07T19:46:48+00:00,Adding stops to shipment 
2026-09-07T19:46:33+00:00,Adding stops to shipment 
2026-09-07T19:34:14+00:00,Calculated route South Coast in shipment COLLECTION WEEK 36 (26/08/2026)
2026-09-07T19:33:54+00:00,Assigned stops
2026-09-07T19:33:21+00:00,Assigned stops
2026-09-07T19:31:49+00:00,Removing stops from shipment 
2026-09-07T19:31:42+00:00,Removing stops from shipment 
2026-09-07T19:31:25+00:00,Removing stops from shipment 
2026-09-07T19:31:19+00:00,Assigned stops
2026-09-07T19:30:37+00:00,Assigned stops
2026-09-07T19:28:36+00:00,Removing stops from shipment 
2026-09-07T19:28:27+00:00,Removing stops from shipment 
2026-09-07T19:28:19+00:00,Assigned stops
2026-09-07T19:27:45+00:00,Calculated route South Coast in shipment COLLECTION WEEK 36 (26/08/2026)
2026-09-07T19:27:39+00:00,Assigned stops
2026-09-07T19:26:35+00:00,Calculated route LONDON 2   in shipment COLLECTION WEEK 36 (26/08/2026)
2026-09-07T19:22:39+00:00,Removing stops from shipment 
2026-09-07T19:22:32+00:00,Removing stops from shipment 
2026-09-07T19:22:21+00:00,Assigned stops
2026-09-07T19:21:52+00:00,Removing stops from shipment 
2026-09-07T19:21:43+00:00,Assigned stops
2026-09-07T19:21:13+00:00,Removing stops from shipment 
2026-09-07T19:21:07+00:00,Assigned stops
2026-09-07T19:19:56+00:00,Removing stops from shipment 
2026-09-07T19:19:50+00:00,Calculated route London in shipment COLLECTION WEEK 36 (26/08/2026)
2026-09-07T19:19:41+00:00,Assigned stops
2026-09-07T19:15:33+00:00,Assigned stops
2026-09-07T19:14:55+00:00,Assigned stops
2026-09-07T19:14:30+00:00,Calculated route Norfolk in shipment COLLECTION WEEK 36 (26/08/2026)
2026-09-07T19:13:33+00:00,Calculated route Norfolk in shipment COLLECTION WEEK 36 (26/08/2026)
2026-09-07T19:12:52+00:00,Removing stops from shipment 
2026-09-07T19:12:44+00:00,Removing stops from shipment 
2026-09-07T19:12:39+00:00,Assigned stops
2026-09-07T19:11:54+00:00,Removing stops from shipment 
2026-09-07T19:11:47+00:00,Removing stops from shipment 
2026-09-07T19:11:40+00:00,Assigned stops
2026-09-07T19:11:07+00:00,Removing stops from shipment 
2026-09-07T19:11:00+00:00,Removing stops from shipment 
2026-09-07T19:10:54+00:00,Assigned stops
2026-09-07T19:10:19+00:00,Removing stops from shipment 
2026-09-07T19:10:13+00:00,Removing stops from shipment 
2026-09-07T19:10:07+00:00,Assigned stops
2026-09-07T19:09:30+00:00,Removing stops from shipment 
2026-09-07T19:09:23+00:00,Removing stops from shipment 
2026-09-07T19:09:17+00:00,Assigned stops
2026-09-07T19:08:49+00:00,Removing stops from shipment 
2026-09-07T19:08:43+00:00,Removing stops from shipment 
2026-09-07T19:08:38+00:00,Assigned stops
2026-09-07T19:07:28+00:00,Calculated route South Coast in shipment COLLECTION WEEK 36 (26/08/2026)
2026-09-07T19:07:21+00:00,Assigned stops
2026-09-07T19:07:08+00:00,Calculated route North West in shipment DELIVERY WEEK 36 (27/08/2026)
2026-09-07T19:06:59+00:00,Assigned stops
2026-09-07T19:06:50+00:00,Adding stops to shipment 
2026-09-07T19:06:22+00:00,Adding stops to shipment 
2026-09-07T19:03:19+00:00,Calculated route TUES SOUTH WALES in shipment COLLECTION WEEK 36 (26/08/2026)
2026-09-07T19:02:53+00:00,Calculated route South Yorkshire in shipment COLLECTION WEEK 36 (26/08/2026)
2026-09-07T19:02:44+00:00,Assigned stops
2026-09-07T18:58:45+00:00,Removing stops from shipment 
2026-09-07T18:58:39+00:00,Removing stops from shipment 
2026-09-07T18:58:30+00:00,Removing stops from shipment 
2026-09-07T18:58:24+00:00,Assigned stops
2026-09-07T18:57:52+00:00,Calculated route South Coast in shipment COLLECTION WEEK 36 (26/08/2026)
2026-09-07T18:57:46+00:00,Assigned stops
2026-09-07T18:57:25+00:00,Calculated route South Coast in shipment COLLECTION WEEK 36 (26/08/2026)
2026-09-07T18:56:50+00:00,Assigned stops
2026-09-07T18:55:48+00:00,Adding stops to shipment 
2026-09-07T18:50:35+00:00,Calculated route South Coast in shipment COLLECTION WEEK 36 (26/08/2026)
2026-09-07T18:50:27+00:00,Assigned stops
2026-09-07T18:49:55+00:00,Adding stops to shipment 
2026-09-07T18:40:51+00:00,Calculated route ESSEX in shipment COLLECTION WEEK 36 (26/08/2026)
2026-09-07T18:39:15+00:00,Calculated route South Coast in shipment DELIVERY WEEK 36 (27/08/2026)
2026-09-07T18:27:12+00:00,Removing stops from shipment 
2026-09-07T18:27:01+00:00,Assigned stops
2026-09-07T18:15:56+00:00,Calculated route South Coast in shipment COLLECTION WEEK 36 (26/08/2026)
2026-09-07T18:15:48+00:00,Assigned stops
2026-09-07T18:09:43+00:00,Calculated route Cumbria in shipment COLLECTION WEEK 36 (26/08/2026)
2026-09-07T18:06:59+00:00,Assigned stops
2026-09-07T18:06:16+00:00,Assigned stops
2026-09-07T18:04:37+00:00,Removing stops from shipment 
2026-09-07T18:04:31+00:00,Removing stops from shipment 
2026-09-07T18:04:25+00:00,Assigned stops
2026-09-07T18:03:48+00:00,Removing stops from shipment 
2026-09-07T18:03:42+00:00,Removing stops from shipment 
2026-09-07T18:03:33+00:00,Assigned stops
2026-09-07T18:02:31+00:00,Removing stops from shipment 
2026-09-07T18:02:12+00:00,Removing stops from shipment 
2026-09-07T18:01:47+00:00,Assigned stops
2026-09-07T18:01:03+00:00,Assigned stops
2026-09-07T17:59:55+00:00,Assigned stops
2026-09-07T17:59:23+00:00,Assigned stops
2026-09-07T17:58:55+00:00,Assigned stops
2026-09-07T17:57:49+00:00,Assigned stops
2026-09-07T17:56:46+00:00,Assigned stops
2026-09-07T17:56:07+00:00,Assigned stops
2026-09-07T17:55:28+00:00,Assigned stops
2026-09-07T17:53:21+00:00,Assigned stops
2026-09-07T17:39:53+00:00,Removing stops from shipment 
2026-09-07T17:39:37+00:00,Removing stops from shipment 
2026-09-07T17:39:32+00:00,Assigned stops
2026-09-07T17:38:02+00:00,Assigned stops
2026-09-07T17:37:57+00:00,Assigned stops
2026-09-07T17:37:39+00:00,Assigned stops
2026-09-07T17:37:32+00:00,Assigned stops
2026-09-07T17:37:21+00:00,Assigned stops
2026-09-07T17:37:12+00:00,Assigned stops
2026-09-07T17:37:04+00:00,Assigned stops
2026-09-07T17:36:53+00:00,Assigned stops
2026-09-07T17:36:45+00:00,Assigned stops
2026-09-07T17:36:33+00:00,Assigned stops
2026-09-07T17:35:50+00:00,Calculated route TUES SOUTH WALES in shipment COLLECTION WEEK 36 (26/08/2026)
2026-09-07T17:35:29+00:00,Assigned stops
2026-09-07T17:34:42+00:00,Adding stops to shipment 
2026-09-07T17:34:24+00:00,Adding stops to shipment 
2026-09-07T17:06:19+00:00,Assigned stops
2026-09-07T17:05:15+00:00,Assigned stops
2026-09-07T17:05:08+00:00,Assigned stops
2026-09-07T17:05:00+00:00,Assigned stops
2026-09-07T17:04:44+00:00,Assigned stops
2026-09-07T17:04:22+00:00,Assigned stops
2026-09-07T17:04:12+00:00,Assigned stops
2026-09-07T17:04:01+00:00,Assigned stops
2026-09-07T17:03:49+00:00,Assigned stops
2026-09-07T17:03:39+00:00,Assigned stops
2026-09-07T17:03:25+00:00,Assigned stops
2026-09-07T17:03:14+00:00,Assigned stops
2026-09-07T17:03:05+00:00,Assigned stops
2026-09-07T17:02:54+00:00,Assigned stops
2026-09-07T17:02:45+00:00,Assigned stops
2026-09-07T17:02:36+00:00,Assigned stops
2026-09-07T17:02:27+00:00,Assigned stops
2026-09-07T17:02:07+00:00,Assigned stops
2026-09-07T17:01:38+00:00,Calculated route Birmingham in shipment DELIVERY WEEK 36 (27/08/2026)
2026-09-07T17:01:30+00:00,Assigned stops
2026-09-07T17:00:21+00:00,Calculated route Norfolk in shipment DELIVERY WEEK 36 (27/08/2026)
2026-09-07T17:00:09+00:00,Assigned stops
2026-09-07T17:00:02+00:00,Calculated route Norfolk in shipment DELIVERY WEEK 36 (27/08/2026)
2026-09-07T16:59:47+00:00,Assigned stops
2026-09-07T16:59:19+00:00,Removing stops from shipment 
2026-09-07T16:59:15+00:00,Removing stops from shipment 
2026-09-07T16:58:28+00:00,Assigned stops
2026-09-07T16:57:52+00:00,Removing stops from shipment 
2026-09-07T16:57:35+00:00,Removing stops from shipment 
2026-09-07T16:57:25+00:00,Assigned stops
2026-09-07T16:52:00+00:00,Removing stops from shipment 
2026-09-07T16:51:53+00:00,Removing stops from shipment 
2026-09-07T16:51:31+00:00,Removing stops from shipment 
2026-09-07T16:51:24+00:00,Removing stops from shipment 
2026-09-07T16:50:53+00:00,Removing stops from shipment 
2026-09-07T16:50:46+00:00,Removing stops from shipment 
2026-09-07T16:49:53+00:00,Adding stops to shipment 
2026-09-07T16:47:17+00:00,Adding stops to shipment 
2026-09-07T16:41:37+00:00,Removing stops from shipment 
2026-09-07T16:41:29+00:00,Removing stops from shipment 
2026-09-07T16:40:01+00:00,Calculated route Cumbria in shipment COLLECTION WEEK 36 (26/08/2026)
2026-09-07T16:39:53+00:00,Assigned stops
2026-09-07T16:38:13+00:00,Calculated route London in shipment COLLECTION WEEK 36 (26/08/2026)
2026-09-07T16:38:05+00:00,Assigned stops
2026-09-07T16:37:37+00:00,Calculated route LONDON 2   in shipment COLLECTION WEEK 36 (26/08/2026)
2026-09-07T16:37:24+00:00,Assigned stops
2026-09-07T16:37:15+00:00,Assigned stops
2026-09-07T16:36:41+00:00,Calculated route London in shipment COLLECTION WEEK 36 (26/08/2026)
2026-09-07T16:36:23+00:00,Calculated route LOUELLA in shipment COLLECTION WEEK 36 (26/08/2026)
2026-09-07T16:36:15+00:00,Assigned stops
2026-09-07T16:35:49+00:00,Calculated route LOUELLA in shipment COLLECTION WEEK 36 (26/08/2026)
2026-09-07T16:35:40+00:00,Assigned stops
2026-09-07T16:35:26+00:00,Removing stops from shipment 
2026-09-07T16:35:09+00:00,Assigned stops
2026-09-07T16:35:01+00:00,Removing stops from shipment 
2026-09-07T16:34:52+00:00,Assigned stops
2026-09-07T16:34:47+00:00,Assigned stops
2026-09-07T16:34:09+00:00,Removing stops from shipment 
2026-09-07T16:33:54+00:00,Removing stops from shipment 
2026-09-07T16:33:43+00:00,Assigned stops
2026-09-07T16:32:48+00:00,Calculated route South Yorkshire in shipment COLLECTION WEEK 36 (26/08/2026)
2026-09-07T16:32:42+00:00,Assigned stops
2026-09-07T16:32:28+00:00,Calculated route South Yorkshire in shipment COLLECTION WEEK 36 (26/08/2026)
2026-09-07T16:31:50+00:00,Assigned stops
2026-09-07T16:31:17+00:00,Calculated route Norfolk in shipment COLLECTION WEEK 36 (26/08/2026)
2026-09-07T16:30:56+00:00,Assigned stops
2026-09-07T16:30:42+00:00,Adding stops to shipment 
2026-09-07T16:28:59+00:00,Calculated route Norfolk in shipment COLLECTION WEEK 36 (26/08/2026)
2026-09-07T16:28:52+00:00,Assigned stops
2026-09-07T16:28:12+00:00,Assigned stops
2026-09-07T16:27:20+00:00,Removing stops from shipment 
2026-09-07T16:27:12+00:00,Removing stops from shipment 
2026-09-07T16:26:38+00:00,Removing stops from shipment 
2026-09-07T16:26:29+00:00,Assigned stops
2026-09-07T16:25:49+00:00,Removing stops from shipment 
2026-09-07T16:25:20+00:00,Removing stops from shipment 
2026-09-07T16:25:12+00:00,Assigned stops
2026-09-07T16:24:20+00:00,Removing stops from shipment 
2026-09-07T16:24:11+00:00,Assigned stops
2026-09-07T16:23:22+00:00,Removing stops from shipment 
2026-09-07T16:23:06+00:00,Removing stops from shipment 
2026-09-07T16:22:58+00:00,Assigned stops
2026-09-07T16:22:22+00:00,Removing stops from shipment 
2026-09-07T16:22:14+00:00,Assigned stops
2026-09-07T16:21:25+00:00,Removing stops from shipment 
2026-09-07T16:21:19+00:00,Assigned stops
2026-09-07T16:20:48+00:00,Removing stops from shipment 
2026-09-07T16:20:39+00:00,Assigned stops
2026-09-07T16:20:16+00:00,Removing stops from shipment 
2026-09-07T16:19:49+00:00,Calculated route MERCIA in shipment DELIVERY WEEK 36 (27/08/2026)
2026-09-07T16:19:44+00:00,Assigned stops
2026-09-07T16:04:19+00:00,Removing stops from shipment 
2026-09-07T16:04:12+00:00,Removing stops from shipment 
2026-09-07T16:00:49+00:00,Adding stops to shipment 
2026-09-07T16:00:43+00:00,Adding stops to shipment 
2026-09-07T15:52:48+00:00,Calculated route MERCIA in shipment DELIVERY WEEK 36 (27/08/2026)
2026-09-07T15:52:42+00:00,Assigned stops
2026-09-07T15:52:35+00:00,Calculated route MERCIA in shipment DELIVERY WEEK 36 (27/08/2026)
2026-09-07T15:52:12+00:00,Assigned stops
2026-09-07T15:51:57+00:00,Calculated route Cornwall in shipment DELIVERY WEEK 36 (27/08/2026)
2026-09-07T15:51:49+00:00,Assigned stops
2026-09-07T15:51:38+00:00,Calculated route North West in shipment DELIVERY WEEK 36 (27/08/2026)
2026-09-07T15:51:26+00:00,Assigned stops
2026-09-07T15:51:12+00:00,Calculated route Cumbria in shipment DELIVERY WEEK 36 (27/08/2026)
2026-09-07T15:51:03+00:00,Assigned stops
2026-09-07T15:50:48+00:00,Calculated route London in shipment DELIVERY WEEK 36 (27/08/2026)
2026-09-07T15:50:39+00:00,Assigned stops
2026-09-07T15:50:22+00:00,Calculated route SOUTH YORKSHIRE 2 in shipment DELIVERY WEEK 36 (27/08/2026)
2026-09-07T15:50:12+00:00,Assigned stops
2026-09-07T15:49:57+00:00,Calculated route North West in shipment DELIVERY WEEK 36 (27/08/2026)
2026-09-07T15:49:51+00:00,Assigned stops
2026-09-07T15:49:35+00:00,Calculated route North West in shipment DELIVERY WEEK 36 (27/08/2026)
2026-09-07T15:49:27+00:00,Assigned stops
2026-09-07T15:48:52+00:00,Adding stops to shipment 
2026-09-07T15:48:14+00:00,Calculated route ESSEX in shipment COLLECTION WEEK 36 (26/08/2026)
2026-09-07T15:48:05+00:00,Assigned stops
2026-09-07T15:47:22+00:00,Adding stops to shipment 
2026-09-07T15:32:30+00:00,Calculated route ESSEX in shipment COLLECTION WEEK 36 (26/08/2026)
2026-09-07T15:32:16+00:00,Assigned stops
2026-09-07T15:32:03+00:00,Adding stops to shipment 
2026-09-07T15:30:32+00:00,Calculated route ESSEX in shipment COLLECTION WEEK 36 (26/08/2026)
2026-09-07T15:23:46+00:00,Calculated route South Yorkshire in shipment COLLECTION WEEK 36 (26/08/2026)
2026-09-07T15:23:37+00:00,Assigned stops
2026-09-07T15:23:11+00:00,Calculated route TUES SOUTH WALES in shipment COLLECTION WEEK 36 (26/08/2026)
2026-09-07T15:23:03+00:00,Calculated route South Yorkshire in shipment COLLECTION WEEK 36 (26/08/2026)
2026-09-07T15:22:51+00:00,Calculated route Scotland in shipment COLLECTION WEEK 36 (26/08/2026)
2026-09-07T15:22:38+00:00,Calculated route North Wales in shipment COLLECTION WEEK 36 (26/08/2026)
2026-09-07T15:22:30+00:00,Calculated route North East in shipment COLLECTION WEEK 36 (26/08/2026)
2026-09-07T15:22:21+00:00,Calculated route Norfolk in shipment COLLECTION WEEK 36 (26/08/2026)
2026-09-07T15:22:13+00:00,Calculated route MIX AND MATCH in shipment COLLECTION WEEK 36 (26/08/2026)
2026-09-07T15:21:49+00:00,Calculated route Cumbria in shipment COLLECTION WEEK 36 (26/08/2026)
2026-09-07T15:20:46+00:00,Removing stops from shipment 
2026-09-07T15:20:36+00:00,Removing stops from shipment 
2026-09-07T15:20:21+00:00,Removing stops from shipment 
2026-09-07T15:20:12+00:00,Assigned stops
2026-09-07T15:19:43+00:00,Removing stops from shipment 
2026-09-07T15:18:56+00:00,Removing stops from shipment 
2026-09-07T15:18:48+00:00,Assigned stops
2026-09-07T15:17:43+00:00,Removing stops from shipment 
2026-09-07T15:17:25+00:00,Removing stops from shipment 
2026-09-07T15:17:13+00:00,Assigned stops
2026-09-07T15:16:34+00:00,Removing stops from shipment 
2026-09-07T14:45:24+00:00,Removing stops from shipment 
2026-09-07T14:45:06+00:00,Removing stops from shipment 
2026-09-07T14:44:57+00:00,Assigned stops
2026-09-07T14:44:31+00:00,Removing stops from shipment 
2026-09-07T14:44:16+00:00,Removing stops from shipment 
2026-09-07T14:44:10+00:00,Assigned stops
2026-09-07T14:43:36+00:00,Removing stops from shipment 
2026-09-07T14:43:27+00:00,Removing stops from shipment 
2026-09-07T14:43:05+00:00,Removing stops from shipment 
2026-09-07T14:42:57+00:00,Assigned stops
2026-09-07T14:42:26+00:00,Removing stops from shipment 
2026-09-07T14:42:13+00:00,Removing stops from shipment 
2026-09-07T14:42:06+00:00,Assigned stops
2026-09-07T14:42:06+00:00,Assigned stops
2026-09-07T14:41:24+00:00,Removing stops from shipment 
2026-09-07T14:40:30+00:00,Calculated route North West in shipment COLLECTION WEEK 36 (26/08/2026)
2026-09-07T14:40:16+00:00,Assigned stops
2026-09-07T14:39:39+00:00,Removing stops from shipment 
2026-09-07T14:39:20+00:00,Removing stops from shipment 
2026-09-07T14:39:13+00:00,Assigned stops
2026-09-07T14:38:36+00:00,Removing stops from shipment 
2026-09-07T14:37:29+00:00,Calculated route MERCIA in shipment DELIVERY WEEK 36 (27/08/2026)
2026-09-07T14:37:07+00:00,Removing stops from shipment 
2026-09-07T14:36:53+00:00,Removing stops from shipment 
2026-09-07T14:36:47+00:00,Assigned stops
2026-09-07T14:36:12+00:00,Removing stops from shipment 
2026-09-07T14:35:59+00:00,Removing stops from shipment 
2026-09-07T14:35:53+00:00,Assigned stops
2026-09-07T14:35:10+00:00,Removing stops from shipment 
2026-09-07T14:34:57+00:00,Removing stops from shipment 
2026-09-07T14:34:51+00:00,Assigned stops
2026-09-07T14:34:17+00:00,Removing stops from shipment 
2026-09-07T14:33:59+00:00,Removing stops from shipment 
2026-09-07T14:33:48+00:00,Assigned stops
2026-09-07T14:32:48+00:00,Removing stops from shipment 
2026-09-07T14:32:31+00:00,Removing stops from shipment 
2026-09-07T14:32:21+00:00,Adding stops to shipment 
2026-09-07T14:31:55+00:00,Calculated route LONDON JOHN in shipment DELIVERY WEEK 36 (27/08/2026)
2026-09-07T14:30:27+00:00,Removing stops from shipment 
2026-09-07T14:30:15+00:00,Removing stops from shipment 
2026-09-07T14:30:08+00:00,Calculated route London in shipment DELIVERY WEEK 36 (27/08/2026)
2026-09-07T14:30:04+00:00,Assigned stops
2026-09-07T14:29:19+00:00,Removing stops from shipment 
2026-09-07T14:29:17+00:00,Calculated route LONDON JOHN in shipment DELIVERY WEEK 36 (27/08/2026)
2026-09-07T14:28:54+00:00,Assigned stops
2026-09-07T14:28:54+00:00,Removing stops from shipment 
2026-09-07T14:28:47+00:00,Assigned stops
2026-09-07T14:28:32+00:00,Assigned stops
2026-09-07T14:28:15+00:00,Removing stops from shipment 
2026-09-07T14:28:00+00:00,Removing stops from shipment 
2026-09-07T14:27:52+00:00,Assigned stops
2026-09-07T14:27:07+00:00,Removing stops from shipment 
2026-09-07T14:26:55+00:00,Removing stops from shipment 
2026-09-07T14:26:47+00:00,Assigned stops
2026-09-07T14:26:10+00:00,Removing stops from shipment 
2026-09-07T14:25:58+00:00,Removing stops from shipment 
2026-09-07T14:25:52+00:00,Assigned stops
2026-09-07T14:25:40+00:00,Calculated route LONDON 2   in shipment DELIVERY WEEK 36 (27/08/2026)
2026-09-07T14:25:09+00:00,Calculated route Birmingham in shipment COLLECTION WEEK 36 (26/08/2026)
2026-09-07T14:25:00+00:00,Assigned stops
2026-09-07T14:24:26+00:00,Removing stops from shipment 
2026-09-07T14:24:14+00:00,Removing stops from shipment 
2026-09-07T14:24:08+00:00,Assigned stops
2026-09-07T14:23:28+00:00,Removing stops from shipment 
2026-09-07T14:23:15+00:00,Removing stops from shipment 
2026-09-07T14:23:07+00:00,Assigned stops
2026-09-07T14:22:30+00:00,Removing stops from shipment 
2026-09-07T14:21:54+00:00,Removing stops from shipment 
2026-09-07T14:21:49+00:00,Calculated route South Coast in shipment DELIVERY WEEK 36 (27/08/2026)
2026-09-07T14:21:42+00:00,Assigned stops
2026-09-07T14:19:58+00:00,Calculated route LONDON 2   in shipment DELIVERY WEEK 36 (27/08/2026)
2026-09-07T14:19:51+00:00,Assigned stops
2026-09-07T14:19:21+00:00,Calculated route London in shipment DELIVERY WEEK 36 (27/08/2026)
2026-09-07T14:19:16+00:00,Assigned stops
2026-09-07T14:19:10+00:00,Assigned stops
2026-09-07T14:18:58+00:00,Calculated route London in shipment DELIVERY WEEK 36 (27/08/2026)
2026-09-07T14:18:50+00:00,Assigned stops
2026-09-07T14:18:43+00:00,Assigned stops
2026-09-07T14:18:34+00:00,Assigned stops
2026-09-07T14:18:13+00:00,Calculated route LONDON 2   in shipment DELIVERY WEEK 36 (27/08/2026)
2026-09-07T14:18:05+00:00,Assigned stops
2026-09-07T14:17:48+00:00,Assigned stops
2026-09-07T14:17:46+00:00,Assigned stops
2026-09-07T14:17:41+00:00,Assigned stops
2026-09-07T14:17:38+00:00,Assigned stops
2026-09-07T14:17:35+00:00,Assigned stops
2026-09-07T14:17:24+00:00,Assigned stops
2026-09-07T14:17:12+00:00,Calculated route LONDON 2   in shipment DELIVERY WEEK 36 (27/08/2026)
2026-09-07T14:17:02+00:00,Assigned stops
2026-09-07T14:16:49+00:00,Calculated route South Coast in shipment DELIVERY WEEK 36 (27/08/2026)
2026-09-07T14:16:43+00:00,Assigned stops
2026-09-07T14:16:39+00:00,Assigned stops
2026-09-07T14:16:21+00:00,Calculated route LONDON 2   in shipment DELIVERY WEEK 36 (27/08/2026)
2026-09-07T14:16:10+00:00,Assigned stops
2026-09-07T14:15:50+00:00,Calculated route South Coast in shipment DELIVERY WEEK 36 (27/08/2026)
2026-09-07T14:15:41+00:00,Assigned stops
2026-09-07T14:15:35+00:00,Assigned stops
2026-09-07T14:15:05+00:00,Assigned stops
2026-09-07T14:14:01+00:00,Calculated route London in shipment DELIVERY WEEK 36 (27/08/2026)
2026-09-07T14:13:52+00:00,Assigned stops
2026-09-07T14:13:49+00:00,Assigned stops
2026-09-07T14:13:47+00:00,Assigned stops
2026-09-07T14:13:44+00:00,Assigned stops
2026-09-07T14:13:32+00:00,Calculated route London in shipment DELIVERY WEEK 36 (27/08/2026)
2026-09-07T14:13:22+00:00,Assigned stops
2026-09-07T14:13:00+00:00,Assigned stops
2026-09-07T14:12:51+00:00,Assigned stops
2026-09-07T14:12:42+00:00,Assigned stops
2026-09-07T14:12:36+00:00,Assigned stops
2026-09-07T14:12:32+00:00,Assigned stops
2026-09-07T14:12:23+00:00,Assigned stops
2026-09-07T14:12:13+00:00,Assigned stops
2026-09-07T14:11:58+00:00,Assigned stops
2026-09-07T14:11:55+00:00,Assigned stops
2026-09-07T14:11:52+00:00,Assigned stops
2026-09-07T14:11:47+00:00,Assigned stops
2026-09-07T14:11:36+00:00,Assigned stops
2026-09-07T14:11:27+00:00,Assigned stops
2026-09-07T14:11:24+00:00,Assigned stops
2026-09-07T14:11:15+00:00,Assigned stops
2026-09-07T14:11:07+00:00,Assigned stops
2026-09-07T14:10:29+00:00,Calculated route South Coast in shipment DELIVERY WEEK 36 (27/08/2026)
2026-09-07T14:08:26+00:00,Calculated route THURS SCOTLAND in shipment DELIVERY WEEK 36 (27/08/2026)
2026-09-07T14:08:04+00:00,Calculated route THURS SOUTH YORKSHIRE in shipment DELIVERY WEEK 36 (27/08/2026)
2026-09-07T14:06:37+00:00,Assigned stops
2026-09-07T14:05:41+00:00,Calculated route South Yorkshire in shipment DELIVERY WEEK 36 (27/08/2026)
2026-09-07T14:05:31+00:00,Assigned stops
2026-09-07T14:05:26+00:00,Assigned stops
2026-09-07T14:05:23+00:00,Assigned stops
2026-09-07T14:05:18+00:00,Assigned stops
2026-09-07T14:05:10+00:00,Assigned stops
2026-09-07T14:05:04+00:00,Assigned stops
2026-09-07T14:05:01+00:00,Assigned stops
2026-09-07T14:04:39+00:00,Assigned stops
2026-09-07T14:04:35+00:00,Assigned stops
2026-09-07T14:04:29+00:00,Assigned stops
2026-09-07T14:03:39+00:00,Calculated route South Yorkshire in shipment DELIVERY WEEK 36 (27/08/2026)
2026-09-07T14:03:21+00:00,Assigned stops
2026-09-07T14:03:14+00:00,Assigned stops
2026-09-07T14:03:11+00:00,Assigned stops
2026-09-07T14:02:43+00:00,Assigned stops
2026-09-07T14:02:26+00:00,Assigned stops
2026-09-07T14:02:22+00:00,Assigned stops
2026-09-07T14:02:17+00:00,Assigned stops
2026-09-07T14:00:29+00:00,Assigned stops
2026-09-07T14:00:08+00:00,Assigned stops
2026-09-07T14:00:05+00:00,Assigned stops
2026-09-07T14:00:01+00:00,Assigned stops
2026-09-07T13:59:59+00:00,Assigned stops
2026-09-07T13:59:55+00:00,Assigned stops
2026-09-07T13:59:50+00:00,Assigned stops
2026-09-07T13:59:32+00:00,Assigned stops
2026-09-07T13:59:09+00:00,Calculated route SOUTH YORKSHIRE 2 in shipment DELIVERY WEEK 36 (27/08/2026)
2026-09-07T13:58:33+00:00,Calculated route SOUTH YORKSHIRE 2 in shipment DELIVERY WEEK 36 (27/08/2026)
2026-09-07T13:58:12+00:00,Assigned stops
2026-09-07T13:57:44+00:00,Calculated route SOUTH YORKSHIRE 2 in shipment DELIVERY WEEK 36 (27/08/2026)
2026-09-07T13:57:38+00:00,Assigned stops
2026-09-07T13:57:26+00:00,Assigned stops
2026-09-07T13:57:21+00:00,Assigned stops
2026-09-07T13:57:15+00:00,Assigned stops
2026-09-07T13:57:02+00:00,Assigned stops
2026-09-07T13:56:55+00:00,Assigned stops
2026-09-07T13:56:40+00:00,Assigned stops
2026-09-07T13:56:36+00:00,Assigned stops
2026-09-07T13:56:19+00:00,Assigned stops
2026-09-07T13:56:04+00:00,Assigned stops
2026-09-07T13:55:59+00:00,Assigned stops
2026-09-07T13:55:55+00:00,Assigned stops
2026-09-07T13:55:50+00:00,Assigned stops
2026-09-07T13:55:39+00:00,Assigned stops
2026-09-07T13:55:22+00:00,Assigned stops
2026-09-07T13:55:18+00:00,Assigned stops
2026-09-07T13:54:41+00:00,Calculated route North West in shipment DELIVERY WEEK 36 (27/08/2026)
2026-09-07T13:52:35+00:00,Assigned stops
2026-09-07T13:52:02+00:00,Assigned stops
2026-09-07T13:51:45+00:00,Adding stops to shipment 
2026-09-07T13:51:33+00:00,Removing stops from shipment 
2026-09-07T13:51:01+00:00,Assigned stops
2026-09-07T13:48:15+00:00,Calculated route Scotland in shipment DELIVERY WEEK 36 (27/08/2026)
2026-09-07T13:47:47+00:00,Calculated route Scotland in shipment DELIVERY WEEK 36 (27/08/2026)
2026-09-07T13:47:13+00:00,Calculated route Scotland in shipment DELIVERY WEEK 36 (27/08/2026)
2026-09-07T13:47:06+00:00,Assigned stops
2026-09-07T13:47:01+00:00,Assigned stops
2026-09-07T13:46:56+00:00,Assigned stops
2026-09-07T13:46:42+00:00,Assigned stops
2026-09-07T13:46:31+00:00,Assigned stops
2026-09-07T13:46:18+00:00,Calculated route Scotland in shipment DELIVERY WEEK 36 (27/08/2026)
2026-09-07T13:45:50+00:00,Assigned stops
2026-09-07T13:45:47+00:00,Assigned stops
2026-09-07T13:45:44+00:00,Assigned stops
2026-09-07T13:45:41+00:00,Assigned stops
2026-09-07T13:45:39+00:00,Assigned stops
2026-09-07T13:45:36+00:00,Assigned stops
2026-09-07T13:45:34+00:00,Assigned stops
2026-09-07T13:41:51+00:00,Calculated route THURS MERCIA in shipment DELIVERY WEEK 36 (27/08/2026)
2026-09-07T13:41:34+00:00,Assigned stops
2026-09-07T13:40:57+00:00,Removing stops from shipment 
2026-09-07T13:40:52+00:00,Removing stops from shipment 
2026-09-07T13:40:40+00:00,Calculated route North East in shipment COLLECTION WEEK 36 (26/08/2026)
2026-09-07T13:40:32+00:00,Assigned stops
2026-09-07T13:39:42+00:00,Assigned stops
2026-09-07T13:39:23+00:00,Calculated route MERCIA in shipment DELIVERY WEEK 36 (27/08/2026)
2026-09-07T13:39:17+00:00,Assigned stops
2026-09-07T13:38:19+00:00,Calculated route MERCIA in shipment DELIVERY WEEK 36 (27/08/2026)
2026-09-07T13:38:12+00:00,Assigned stops
2026-09-07T13:37:49+00:00,Calculated route MERCIA in shipment DELIVERY WEEK 36 (27/08/2026)
2026-09-07T13:37:26+00:00,Assigned stops
2026-09-07T13:37:20+00:00,Assigned stops
2026-09-07T13:37:14+00:00,Assigned stops
2026-09-07T13:37:11+00:00,Assigned stops
2026-09-07T13:37:08+00:00,Assigned stops
2026-09-07T13:36:57+00:00,Assigned stops
2026-09-07T13:36:52+00:00,Assigned stops
2026-09-07T13:36:36+00:00,Calculated route MERCIA in shipment DELIVERY WEEK 36 (27/08/2026)
2026-09-07T13:36:23+00:00,Calculated route Cornwall in shipment DELIVERY WEEK 36 (27/08/2026)
2026-09-07T13:36:13+00:00,Assigned stops
2026-09-07T13:36:03+00:00,Assigned stops
2026-09-07T13:35:46+00:00,Calculated route MERCIA in shipment DELIVERY WEEK 36 (27/08/2026)
2026-09-07T13:35:36+00:00,Assigned stops
2026-09-07T13:35:09+00:00,Calculated route Birmingham in shipment DELIVERY WEEK 36 (27/08/2026)
2026-09-07T13:35:01+00:00,Assigned stops
2026-09-07T13:34:56+00:00,Assigned stops
2026-09-07T13:34:51+00:00,Assigned stops
2026-09-07T13:34:47+00:00,Assigned stops
2026-09-07T13:34:41+00:00,Assigned stops
2026-09-07T13:30:17+00:00,Removing stops from shipment 
2026-09-07T13:30:09+00:00,Assigned stops
2026-09-07T13:29:19+00:00,Calculated route ESSEX in shipment COLLECTION WEEK 36 (26/08/2026)
2026-09-07T13:29:10+00:00,Assigned stops
2026-09-07T12:48:34+00:00,Calculated route THURS SCOTLAND in shipment DELIVERY WEEK 36 (27/08/2026)
2026-09-07T12:47:00+00:00,Calculated route SOUTH YORKSHIRE 2 in shipment DELIVERY WEEK 36 (27/08/2026)
2026-09-07T12:46:39+00:00,Assigned stops
2026-09-07T12:45:25+00:00,Calculated route South Yorkshire in shipment DELIVERY WEEK 36 (27/08/2026)
2026-09-07T12:45:19+00:00,Assigned stops
2026-09-07T12:45:14+00:00,Assigned stops
2026-09-07T12:45:05+00:00,Assigned stops
2026-09-07T12:45:01+00:00,Assigned stops
2026-09-07T12:44:56+00:00,Assigned stops
2026-09-07T12:44:50+00:00,Assigned stops
2026-09-07T12:44:42+00:00,Assigned stops
2026-09-07T12:44:32+00:00,Assigned stops
2026-09-07T12:44:28+00:00,Assigned stops
2026-09-07T12:44:25+00:00,Assigned stops
2026-09-07T12:44:22+00:00,Assigned stops
2026-09-07T12:44:17+00:00,Assigned stops
2026-09-07T12:44:11+00:00,Assigned stops
2026-09-07T12:44:08+00:00,Assigned stops
2026-09-07T12:43:58+00:00,Assigned stops
2026-09-07T12:43:54+00:00,Assigned stops
2026-09-07T12:43:33+00:00,Assigned stops
2026-09-07T12:43:28+00:00,Assigned stops
2026-09-07T12:42:57+00:00,Assigned stops
2026-09-07T12:42:46+00:00,Assigned stops
2026-09-07T12:42:43+00:00,Assigned stops
2026-09-07T12:42:35+00:00,Assigned stops
2026-09-07T12:42:31+00:00,Assigned stops
2026-09-07T12:42:26+00:00,Assigned stops
2026-09-07T12:42:23+00:00,Assigned stops
2026-09-07T12:42:16+00:00,Assigned stops
2026-09-07T12:42:04+00:00,Assigned stops
2026-09-07T12:41:53+00:00,Assigned stops
2026-09-07T12:39:51+00:00,Calculated route North West in shipment DELIVERY WEEK 36 (27/08/2026)
2026-09-07T12:39:42+00:00,Assigned stops
2026-09-07T12:39:27+00:00,Assigned stops
2026-09-07T12:39:21+00:00,Assigned stops
2026-09-07T12:39:12+00:00,Assigned stops
2026-09-07T12:39:06+00:00,Assigned stops
2026-09-07T12:38:33+00:00,Assigned stops
2026-09-07T12:37:42+00:00,Calculated route MERCIA in shipment DELIVERY WEEK 36 (27/08/2026)
2026-09-07T12:37:32+00:00,Assigned stops
2026-09-07T12:36:59+00:00,Calculated route South Coast in shipment DELIVERY WEEK 36 (27/08/2026)
2026-09-07T12:36:48+00:00,Assigned stops
2026-09-07T12:36:33+00:00,Assigned stops
2026-09-07T12:36:11+00:00,Calculated route South Coast in shipment DELIVERY WEEK 36 (27/08/2026)
2026-09-07T12:35:53+00:00,Assigned stops
2026-09-07T12:35:44+00:00,Assigned stops
2026-09-07T12:35:38+00:00,Assigned stops
2026-09-07T12:35:28+00:00,Assigned stops
2026-09-07T12:35:20+00:00,Assigned stops
2026-09-07T12:35:14+00:00,Assigned stops
2026-09-07T12:35:10+00:00,Assigned stops
2026-09-07T12:34:56+00:00,Assigned stops
2026-09-07T12:34:49+00:00,Assigned stops
2026-09-07T12:34:36+00:00,Assigned stops
2026-09-07T12:34:17+00:00,Assigned stops
2026-09-07T12:34:12+00:00,Assigned stops
2026-09-07T12:33:57+00:00,Assigned stops
2026-09-07T12:33:48+00:00,Assigned stops
2026-09-07T12:33:06+00:00,Calculated route SCOTLAND 2 in shipment DELIVERY WEEK 36 (27/08/2026)
2026-09-07T12:32:46+00:00,Assigned stops
2026-09-07T12:31:51+00:00,Calculated route North East in shipment DELIVERY WEEK 36 (27/08/2026)
2026-09-07T12:31:41+00:00,Assigned stops
2026-09-07T12:31:27+00:00,Assigned stops
2026-09-07T12:30:23+00:00,Calculated route Scotland in shipment DELIVERY WEEK 36 (27/08/2026)
2026-09-07T12:30:15+00:00,Assigned stops
2026-09-07T12:30:07+00:00,Assigned stops
2026-09-07T12:29:47+00:00,Assigned stops
2026-09-07T12:29:44+00:00,Assigned stops
2026-09-07T12:29:41+00:00,Assigned stops
2026-09-07T12:29:35+00:00,Assigned stops
2026-09-07T12:29:32+00:00,Assigned stops
2026-09-07T12:29:27+00:00,Assigned stops
2026-09-07T12:29:23+00:00,Assigned stops
2026-09-07T12:29:16+00:00,Assigned stops
2026-09-07T12:29:10+00:00,Assigned stops
2026-09-07T12:28:59+00:00,Assigned stops
2026-09-07T12:28:49+00:00,Assigned stops
2026-09-07T12:28:46+00:00,Assigned stops
2026-09-07T12:28:41+00:00,Assigned stops
2026-09-07T12:28:38+00:00,Assigned stops
2026-09-07T12:28:35+00:00,Assigned stops
2026-09-07T12:28:31+00:00,Assigned stops
2026-09-07T12:28:26+00:00,Assigned stops
2026-09-07T12:27:54+00:00,Calculated route Cumbria in shipment DELIVERY WEEK 36 (27/08/2026)
2026-09-07T12:27:44+00:00,Assigned stops
2026-09-07T12:27:34+00:00,Assigned stops
2026-09-07T12:26:36+00:00,Assigned stops
2026-09-07T12:24:59+00:00,Removing stops from shipment 
2026-09-07T12:24:52+00:00,Assigned stops
2026-09-07T12:24:31+00:00,Assigned stops
2026-09-07T12:24:22+00:00,Assigned stops
2026-09-07T12:24:18+00:00,Assigned stops
2026-09-07T12:24:09+00:00,Assigned stops
2026-09-07T12:24:00+00:00,Assigned stops
2026-09-07T12:23:53+00:00,Assigned stops
2026-09-07T12:23:51+00:00,Assigned stops
2026-09-07T12:23:39+00:00,Assigned stops
2026-09-07T12:23:35+00:00,Assigned stops
2026-09-07T12:23:31+00:00,Assigned stops
2026-09-07T12:23:27+00:00,Assigned stops
2026-09-07T12:23:15+00:00,Assigned stops
2026-09-07T12:23:11+00:00,Assigned stops
2026-09-07T12:23:02+00:00,Assigned stops
2026-09-07T12:22:44+00:00,Assigned stops
2026-09-07T12:22:39+00:00,Assigned stops
2026-09-07T12:22:26+00:00,Assigned stops
2026-09-07T12:22:08+00:00,Assigned stops
2026-09-07T12:22:01+00:00,Assigned stops
2026-09-07T12:21:20+00:00,Assigned stops
2026-09-07T12:20:47+00:00,Assigned stops
2026-09-07T12:20:42+00:00,Assigned stops
2026-09-07T12:20:37+00:00,Assigned stops
2026-09-07T12:20:33+00:00,Assigned stops
2026-09-07T12:20:27+00:00,Assigned stops
2026-09-07T12:19:31+00:00,Assigned stops
2026-09-07T12:19:21+00:00,Assigned stops
2026-09-07T12:19:18+00:00,Assigned stops
2026-09-07T12:19:11+00:00,Assigned stops
2026-09-07T12:19:04+00:00,Assigned stops
2026-09-07T12:18:07+00:00,Calculated route North West in shipment DELIVERY WEEK 36 (27/08/2026)
2026-09-07T12:17:50+00:00,Calculated route North Wales in shipment DELIVERY WEEK 36 (27/08/2026)
2026-09-07T12:17:26+00:00,Calculated route North East in shipment DELIVERY WEEK 36 (27/08/2026)
2026-09-07T12:16:11+00:00,Calculated route Norfolk in shipment DELIVERY WEEK 36 (27/08/2026)
2026-09-07T12:16:01+00:00,Assigned stops
2026-09-07T12:15:41+00:00,Assigned stops
2026-09-07T12:15:32+00:00,Assigned stops
2026-09-07T12:15:16+00:00,Assigned stops
2026-09-07T12:15:08+00:00,Assigned stops
2026-09-07T12:14:28+00:00,Assigned stops
2026-09-07T12:14:14+00:00,Calculated route Cumbria in shipment DELIVERY WEEK 36 (27/08/2026)
2026-09-07T12:14:08+00:00,Assigned stops
2026-09-07T12:14:03+00:00,Assigned stops
2026-09-07T12:13:57+00:00,Calculated route MERCIA in shipment DELIVERY WEEK 36 (27/08/2026)
2026-09-07T12:13:38+00:00,Assigned stops
2026-09-07T12:12:17+00:00,Calculated route Birmingham in shipment DELIVERY WEEK 36 (27/08/2026)
2026-09-07T12:12:11+00:00,Assigned stops
2026-09-07T12:12:05+00:00,Assigned stops
2026-09-07T12:12:01+00:00,Assigned stops
2026-09-07T12:11:55+00:00,Assigned stops
2026-09-07T12:11:45+00:00,Assigned stops
2026-09-07T12:11:37+00:00,Assigned stops
2026-09-07T12:11:27+00:00,Assigned stops
2026-09-07T12:11:24+00:00,Assigned stops
2026-09-07T12:11:15+00:00,Assigned stops
2026-09-07T12:08:40+00:00,Calculated route Cornwall in shipment DELIVERY WEEK 36 (27/08/2026)
2026-09-07T12:08:17+00:00,Calculated route South Wales in shipment DELIVERY WEEK 36 (27/08/2026)
2026-09-07T12:06:52+00:00,Calculated route Norfolk in shipment DELIVERY WEEK 36 (27/08/2026)
2026-09-07T12:06:42+00:00,Assigned stops
2026-09-07T12:06:12+00:00,Calculated route LONDON JOHN in shipment DELIVERY WEEK 36 (27/08/2026)
2026-09-07T12:06:05+00:00,Assigned stops
2026-09-07T12:06:01+00:00,Assigned stops
2026-09-07T12:05:58+00:00,Assigned stops
2026-09-07T12:05:00+00:00,Calculated route LONDON JOHN in shipment DELIVERY WEEK 36 (27/08/2026)
2026-09-07T12:04:54+00:00,Assigned stops
2026-09-07T12:04:46+00:00,Calculated route LONDON JOHN in shipment DELIVERY WEEK 36 (27/08/2026)
2026-09-07T12:04:19+00:00,Assigned stops
2026-09-07T12:03:18+00:00,Adding stops to shipment 
2026-09-07T12:03:05+00:00,Assigned stops
2026-09-07T12:02:58+00:00,Assigned stops
2026-09-07T12:02:37+00:00,Assigned stops
2026-09-07T12:02:14+00:00,Assigned stops
2026-09-07T12:02:00+00:00,Assigned stops
2026-09-07T12:01:41+00:00,Assigned stops
2026-09-07T12:01:34+00:00,Assigned stops
2026-09-07T12:01:31+00:00,Assigned stops
2026-09-07T12:01:16+00:00,Assigned stops
2026-09-07T12:01:07+00:00,Assigned stops
2026-09-07T12:00:54+00:00,Assigned stops
2026-09-07T12:00:46+00:00,Assigned stops
2026-09-07T12:00:43+00:00,Assigned stops
2026-09-07T12:00:38+00:00,Assigned stops
2026-09-07T12:00:34+00:00,Assigned stops
2026-09-07T12:00:31+00:00,Assigned stops
2026-09-07T12:00:23+00:00,Assigned stops
2026-09-07T12:00:17+00:00,Assigned stops
2026-09-07T12:00:13+00:00,Assigned stops
2026-09-07T11:59:57+00:00,Assigned stops
2026-09-07T11:59:52+00:00,Assigned stops
2026-09-07T11:59:48+00:00,Assigned stops
2026-09-07T11:59:38+00:00,Assigned stops
2026-09-07T11:59:36+00:00,Assigned stops
2026-09-07T11:59:28+00:00,Assigned stops
2026-09-07T11:59:17+00:00,Assigned stops
2026-09-07T11:58:59+00:00,Assigned stops
2026-09-07T11:58:40+00:00,Calculated route South Wales in shipment DELIVERY WEEK 36 (27/08/2026)
2026-09-07T11:58:30+00:00,Assigned stops
2026-09-07T11:58:16+00:00,Calculated route South Wales in shipment DELIVERY WEEK 36 (27/08/2026)
2026-09-07T11:57:52+00:00,Assigned stops
2026-09-07T11:57:29+00:00,Calculated route Cornwall in shipment DELIVERY WEEK 36 (27/08/2026)
2026-09-07T11:57:12+00:00,Assigned stops
2026-09-07T11:57:03+00:00,Assigned stops
2026-09-07T11:56:51+00:00,Adding stops to shipment 
2026-09-07T11:55:31+00:00,Calculated route Norfolk in shipment DELIVERY WEEK 36 (27/08/2026)
2026-09-07T11:55:00+00:00,Assigned stops
2026-09-07T11:54:45+00:00,Adding stops to shipment 
2026-09-07T02:16:20+00:00,Calculated route North Wales in shipment COLLECTION WEEK 36 (26/08/2026)
2026-09-07T02:14:06+00:00,Calculated route London in shipment COLLECTION WEEK 36 (26/08/2026)
2026-09-07T02:12:15+00:00,Calculated route London in shipment COLLECTION WEEK 36 (26/08/2026)
2026-09-07T02:11:31+00:00,Calculated route London in shipment COLLECTION WEEK 36 (26/08/2026)
2026-09-07T02:04:50+00:00,Removing stops from shipment 
2026-09-07T02:04:34+00:00,Assigned stops
2026-09-07T02:04:27+00:00,Removing stops from shipment 
2026-09-07T02:04:16+00:00,Assigned stops
2026-09-07T02:04:13+00:00,Assigned stops
2026-09-07T02:04:10+00:00,Assigned stops
2026-09-07T02:04:03+00:00,Assigned stops
2026-09-07T02:03:04+00:00,Calculated route South Yorkshire in shipment COLLECTION WEEK 36 (26/08/2026)
2026-09-07T02:02:45+00:00,Assigned stops
2026-09-07T01:40:43+00:00,Calculated route London in shipment COLLECTION WEEK 36 (26/08/2026)
2026-09-07T01:40:30+00:00,Assigned stops
2026-09-07T01:40:25+00:00,Assigned stops
2026-09-07T01:40:17+00:00,Assigned stops
2026-09-07T01:24:29+00:00,Removing stops from shipment 
2026-09-07T01:24:21+00:00,Removing stops from shipment 
2026-09-07T01:24:15+00:00,Assigned stops
2026-09-07T01:23:48+00:00,Removing stops from shipment 
2026-09-07T01:23:42+00:00,Removing stops from shipment 
2026-09-07T01:23:35+00:00,Assigned stops
2026-09-07T01:22:49+00:00,Removing stops from shipment 
2026-09-07T01:22:42+00:00,Removing stops from shipment 
2026-09-07T01:22:36+00:00,Assigned stops
2026-09-07T01:22:08+00:00,Removing stops from shipment 
2026-09-07T01:22:01+00:00,Removing stops from shipment 
2026-09-07T01:21:53+00:00,Assigned stops
2026-09-07T01:21:10+00:00,Removing stops from shipment 
2026-09-07T01:20:58+00:00,Removing stops from shipment 
2026-09-07T01:20:51+00:00,Assigned stops
2026-09-07T01:20:08+00:00,Removing stops from shipment 
2026-09-07T01:19:57+00:00,Removing stops from shipment 
2026-09-07T01:19:27+00:00,Assigned stops
2026-09-07T01:18:50+00:00,Removing stops from shipment 
2026-09-07T01:12:35+00:00,Assigned stops
2026-09-07T01:11:44+00:00,Calculated route South Yorkshire in shipment COLLECTION WEEK 36 (26/08/2026)
2026-09-07T01:11:18+00:00,Calculated route South Yorkshire in shipment COLLECTION WEEK 36 (26/08/2026)
2026-09-07T01:11:11+00:00,Calculated route South Yorkshire in shipment COLLECTION WEEK 36 (26/08/2026)
2026-09-07T01:10:56+00:00,Assigned stops
2026-09-07T01:10:52+00:00,Assigned stops
2026-09-07T01:10:49+00:00,Assigned stops
2026-09-07T01:10:47+00:00,Assigned stops
2026-09-07T01:10:42+00:00,Assigned stops
2026-09-07T01:05:55+00:00,Calculated route Cumbria in shipment COLLECTION WEEK 36 (26/08/2026)
2026-09-07T01:05:09+00:00,Calculated route Cumbria in shipment COLLECTION WEEK 36 (26/08/2026)
2026-09-07T01:04:36+00:00,Calculated route Cumbria in shipment COLLECTION WEEK 36 (26/08/2026)
2026-09-07T01:03:56+00:00,Assigned stops
2026-09-07T01:01:31+00:00,Calculated route MIX AND MATCH in shipment COLLECTION WEEK 36 (26/08/2026)
2026-09-07T01:01:10+00:00,Assigned stops
2026-09-07T00:59:36+00:00,Calculated route North West in shipment COLLECTION WEEK 36 (26/08/2026)
2026-09-07T00:59:13+00:00,Calculated route North West in shipment COLLECTION WEEK 36 (26/08/2026)
2026-09-07T00:58:48+00:00,Assigned stops
2026-09-07T00:58:44+00:00,Assigned stops
2026-09-07T00:58:41+00:00,Assigned stops
2026-09-07T00:58:24+00:00,Assigned stops
2026-09-07T00:58:15+00:00,Assigned stops
2026-09-07T00:58:11+00:00,Assigned stops
2026-09-07T00:58:04+00:00,Assigned stops
2026-09-07T00:57:59+00:00,Assigned stops
2026-09-07T00:57:50+00:00,Assigned stops
2026-09-07T00:57:35+00:00,Assigned stops
2026-09-07T00:56:36+00:00,Calculated route North West in shipment COLLECTION WEEK 36 (26/08/2026)
2026-09-07T00:56:13+00:00,Calculated route North West in shipment COLLECTION WEEK 36 (26/08/2026)
2026-09-07T00:55:45+00:00,Calculated route North West in shipment COLLECTION WEEK 36 (26/08/2026)
2026-09-07T00:55:33+00:00,Assigned stops
2026-09-07T00:55:23+00:00,Assigned stops
2026-09-07T00:55:19+00:00,Assigned stops
2026-09-07T00:55:13+00:00,Assigned stops
2026-09-07T00:55:01+00:00,Assigned stops
2026-09-07T00:54:57+00:00,Assigned stops
2026-09-07T00:54:33+00:00,Assigned stops
2026-09-07T00:54:21+00:00,Assigned stops
2026-09-07T00:54:15+00:00,Assigned stops
2026-09-07T00:53:51+00:00,Assigned stops
2026-09-07T00:53:45+00:00,Assigned stops
2026-09-07T00:53:39+00:00,Assigned stops
2026-09-07T00:53:33+00:00,Assigned stops
2026-09-07T00:53:28+00:00,Assigned stops
2026-09-07T00:53:02+00:00,Assigned stops
2026-09-07T00:50:53+00:00,Calculated route TUES SOUTH WALES in shipment COLLECTION WEEK 36 (26/08/2026)
2026-09-07T00:49:58+00:00,Calculated route South Yorkshire in shipment COLLECTION WEEK 36 (26/08/2026)
2026-09-07T00:49:22+00:00,Calculated route South Coast in shipment COLLECTION WEEK 36 (26/08/2026)
2026-09-07T00:48:54+00:00,Calculated route South Coast in shipment COLLECTION WEEK 36 (26/08/2026)
2026-09-07T00:48:34+00:00,Assigned stops
2026-09-07T00:46:56+00:00,Calculated route MERCIA in shipment COLLECTION WEEK 36 (26/08/2026)
2026-09-07T00:46:30+00:00,Assigned stops
2026-09-07T00:46:24+00:00,Assigned stops
2026-09-07T00:45:52+00:00,Calculated route MERCIA in shipment COLLECTION WEEK 36 (26/08/2026)
2026-09-07T00:45:27+00:00,Assigned stops
2026-09-07T00:45:14+00:00,Assigned stops
2026-09-07T00:45:10+00:00,Assigned stops
2026-09-07T00:45:07+00:00,Assigned stops
2026-09-07T00:45:04+00:00,Assigned stops
2026-09-07T00:45:00+00:00,Assigned stops
2026-09-07T00:44:56+00:00,Assigned stops
2026-09-07T00:43:27+00:00,Calculated route SOUTH YORKSHIRE 2 in shipment COLLECTION WEEK 36 (26/08/2026)
2026-09-07T00:43:13+00:00,Assigned stops
2026-09-07T00:40:52+00:00,Calculated route CORNWALL TUES in shipment COLLECTION WEEK 36 (26/08/2026)
2026-09-07T00:40:38+00:00,Assigned stops
2026-09-07T00:39:05+00:00,Calculated route LOUELLA in shipment COLLECTION WEEK 36 (26/08/2026)
2026-09-07T00:38:48+00:00,Assigned stops
2026-09-07T00:38:44+00:00,Assigned stops
2026-09-07T00:38:40+00:00,Assigned stops
2026-09-07T00:37:27+00:00,Calculated route LOUELLA in shipment COLLECTION WEEK 36 (26/08/2026)
2026-09-07T00:36:49+00:00,Assigned stops
2026-09-07T00:35:29+00:00,Calculated route SOUTH YORKSHIRE 2 in shipment COLLECTION WEEK 36 (26/08/2026)
2026-09-07T00:34:56+00:00,Calculated route SOUTH YORKSHIRE 2 in shipment COLLECTION WEEK 36 (26/08/2026)
2026-09-07T00:34:41+00:00,Assigned stops
2026-09-07T00:34:37+00:00,Assigned stops
2026-09-07T00:34:30+00:00,Assigned stops
2026-09-07T00:33:50+00:00,Calculated route SOUTH YORKSHIRE 2 in shipment COLLECTION WEEK 36 (26/08/2026)
2026-09-07T00:33:38+00:00,Assigned stops
2026-09-07T00:33:32+00:00,Assigned stops
2026-09-07T00:33:22+00:00,Assigned stops
2026-09-07T00:33:18+00:00,Assigned stops
2026-09-07T00:33:15+00:00,Assigned stops
2026-09-07T00:33:12+00:00,Assigned stops
2026-09-07T00:33:09+00:00,Assigned stops
2026-09-07T00:33:05+00:00,Assigned stops
2026-09-07T00:33:03+00:00,Assigned stops
2026-09-07T00:33:00+00:00,Assigned stops
2026-09-07T00:32:56+00:00,Assigned stops
2026-09-07T00:31:14+00:00,Calculated route North West in shipment COLLECTION WEEK 36 (26/08/2026)
2026-09-07T00:30:50+00:00,Calculated route North East in shipment COLLECTION WEEK 36 (26/08/2026)
2026-09-07T00:30:21+00:00,Calculated route Norfolk in shipment COLLECTION WEEK 36 (26/08/2026)
2026-09-07T00:30:16+00:00,Calculated route Norfolk in shipment COLLECTION WEEK 36 (26/08/2026)
2026-09-07T00:29:44+00:00,Calculated route MERCIA in shipment COLLECTION WEEK 36 (26/08/2026)
2026-09-07T00:28:23+00:00,Assigned stops
2026-09-07T00:27:53+00:00,Assigned stops
2026-09-07T00:26:38+00:00,Calculated route North Wales in shipment COLLECTION WEEK 36 (26/08/2026)
2026-09-07T00:26:23+00:00,Assigned stops
2026-09-07T00:26:17+00:00,Assigned stops
2026-09-07T00:26:13+00:00,Assigned stops
2026-09-07T00:26:01+00:00,Assigned stops
2026-09-07T00:25:57+00:00,Assigned stops
2026-09-07T00:25:53+00:00,Assigned stops
2026-09-07T00:25:22+00:00,Assigned stops
2026-09-07T00:25:19+00:00,Assigned stops
2026-09-07T00:25:13+00:00,Assigned stops
2026-09-07T00:25:10+00:00,Assigned stops
2026-09-07T00:24:46+00:00,Calculated route North East in shipment COLLECTION WEEK 36 (26/08/2026)
2026-09-07T00:24:35+00:00,Assigned stops
2026-09-07T00:24:01+00:00,Calculated route Norfolk in shipment COLLECTION WEEK 36 (26/08/2026)
2026-09-07T00:22:33+00:00,Calculated route MERCIA in shipment COLLECTION WEEK 36 (26/08/2026)
2026-09-07T00:22:16+00:00,Assigned stops
2026-09-07T00:21:55+00:00,Calculated route MERCIA in shipment COLLECTION WEEK 36 (26/08/2026)
2026-09-07T00:21:27+00:00,Calculated route LOUELLA in shipment COLLECTION WEEK 36 (26/08/2026)
2026-09-07T00:20:06+00:00,Calculated route LONDON 2   in shipment COLLECTION WEEK 36 (26/08/2026)
2026-09-07T00:19:40+00:00,Calculated route LONDON 2   in shipment COLLECTION WEEK 36 (26/08/2026)
2026-09-07T00:19:25+00:00,Assigned stops
2026-09-07T00:18:36+00:00,Calculated route London in shipment COLLECTION WEEK 36 (26/08/2026)
2026-09-07T00:18:24+00:00,Assigned stops
2026-09-07T00:18:02+00:00,Assigned stops
2026-09-07T00:17:59+00:00,Assigned stops
2026-09-07T00:17:56+00:00,Assigned stops
2026-09-07T00:17:09+00:00,Assigned stops
2026-09-07T00:15:59+00:00,Calculated route ESSEX in shipment COLLECTION WEEK 36 (26/08/2026)
2026-09-07T00:15:58+00:00,Calculated route MIX AND MATCH in shipment COLLECTION WEEK 36 (26/08/2026)
2026-09-07T00:15:37+00:00,Assigned stops
2026-09-07T00:13:38+00:00,Calculated route LOUELLA in shipment COLLECTION WEEK 36 (26/08/2026)
2026-09-07T00:13:25+00:00,Calculated route London in shipment COLLECTION WEEK 36 (26/08/2026)
2026-09-07T00:13:03+00:00,Calculated route North East in shipment COLLECTION WEEK 36 (26/08/2026)
2026-09-07T00:12:51+00:00,Calculated route North Wales in shipment COLLECTION WEEK 36 (26/08/2026)
2026-09-07T00:12:43+00:00,Calculated route North West in shipment COLLECTION WEEK 36 (26/08/2026)
2026-09-07T00:12:19+00:00,Calculated route SOUTH YORKSHIRE 2 in shipment COLLECTION WEEK 36 (26/08/2026)
2026-09-07T00:12:03+00:00,Calculated route Scotland in shipment COLLECTION WEEK 36 (26/08/2026)
2026-09-07T00:11:41+00:00,Calculated route South Coast in shipment COLLECTION WEEK 36 (26/08/2026)
2026-09-07T00:11:32+00:00,Calculated route South Yorkshire in shipment COLLECTION WEEK 36 (26/08/2026)
2026-09-07T00:11:10+00:00,Assigned stops
2026-09-07T00:10:56+00:00,Calculated route South Yorkshire in shipment COLLECTION WEEK 36 (26/08/2026)
2026-09-07T00:10:51+00:00,Assigned stops
2026-09-07T00:10:44+00:00,Assigned stops
2026-09-07T00:10:27+00:00,Calculated route TUES SOUTH WALES in shipment COLLECTION WEEK 36 (26/08/2026)
2026-09-07T00:09:51+00:00,Calculated route Norfolk in shipment COLLECTION WEEK 36 (26/08/2026)
2026-09-07T00:09:37+00:00,Calculated route Birmingham in shipment COLLECTION WEEK 36 (26/08/2026)
2026-09-07T00:09:26+00:00,Assigned stops
2026-09-07T00:09:03+00:00,Assigned stops
2026-09-07T00:09:01+00:00,Calculated route ESSEX in shipment COLLECTION WEEK 36 (26/08/2026)
2026-09-07T00:08:59+00:00,Assigned stops
2026-09-07T00:08:53+00:00,Assigned stops
2026-09-07T00:08:50+00:00,Assigned stops
2026-09-07T00:08:48+00:00,Assigned stops
2026-09-07T00:08:45+00:00,Assigned stops
2026-09-07T00:08:31+00:00,Assigned stops
2026-09-07T00:07:41+00:00,Calculated route LONDON 2   in shipment COLLECTION WEEK 36 (26/08/2026)
2026-09-07T00:06:47+00:00,Calculated route LONDON 2   in shipment COLLECTION WEEK 36 (26/08/2026)
2026-09-07T00:06:33+00:00,Assigned stops
2026-09-07T00:06:01+00:00,Calculated route LONDON 2   in shipment COLLECTION WEEK 36 (26/08/2026)
2026-09-07T00:05:33+00:00,Calculated route LONDON 2   in shipment COLLECTION WEEK 36 (26/08/2026)
2026-09-07T00:04:07+00:00,Calculated route ESSEX in shipment COLLECTION WEEK 36 (26/08/2026)
2026-09-07T00:03:54+00:00,Assigned stops
2026-09-07T00:03:02+00:00,Calculated route ESSEX in shipment COLLECTION WEEK 36 (26/08/2026)
2026-09-07T00:02:45+00:00,Assigned stops
2026-09-07T00:02:36+00:00,Assigned stops
2026-09-07T00:02:30+00:00,Assigned stops
2026-09-07T00:02:25+00:00,Assigned stops
2026-09-07T00:02:20+00:00,Assigned stops
2026-09-06T23:59:27+00:00,Calculated route ESSEX in shipment COLLECTION WEEK 36 (26/08/2026)
2026-09-06T23:58:55+00:00,Calculated route Cumbria in shipment COLLECTION WEEK 36 (26/08/2026)
2026-09-06T23:58:26+00:00,Calculated route CORNWALL TUES in shipment COLLECTION WEEK 36 (26/08/2026)
2026-09-06T23:57:56+00:00,Calculated route Birmingham in shipment COLLECTION WEEK 36 (26/08/2026)
2026-09-06T23:52:53+00:00,Assigned stops
2026-09-06T23:52:48+00:00,Assigned stops
2026-09-06T23:52:36+00:00,Assigned stops
2026-09-06T23:52:31+00:00,Assigned stops
2026-09-06T23:52:23+00:00,Assigned stops
2026-09-06T23:52:13+00:00,Assigned stops
2026-09-06T23:51:48+00:00,Assigned stops
2026-09-06T23:51:35+00:00,Assigned stops
2026-09-06T23:51:19+00:00,Assigned stops
2026-09-06T23:51:07+00:00,Assigned stops
2026-09-06T23:50:55+00:00,Assigned stops
2026-09-06T23:50:24+00:00,Assigned stops
2026-09-06T23:49:57+00:00,Assigned stops
2026-09-06T23:49:26+00:00,Assigned stops
2026-09-06T23:43:39+00:00,Assigned stops
2026-09-06T23:43:35+00:00,Assigned stops
2026-09-06T23:43:26+00:00,Assigned stops
2026-09-06T23:43:11+00:00,Assigned stops
2026-09-06T23:42:57+00:00,Assigned stops
2026-09-06T23:42:45+00:00,Assigned stops
2026-09-06T23:42:35+00:00,Assigned stops
2026-09-06T23:42:27+00:00,Assigned stops
2026-09-06T23:42:18+00:00,Assigned stops
2026-09-06T23:42:06+00:00,Assigned stops
2026-09-06T23:41:56+00:00,Assigned stops
2026-09-06T23:41:47+00:00,Assigned stops
2026-09-06T23:41:39+00:00,Assigned stops
2026-09-06T23:41:32+00:00,Assigned stops
2026-09-06T23:41:21+00:00,Assigned stops
2026-09-06T23:41:12+00:00,Assigned stops
2026-09-06T23:40:58+00:00,Assigned stops
2026-09-06T23:40:27+00:00,Assigned stops
2026-09-06T23:39:48+00:00,Assigned stops
2026-09-06T23:39:21+00:00,Assigned stops
2026-09-06T23:39:06+00:00,Assigned stops
2026-09-06T23:38:51+00:00,Assigned stops
2026-09-06T23:38:01+00:00,Assigned stops
2026-09-06T23:37:20+00:00,Assigned stops
2026-09-06T23:36:38+00:00,Assigned stops
2026-09-06T23:36:02+00:00,Assigned stops
2026-09-06T23:35:18+00:00,Assigned stops
2026-09-06T23:35:10+00:00,Assigned stops
2026-09-06T23:34:37+00:00,Assigned stops
2026-09-06T23:34:29+00:00,Assigned stops
2026-09-06T23:34:19+00:00,Assigned stops
2026-09-06T23:34:10+00:00,Assigned stops
2026-09-06T23:34:02+00:00,Assigned stops
2026-09-06T23:33:52+00:00,Assigned stops
2026-09-06T23:33:40+00:00,Assigned stops
2026-09-06T23:33:31+00:00,Assigned stops
2026-09-06T23:33:21+00:00,Assigned stops
2026-09-06T23:33:09+00:00,Assigned stops
2026-09-06T23:32:59+00:00,Assigned stops
2026-09-06T23:32:48+00:00,Assigned stops
2026-09-06T23:32:37+00:00,Assigned stops
2026-09-06T23:32:27+00:00,Assigned stops
2026-09-06T23:32:15+00:00,Assigned stops
2026-09-06T23:32:03+00:00,Assigned stops
2026-09-06T23:31:54+00:00,Assigned stops
2026-09-06T23:31:45+00:00,Assigned stops
2026-09-06T23:31:34+00:00,Assigned stops
2026-09-06T23:31:24+00:00,Assigned stops
2026-09-06T23:31:15+00:00,Assigned stops
2026-09-06T23:31:03+00:00,Assigned stops
2026-09-06T23:30:54+00:00,Assigned stops
2026-09-06T23:30:44+00:00,Assigned stops
2026-09-06T23:30:29+00:00,Assigned stops
2026-09-06T23:30:11+00:00,Assigned stops
2026-09-06T23:30:02+00:00,Assigned stops
2026-09-06T23:29:51+00:00,Assigned stops
2026-09-06T23:29:36+00:00,Assigned stops
2026-09-06T23:29:27+00:00,Assigned stops
2026-09-06T23:29:20+00:00,Assigned stops
2026-09-06T23:28:59+00:00,Assigned stops
2026-09-06T23:28:48+00:00,Assigned stops
2026-09-06T23:28:31+00:00,Assigned stops
2026-09-06T23:28:22+00:00,Assigned stops
2026-09-06T23:15:57+00:00,Removing stops from shipment 
2026-09-06T23:15:33+00:00,Assigned stops
2026-09-06T23:13:47+00:00,Assigned stops
2026-09-06T23:13:40+00:00,Assigned stops
2026-09-06T23:13:33+00:00,Assigned stops
2026-09-06T23:13:23+00:00,Assigned stops
2026-09-06T23:13:15+00:00,Assigned stops
2026-09-06T23:13:03+00:00,Assigned stops
2026-09-06T23:12:51+00:00,Assigned stops
2026-09-06T23:12:25+00:00,Assigned stops
2026-09-06T23:11:59+00:00,Assigned stops
2026-09-06T23:11:46+00:00,Assigned stops
2026-09-06T23:10:59+00:00,Assigned stops
2026-09-06T23:10:11+00:00,Assigned stops
2026-09-06T23:08:33+00:00,Assigned stops
2026-09-06T23:07:30+00:00,Removing stops from shipment 
2026-09-06T23:07:19+00:00,Assigned stops
2026-09-06T23:06:08+00:00,Assigned stops
2026-09-06T23:04:01+00:00,Removing stops from shipment 
2026-09-06T23:02:46+00:00,Assigned stops
2026-09-06T23:00:23+00:00,Assigned stops
2026-09-06T22:58:54+00:00,Assigned stops
2026-09-06T22:58:44+00:00,Assigned stops
2026-09-06T22:58:33+00:00,Assigned stops
2026-09-06T22:58:24+00:00,Assigned stops
2026-09-06T22:58:14+00:00,Assigned stops
2026-09-06T22:58:04+00:00,Assigned stops
2026-09-06T22:57:53+00:00,Assigned stops
2026-09-06T22:57:23+00:00,Assigned stops
2026-09-06T22:57:13+00:00,Assigned stops
2026-09-06T22:57:03+00:00,Assigned stops
2026-09-06T22:56:50+00:00,Assigned stops
2026-09-06T22:56:41+00:00,Assigned stops
2026-09-06T22:56:34+00:00,Assigned stops
2026-09-06T22:56:25+00:00,Assigned stops
2026-09-06T22:56:13+00:00,Assigned stops
2026-09-06T22:56:02+00:00,Assigned stops
2026-09-06T22:54:58+00:00,Adding stops to shipment 
2026-09-06T22:40:15+00:00,Adding stops to shipment 
2026-09-06T22:34:56+00:00,Adding stops to shipment 
2026-09-06T22:31:31+00:00,Adding stops to shipment 
2026-09-06T22:30:41+00:00,Adding stops to shipment 
2026-09-06T22:28:50+00:00,Adding stops to shipment 
2026-09-06T22:28:21+00:00,Adding stops to shipment 
2026-09-06T22:27:47+00:00,Adding stops to shipment 
2026-09-06T22:27:13+00:00,Adding stops to shipment 
2026-09-06T22:26:36+00:00,Adding stops to shipment 
2026-09-06T22:25:58+00:00,Adding stops to shipment 
2026-09-06T22:25:17+00:00,Adding stops to shipment 
2026-09-06T22:24:49+00:00,Adding stops to shipment 
2026-09-06T22:24:49+00:00,Adding stops to shipment 
2026-09-06T22:17:36+00:00,Calculated route Birmingham in shipment COLLECTION WEEK 36 (26/08/2026)
2026-09-06T22:12:26+00:00,Assigned stops
2026-09-06T22:12:10+00:00,Assigned stops
2026-09-06T22:11:59+00:00,Assigned stops
2026-09-06T22:11:51+00:00,Assigned stops
2026-09-06T22:08:27+00:00,Assigned stops
2026-09-06T22:08:19+00:00,Assigned stops
2026-09-06T22:08:08+00:00,Assigned stops
2026-09-06T22:07:59+00:00,Assigned stops
2026-09-06T22:07:47+00:00,Assigned stops
2026-09-06T22:07:35+00:00,Assigned stops
2026-09-06T22:07:21+00:00,Assigned stops
2026-09-06T22:07:08+00:00,Assigned stops
2026-09-06T22:06:47+00:00,Assigned stops
2026-09-06T22:06:35+00:00,Assigned stops
2026-09-06T22:06:24+00:00,Assigned stops
2026-09-06T22:06:16+00:00,Assigned stops
2026-09-06T22:06:03+00:00,Assigned stops
2026-09-06T22:05:53+00:00,Assigned stops
2026-09-06T22:05:38+00:00,Assigned stops
2026-09-06T22:05:29+00:00,Assigned stops
2026-09-06T22:05:20+00:00,Assigned stops
2026-09-06T22:05:07+00:00,Assigned stops
2026-09-06T22:04:58+00:00,Assigned stops
2026-09-06T22:04:50+00:00,Assigned stops
2026-09-06T22:04:39+00:00,Assigned stops
2026-09-06T22:04:29+00:00,Assigned stops
2026-09-06T22:04:03+00:00,Assigned stops
2026-09-06T22:03:56+00:00,Assigned stops
2026-09-06T22:03:51+00:00,Assigned stops
2026-09-06T22:03:41+00:00,Assigned stops
2026-09-06T22:03:31+00:00,Assigned stops
2026-09-06T22:03:20+00:00,Assigned stops
2026-09-06T22:03:12+00:00,Assigned stops
2026-09-06T22:03:04+00:00,Assigned stops
2026-09-06T22:02:53+00:00,Assigned stops
2026-09-06T22:02:44+00:00,Assigned stops
2026-09-06T22:02:33+00:00,Assigned stops
2026-09-06T22:02:25+00:00,Assigned stops
2026-09-06T22:02:17+00:00,Assigned stops
2026-09-06T22:02:07+00:00,Assigned stops
2026-09-06T22:01:59+00:00,Assigned stops
2026-09-06T22:01:50+00:00,Assigned stops
2026-09-06T22:01:42+00:00,Assigned stops
2026-09-06T22:01:31+00:00,Assigned stops
2026-09-06T22:01:23+00:00,Assigned stops
2026-09-06T22:01:14+00:00,Assigned stops
2026-09-06T22:01:03+00:00,Assigned stops
2026-09-06T22:00:54+00:00,Assigned stops
2026-09-06T22:00:46+00:00,Assigned stops
2026-09-06T22:00:36+00:00,Assigned stops
2026-09-06T22:00:26+00:00,Assigned stops
2026-09-06T22:00:17+00:00,Assigned stops
2026-09-06T22:00:07+00:00,Assigned stops
2026-09-06T21:59:57+00:00,Assigned stops
2026-09-06T21:59:39+00:00,Assigned stops
2026-09-06T21:59:31+00:00,Assigned stops
2026-09-06T21:59:31+00:00,Assigned stops
2026-09-06T21:59:23+00:00,Assigned stops
2026-09-06T21:59:15+00:00,Assigned stops
2026-09-06T21:59:00+00:00,Assigned stops
2026-09-06T21:58:36+00:00,Adding stops to shipment 
2026-09-06T21:58:26+00:00,Adding stops to shipment 
2026-09-06T21:58:14+00:00,Adding stops to shipment 
2026-09-06T21:58:04+00:00,Adding stops to shipment 
2026-09-06T21:57:55+00:00,Adding stops to shipment 
2026-09-06T21:57:43+00:00,Adding stops to shipment 
2026-09-06T21:57:32+00:00,Adding stops to shipment 
2026-09-06T21:57:20+00:00,Adding stops to shipment 
2026-09-06T21:57:13+00:00,Adding stops to shipment 
2026-09-06T21:57:05+00:00,Adding stops to shipment 
2026-09-06T21:56:57+00:00,Adding stops to shipment 
2026-09-06T21:56:49+00:00,Adding stops to shipment 
2026-09-06T21:56:35+00:00,Adding stops to shipment 
2026-09-06T21:56:23+00:00,Adding stops to shipment 
2026-09-06T21:56:15+00:00,Adding stops to shipment 
2026-09-06T21:56:05+00:00,Adding stops to shipment 
2026-09-06T21:55:54+00:00,Adding stops to shipment 
2026-09-06T21:55:46+00:00,Adding stops to shipment 
2026-09-06T21:55:38+00:00,Adding stops to shipment 
2026-09-06T21:55:31+00:00,Adding stops to shipment 
2026-09-06T21:55:23+00:00,Adding stops to shipment 
2026-09-06T21:55:10+00:00,Adding stops to shipment 
2026-09-06T21:54:56+00:00,Adding stops to shipment 
2026-09-06T21:54:49+00:00,Adding stops to shipment 
2026-09-06T21:54:38+00:00,Adding stops to shipment 
2026-09-06T21:54:30+00:00,Adding stops to shipment 
2026-09-06T21:54:21+00:00,Adding stops to shipment 
2026-09-06T21:54:13+00:00,Adding stops to shipment 
2026-09-06T21:54:01+00:00,Adding stops to shipment 
2026-09-06T21:53:34+00:00,Adding stops to shipment 
2026-09-06T21:53:21+00:00,Adding stops to shipment 
2026-09-06T21:53:14+00:00,Adding stops to shipment 
2026-09-06T21:53:04+00:00,Adding stops to shipment 
2026-09-06T21:52:55+00:00,Adding stops to shipment 
2026-09-06T21:52:46+00:00,Adding stops to shipment 
2026-09-06T21:52:39+00:00,Adding stops to shipment 
2026-09-06T21:52:26+00:00,Adding stops to shipment 
2026-09-06T21:52:17+00:00,Adding stops to shipment 
2026-09-06T21:52:09+00:00,Adding stops to shipment 
2026-09-06T21:51:58+00:00,Adding stops to shipment 
2026-09-06T21:51:49+00:00,Adding stops to shipment 
2026-09-06T21:51:39+00:00,Adding stops to shipment 
2026-09-06T21:51:30+00:00,Adding stops to shipment 
2026-09-06T21:51:21+00:00,Adding stops to shipment 
2026-09-06T21:51:08+00:00,Adding stops to shipment 
2026-09-06T21:50:52+00:00,Adding stops to shipment 
2026-09-06T21:50:44+00:00,Adding stops to shipment 
2026-09-06T21:50:35+00:00,Adding stops to shipment 
2026-09-06T21:50:22+00:00,Adding stops to shipment 
2026-09-06T21:50:08+00:00,Adding stops to shipment 
2026-09-06T21:49:59+00:00,Adding stops to shipment 
2026-09-06T21:49:44+00:00,Adding stops to shipment 
2026-09-06T21:43:50+00:00,Adding stops to shipment 
2026-09-06T21:37:33+00:00,Assigned stops
2026-09-06T21:37:18+00:00,Assigned stops
2026-09-06T21:37:10+00:00,Adding stops to shipment 
2026-09-06T21:37:07+00:00,Assigned stops
2026-09-06T21:36:45+00:00,Assigned stops
2026-09-06T21:36:25+00:00,Assigned stops
2026-09-06T21:35:47+00:00,Assigned stops
2026-09-06T21:35:37+00:00,Assigned stops
2026-09-06T21:35:24+00:00,Assigned stops
2026-09-06T21:35:00+00:00,Assigned stops
2026-09-06T21:34:49+00:00,Assigned stops
2026-09-06T21:34:37+00:00,Assigned stops
2026-09-06T21:34:25+00:00,Assigned stops
2026-09-06T21:34:18+00:00,Assigned stops
2026-09-06T21:34:15+00:00,Assigned stops
2026-09-06T21:34:06+00:00,Assigned stops
2026-09-06T21:33:53+00:00,Assigned stops
2026-09-06T21:33:46+00:00,Adding stops to shipment 
2026-09-06T21:33:39+00:00,Assigned stops
2026-09-06T21:32:03+00:00,Assigned stops
2026-09-06T21:30:46+00:00,Adding stops to shipment 
2026-09-06T21:30:14+00:00,Adding stops to shipment 
2026-09-06T20:31:19+00:00,Calculated route Birmingham in shipment test
2026-09-06T20:10:57+00:00,Adding stops to shipment 
2026-09-06T20:09:25+00:00,Assigned stops
2026-09-06T20:09:17+00:00,Assigned stops
2026-09-06T20:09:13+00:00,Assigned stops
2026-09-06T20:08:58+00:00,Assigned stops
2026-09-06T20:08:50+00:00,Assigned stops
2026-09-06T20:08:41+00:00,Assigned stops
2026-09-06T20:08:32+00:00,Assigned stops
2026-09-06T20:08:24+00:00,Assigned stops
2026-09-06T20:08:19+00:00,Assigned stops
2026-09-06T20:08:06+00:00,Assigned stops
2026-09-06T20:07:55+00:00,Assigned stops
2026-09-06T20:07:44+00:00,Assigned stops
2026-09-06T20:07:34+00:00,Assigned stops
2026-09-06T20:07:26+00:00,Assigned stops
2026-09-06T20:07:16+00:00,Assigned stops
2026-09-06T20:07:11+00:00,Assigned stops
2026-09-06T20:07:01+00:00,Assigned stops
2026-09-06T20:06:51+00:00,Assigned stops
2026-09-06T20:06:41+00:00,Assigned stops
2026-09-06T20:06:32+00:00,Assigned stops
2026-09-06T20:06:22+00:00,Assigned stops
2026-09-06T20:06:13+00:00,Assigned stops
2026-09-06T20:06:07+00:00,Assigned stops
2026-09-06T20:05:57+00:00,Assigned stops
2026-09-06T20:05:48+00:00,Assigned stops
2026-09-06T20:05:19+00:00,Removing stops from shipment 
2026-09-06T20:05:14+00:00,Removing stops from shipment 
2026-09-06T20:04:46+00:00,Removing stops from shipment 
2026-09-06T20:04:42+00:00,Removing stops from shipment 
2026-09-06T20:04:13+00:00,Removing stops from shipment 
2026-09-06T20:04:08+00:00,Removing stops from shipment 
2026-09-06T20:03:32+00:00,Removing stops from shipment 
2026-09-06T20:03:28+00:00,Removing stops from shipment 
2026-09-06T20:02:52+00:00,Removing stops from shipment 
2026-09-06T20:02:46+00:00,Removing stops from shipment 
2026-09-06T20:02:18+00:00,Removing stops from shipment 
2026-09-06T20:02:11+00:00,Removing stops from shipment 
2026-09-06T20:00:41+00:00,Removing stops from shipment 
2026-09-06T20:00:34+00:00,Removing stops from shipment 
2026-09-06T20:00:03+00:00,Removing stops from shipment 
2026-09-06T19:58:29+00:00,Removing stops from shipment 
2026-09-06T19:58:21+00:00,Removing stops from shipment 
2026-09-06T19:58:12+00:00,Assigned stops
2026-09-06T19:57:43+00:00,Removing stops from shipment 
2026-09-06T19:57:36+00:00,Removing stops from shipment 
2026-09-06T19:57:24+00:00,Assigned stops
2026-09-06T19:57:05+00:00,Calculated route CORNWALL TUES in shipment COLLECTION WEEK 36 (26/08/2026)
2026-09-06T19:56:40+00:00,Assigned stops
2026-09-06T19:56:32+00:00,Assigned stops
2026-09-06T19:55:40+00:00,Removing stops from shipment 
2026-09-06T19:55:08+00:00,Removing stops from shipment 
2026-09-06T19:54:56+00:00,Removing stops from shipment 
2026-09-06T19:54:56+00:00,Removing stops from shipment 
2026-09-06T19:54:30+00:00,Removing stops from shipment 
2026-09-06T19:54:13+00:00,Removing stops from shipment 
2026-09-06T19:53:49+00:00,Removing stops from shipment 
2026-09-06T19:53:36+00:00,Removing stops from shipment 
2026-09-06T19:53:09+00:00,Removing stops from shipment 
2026-09-06T19:52:47+00:00,Removing stops from shipment 
2026-09-06T19:52:21+00:00,Removing stops from shipment 
2026-09-06T19:51:57+00:00,Removing stops from shipment 
2026-09-06T19:51:34+00:00,Removing stops from shipment 
2026-09-06T19:49:18+00:00,Calculated route TUES SOUTH WALES in shipment COLLECTION WEEK 36 (26/08/2026)
2026-09-06T19:49:05+00:00,Assigned stops
2026-09-06T19:48:49+00:00,Assigned stops
2026-09-06T19:48:09+00:00,Assigned stops
2026-09-06T19:47:24+00:00,Assigned stops
2026-09-06T19:46:47+00:00,Calculated route CORNWALL TUES in shipment COLLECTION WEEK 36 (26/08/2026)
2026-09-06T19:46:29+00:00,Assigned stops
2026-09-06T19:45:27+00:00,Calculated route TUES SOUTH WALES in shipment COLLECTION WEEK 36 (26/08/2026)
2026-09-06T19:43:59+00:00,Calculated route TUES SOUTH WALES in shipment COLLECTION WEEK 36 (26/08/2026)
2026-09-06T19:43:56+00:00,Calculated route CORNWALL TUES in shipment COLLECTION WEEK 36 (26/08/2026)
2026-09-06T19:43:36+00:00,Assigned stops
2026-09-06T19:43:05+00:00,Assigned stops
2026-09-06T19:42:09+00:00,Assigned stops
2026-09-06T19:41:16+00:00,Assigned stops
2026-09-06T19:25:54+00:00,Calculated route London in shipment COLLECTION WEEK 36 (26/08/2026)
2026-09-06T19:14:58+00:00,Adding stops to shipment 
2026-09-06T19:03:21+00:00,Adding stops to shipment 
2026-09-06T18:56:17+00:00,Adding stops to shipment 
2026-09-06T18:43:52+00:00,Adding stops to shipment 
2026-09-06T18:40:56+00:00,Assigned stops
2026-09-06T18:39:18+00:00,Assigned stops
2026-09-06T18:37:47+00:00,Calculated route TUES SOUTH WALES in shipment COLLECTION WEEK 36 (26/08/2026)
2026-09-06T18:37:45+00:00,Attempting to calculate route TUES SOUTH WALES in shipment COLLECTION WEEK 36 (26/08/2026)
2026-09-06T18:37:10+00:00,Assigned stops
2026-09-06T18:36:18+00:00,Assigned stops
2026-09-06T18:36:16+00:00,Assigned stops
2026-09-06T18:36:14+00:00,Assigned stops
2026-09-06T18:36:11+00:00,Assigned stops
2026-09-06T18:36:09+00:00,Assigned stops
2026-09-06T18:36:05+00:00,Assigned stops
2026-09-06T18:34:22+00:00,Assigned stops
2026-09-06T18:34:20+00:00,Assigned stops
2026-09-06T18:34:17+00:00,Assigned stops
2026-09-06T18:34:15+00:00,Assigned stops
2026-09-06T18:34:13+00:00,Assigned stops
2026-09-06T18:34:11+00:00,Assigned stops
2026-09-06T18:33:56+00:00,Calculated route CORNWALL TUES in shipment COLLECTION WEEK 36 (26/08/2026)
2026-09-06T18:33:54+00:00,Attempting to calculate route CORNWALL TUES in shipment COLLECTION WEEK 36 (26/08/2026)
2026-09-06T18:33:09+00:00,Assigned stops
2026-09-06T18:32:25+00:00,Assigned stops
2026-09-06T18:32:22+00:00,Assigned stops
2026-09-06T18:32:20+00:00,Assigned stops
2026-09-06T18:32:18+00:00,Assigned stops
2026-09-06T18:32:15+00:00,Assigned stops
2026-09-06T18:32:13+00:00,Assigned stops
2026-09-06T18:32:10+00:00,Assigned stops
2026-09-06T18:32:08+00:00,Assigned stops
2026-09-06T18:32:06+00:00,Assigned stops
2026-09-06T18:32:03+00:00,Assigned stops
2026-09-06T18:32:01+00:00,Assigned stops
2026-09-06T18:31:58+00:00,Assigned stops
2026-09-06T18:31:56+00:00,Assigned stops
2026-09-06T18:31:54+00:00,Assigned stops
2026-09-06T18:31:51+00:00,Assigned stops
2026-09-06T18:31:48+00:00,Assigned stops
2026-09-06T18:31:46+00:00,Assigned stops
2026-09-06T18:11:47+00:00,Calculated route North West in shipment COLLECTION WEEK 36 (26/08/2026)
2026-09-06T18:11:45+00:00,Attempting to calculate route North West in shipment COLLECTION WEEK 36 (26/08/2026)
2026-09-06T18:11:34+00:00,Assigned stops
2026-09-06T18:11:24+00:00,Assigned stops
2026-09-06T18:11:09+00:00,Assigned stops
2026-09-06T18:11:00+00:00,Calculated route SOUTH YORKSHIRE 2 in shipment COLLECTION WEEK 36 (26/08/2026)
2026-09-06T18:10:58+00:00,Attempting to calculate route SOUTH YORKSHIRE 2 in shipment COLLECTION WEEK 36 (26/08/2026)
2026-09-06T18:10:54+00:00,Assigned stops
2026-09-06T18:10:45+00:00,Calculated route SOUTH YORKSHIRE 2 in shipment COLLECTION WEEK 36 (26/08/2026)
2026-09-06T18:10:43+00:00,Attempting to calculate route SOUTH YORKSHIRE 2 in shipment COLLECTION WEEK 36 (26/08/2026)
2026-09-06T18:10:12+00:00,Assigned stops
2026-09-06T18:09:24+00:00,Calculated route South Yorkshire in shipment COLLECTION WEEK 36 (26/08/2026)
2026-09-06T18:09:22+00:00,Attempting to calculate route South Yorkshire in shipment COLLECTION WEEK 36 (26/08/2026)
2026-09-06T18:09:19+00:00,Assigned stops
2026-09-06T18:09:11+00:00,Assigned stops
2026-09-06T18:09:08+00:00,Assigned stops
2026-09-06T18:09:05+00:00,Assigned stops
2026-09-06T18:09:02+00:00,Assigned stops
2026-09-06T18:08:57+00:00,Assigned stops
2026-09-06T18:08:53+00:00,Assigned stops
2026-09-06T18:08:49+00:00,Assigned stops
2026-09-06T18:08:46+00:00,Assigned stops
2026-09-06T18:08:42+00:00,Assigned stops
2026-09-06T18:08:35+00:00,Assigned stops
2026-09-06T18:08:32+00:00,Assigned stops
2026-09-06T18:08:29+00:00,Assigned stops
2026-09-06T18:08:25+00:00,Assigned stops
2026-09-06T18:08:22+00:00,Assigned stops
2026-09-06T18:08:16+00:00,Assigned stops
2026-09-06T18:08:05+00:00,Calculated route South Wales in shipment COLLECTION WEEK 36 (26/08/2026)
2026-09-06T18:08:03+00:00,Attempting to calculate route South Wales in shipment COLLECTION WEEK 36 (26/08/2026)
2026-09-06T18:07:47+00:00,Calculated route MERCIA in shipment COLLECTION WEEK 36 (26/08/2026)
2026-09-06T18:07:45+00:00,Attempting to calculate route MERCIA in shipment COLLECTION WEEK 36 (26/08/2026)
2026-09-06T18:07:39+00:00,Assigned stops
2026-09-06T18:07:28+00:00,Assigned stops
2026-09-06T18:07:20+00:00,Calculated route MERCIA in shipment COLLECTION WEEK 36 (26/08/2026)
2026-09-06T18:07:18+00:00,Attempting to calculate route MERCIA in shipment COLLECTION WEEK 36 (26/08/2026)
2026-09-06T18:07:02+00:00,Assigned stops
2026-09-06T18:06:29+00:00,Calculated route South Coast in shipment COLLECTION WEEK 36 (26/08/2026)
2026-09-06T18:06:27+00:00,Attempting to calculate route South Coast in shipment COLLECTION WEEK 36 (26/08/2026)
2026-09-06T18:06:24+00:00,Assigned stops
2026-09-06T18:06:19+00:00,Assigned stops
2026-09-06T18:06:16+00:00,Assigned stops
2026-09-06T18:06:12+00:00,Assigned stops
2026-09-06T18:06:10+00:00,Assigned stops
2026-09-06T18:06:06+00:00,Assigned stops
2026-09-06T18:06:03+00:00,Assigned stops
2026-09-06T18:05:57+00:00,Assigned stops
2026-09-06T18:05:53+00:00,Assigned stops
2026-09-06T18:05:50+00:00,Assigned stops
2026-09-06T18:05:47+00:00,Assigned stops
2026-09-06T18:05:44+00:00,Assigned stops
2026-09-06T18:05:37+00:00,Assigned stops
2026-09-06T18:05:34+00:00,Assigned stops
2026-09-06T18:05:29+00:00,Assigned stops
2026-09-06T18:05:24+00:00,Assigned stops
2026-09-06T18:05:09+00:00,Calculated route Scotland in shipment COLLECTION WEEK 36 (26/08/2026)
2026-09-06T18:05:07+00:00,Attempting to calculate route Scotland in shipment COLLECTION WEEK 36 (26/08/2026)
2026-09-06T18:04:57+00:00,Calculated route North West in shipment COLLECTION WEEK 36 (26/08/2026)
2026-09-06T18:04:56+00:00,Attempting to calculate route North West in shipment COLLECTION WEEK 36 (26/08/2026)
2026-09-06T18:04:41+00:00,Calculated route North West in shipment COLLECTION WEEK 36 (26/08/2026)
2026-09-06T18:04:39+00:00,Attempting to calculate route North West in shipment COLLECTION WEEK 36 (26/08/2026)
2026-09-06T18:04:24+00:00,Calculated route North Wales in shipment COLLECTION WEEK 36 (26/08/2026)
2026-09-06T18:04:21+00:00,Attempting to calculate route North Wales in shipment COLLECTION WEEK 36 (26/08/2026)
2026-09-06T18:04:02+00:00,Calculated route North East in shipment COLLECTION WEEK 36 (26/08/2026)
2026-09-06T18:04:00+00:00,Attempting to calculate route North East in shipment COLLECTION WEEK 36 (26/08/2026)
2026-09-06T18:03:50+00:00,Calculated route Norfolk in shipment COLLECTION WEEK 36 (26/08/2026)
2026-09-06T18:03:48+00:00,Attempting to calculate route Norfolk in shipment COLLECTION WEEK 36 (26/08/2026)
2026-09-06T18:03:18+00:00,Calculated route ESSEX in shipment COLLECTION WEEK 36 (26/08/2026)
2026-09-06T18:03:16+00:00,Attempting to calculate route ESSEX in shipment COLLECTION WEEK 36 (26/08/2026)
2026-09-06T18:02:30+00:00,Assigned stops
2026-09-06T18:02:09+00:00,Assigned stops
2026-09-06T18:01:45+00:00,Adding stops to shipment 
2026-09-06T18:01:31+00:00,Assigned stops
2026-09-06T18:01:26+00:00,Assigned stops
2026-09-06T18:01:23+00:00,Assigned stops
2026-09-06T18:01:18+00:00,Assigned stops
2026-09-06T18:01:14+00:00,Assigned stops
2026-09-06T18:01:11+00:00,Assigned stops
2026-09-06T18:00:50+00:00,Calculated route LONDON 2   in shipment COLLECTION WEEK 36 (26/08/2026)
2026-09-06T18:00:47+00:00,Attempting to calculate route LONDON 2   in shipment COLLECTION WEEK 36 (26/08/2026)
2026-09-06T18:00:20+00:00,Assigned stops
2026-09-06T17:59:39+00:00,Assigned stops
2026-09-06T17:58:47+00:00,Calculated route London in shipment COLLECTION WEEK 36 (26/08/2026)
2026-09-06T17:58:45+00:00,Attempting to calculate route London in shipment COLLECTION WEEK 36 (26/08/2026)
2026-09-06T17:58:24+00:00,Calculated route London in shipment COLLECTION WEEK 36 (26/08/2026)
2026-09-06T17:58:22+00:00,Attempting to calculate route London in shipment COLLECTION WEEK 36 (26/08/2026)
2026-09-06T17:58:18+00:00,Assigned stops
2026-09-06T17:58:09+00:00,Assigned stops
2026-09-06T17:58:04+00:00,Assigned stops
2026-09-06T17:58:00+00:00,Assigned stops
2026-09-06T17:57:54+00:00,Assigned stops
2026-09-06T17:57:49+00:00,Assigned stops
2026-09-06T17:57:45+00:00,Assigned stops
2026-09-06T17:57:39+00:00,Assigned stops
2026-09-06T17:57:35+00:00,Assigned stops
2026-09-06T17:57:32+00:00,Assigned stops
2026-09-06T17:57:29+00:00,Assigned stops
2026-09-06T17:57:19+00:00,Assigned stops
2026-09-06T17:57:15+00:00,Assigned stops
2026-09-06T17:57:10+00:00,Assigned stops
2026-09-06T17:57:03+00:00,Assigned stops
2026-09-06T17:56:56+00:00,Assigned stops
2026-09-06T17:56:53+00:00,Assigned stops
2026-09-06T17:56:44+00:00,Assigned stops
2026-09-06T17:56:36+00:00,Assigned stops
2026-09-06T17:56:26+00:00,Assigned stops
2026-09-06T17:56:20+00:00,Assigned stops
2026-09-06T17:56:05+00:00,Removing stops from shipment 
2026-09-06T17:55:49+00:00,Assigned stops
2026-09-06T17:55:44+00:00,Assigned stops
2026-09-06T17:55:24+00:00,Calculated route Cumbria in shipment COLLECTION WEEK 36 (26/08/2026)
2026-09-06T17:55:22+00:00,Attempting to calculate route Cumbria in shipment COLLECTION WEEK 36 (26/08/2026)
2026-09-06T17:55:16+00:00,Assigned stops
2026-09-06T17:55:11+00:00,Assigned stops
2026-09-06T17:55:06+00:00,Assigned stops
2026-09-06T17:54:58+00:00,Assigned stops
2026-09-06T17:54:56+00:00,Assigned stops
2026-09-06T17:54:44+00:00,Calculated route Cornwall in shipment COLLECTION WEEK 36 (26/08/2026)
2026-09-06T17:54:42+00:00,Attempting to calculate route Cornwall in shipment COLLECTION WEEK 36 (26/08/2026)
2026-09-06T17:54:25+00:00,Assigned stops
2026-09-06T17:54:18+00:00,Assigned stops
2026-09-06T17:54:00+00:00,Adding stops to shipment 
2026-09-06T17:53:16+00:00,Assigned stops
2026-09-06T17:52:45+00:00,Calculated route Birmingham in shipment COLLECTION WEEK 36 (26/08/2026)
2026-09-06T17:52:43+00:00,Attempting to calculate route Birmingham in shipment COLLECTION WEEK 36 (26/08/2026)
2026-09-06T17:52:32+00:00,Assigned stops
2026-09-06T17:52:23+00:00,Assigned stops
2026-09-06T17:52:18+00:00,Assigned stops
2026-09-06T17:52:04+00:00,Assigned stops
2026-09-06T17:51:56+00:00,Assigned stops
2026-09-06T17:51:47+00:00,Assigned stops
2026-09-06T17:51:37+00:00,Assigned stops
2026-09-06T17:51:27+00:00,Assigned stops
2026-09-06T17:51:18+00:00,Assigned stops
2026-09-06T17:51:07+00:00,Assigned stops
2026-09-06T17:50:58+00:00,Assigned stops
2026-09-06T17:50:49+00:00,Assigned stops
2026-09-06T17:50:40+00:00,Assigned stops
2026-09-06T17:50:31+00:00,Assigned stops
2026-09-06T17:50:21+00:00,Assigned stops
2026-09-06T17:50:13+00:00,Assigned stops
2026-09-06T17:50:05+00:00,Assigned stops
2026-09-06T17:49:55+00:00,Assigned stops
2026-09-06T17:49:46+00:00,Assigned stops
2026-09-06T17:49:37+00:00,Assigned stops
2026-09-06T17:49:27+00:00,Assigned stops
2026-09-06T17:49:17+00:00,Assigned stops
2026-09-06T17:33:48+00:00,Assigned stops
2026-09-06T17:33:35+00:00,Assigned stops
2026-09-06T17:33:26+00:00,Assigned stops
2026-09-06T17:33:17+00:00,Assigned stops
2026-09-06T17:33:08+00:00,Assigned stops
2026-09-06T17:32:59+00:00,Assigned stops
2026-09-06T17:32:39+00:00,Assigned stops
2026-09-06T17:32:28+00:00,Assigned stops
2026-09-06T17:32:14+00:00,Assigned stops
2026-09-06T17:32:05+00:00,Assigned stops
2026-09-06T17:31:55+00:00,Assigned stops
2026-09-06T17:31:47+00:00,Assigned stops
2026-09-06T17:31:39+00:00,Assigned stops
2026-09-06T17:31:32+00:00,Assigned stops
2026-09-06T17:31:23+00:00,Assigned stops
2026-09-06T17:31:12+00:00,Assigned stops
